{"type": "FeatureCollection", "features": [{"type": "Feature", "id": 343, "geometry": {"type": "Polygon", "coordinates": [[[57.88873671099083, 23.644824350012417], [57.88848467298336, 23.644870770830515], [57.88842643096446, 23.644602416297232], [57.888681578906585, 23.644547216757402], [57.88873671099083, 23.644824350012417]]]}, "properties": {"OBJECTID": 343, "Shape_Length": 114.44461123211123, "Shape_Area": 813.6396968666512, "Field_ID": "FI_001", "Gov_Name": "North Al Batinah", "Wil_Name": "Barka", "Pl_Type_EN": "Sidr", "Pl_Type_AR": "السدر", "Tree_Count": 22, "SurveyDate": 1784505600000, "Latitude": 23.64471064, "Longitude": 57.88858287}}, {"type": "Feature", "id": 344, "geometry": {"type": "Polygon", "coordinates": [[[57.88754173349809, 23.645530254874096], [57.88699790937704, 23.645623304324218], [57.88699177988587, 23.645589874154428], [57.88753746003191, 23.645502669526728], [57.88754173349809, 23.645530254874096]]]}, "properties": {"OBJECTID": 344, "Shape_Length": 119.74620260596481, "Shape_Area": 192.9781601735687, "Field_ID": "FI_003", "Gov_Name": "North Al Batinah", "Wil_Name": "Barka", "Pl_Type_EN": "Sidr", "Pl_Type_AR": "السدر", "Tree_Count": 13, "SurveyDate": 1784505600000, "Latitude": 23.645563, "Longitude": 57.88725832}}, {"type": "Feature", "id": 345, "geometry": {"type": "Polygon", "coordinates": [[[57.88746986194462, 23.645158650506495], [57.887392795569795, 23.644780940394195], [57.88760614329634, 23.644731891430684], [57.88768834048043, 23.64509879601669], [57.88763591584833, 23.64510457401444], [57.88763862250147, 23.645142901011706], [57.88746986194462, 23.645158650506495]]]}, "properties": {"OBJECTID": 345, "Shape_Length": 133.40012133969927, "Shape_Area": 982.9639786667337, "Field_ID": "FI_004", "Gov_Name": "North Al Batinah", "Wil_Name": "Barka", "Pl_Type_EN": "Sidr", "Pl_Type_AR": "السدر", "Tree_Count": 16, "SurveyDate": 1784505600000, "Latitude": 23.64494896, "Longitude": 57.88754002}}, {"type": "Feature", "id": 346, "geometry": {"type": "Polygon", "coordinates": [[[57.88328964068454, 23.63332967287403], [57.8831947673267, 23.632998056431695], [57.883441857680836, 23.63293351763637], [57.883535813882574, 23.633282646737637], [57.88328964068454, 23.63332967287403]]]}, "properties": {"OBJECTID": 346, "Shape_Length": 129.64051601980663, "Shape_Area": 1007.5989775299237, "Field_ID": "FI_005", "Gov_Name": "North Al Batinah", "Wil_Name": "Barka", "Pl_Type_EN": "Cactus", "Pl_Type_AR": "صبار", "Tree_Count": 135, "SurveyDate": 1784764800000, "Latitude": 23.63313513, "Longitude": 57.88336633}}, {"type": "Feature", "id": 347, "geometry": {"type": "Polygon", "coordinates": [[[57.887077428186934, 23.62884777607454], [57.886992948970494, 23.628621968173455], [57.88701225404097, 23.628612936006487], [57.88710684360699, 23.628837643794547], [57.887077428186934, 23.62884777607454]]]}, "properties": {"OBJECTID": 347, "Shape_Length": 58.542446189508155, "Shape_Area": 71.66760191101022, "Field_ID": "FI_006", "Gov_Name": "North Al Batinah", "Wil_Name": "Barka", "Pl_Type_EN": "Pomegranate", "Pl_Type_AR": "رمان", "Tree_Count": 12, "SurveyDate": 1784764800000, "Latitude": 23.6287371, "Longitude": 57.88705018}}, {"type": "Feature", "id": 348, "geometry": {"type": "Polygon", "coordinates": [[[57.88793259858483, 23.645812727128256], [57.887561245780404, 23.645891581569785], [57.887527813022885, 23.64564097339245], [57.88789667046866, 23.645605786615626], [57.88793259858483, 23.645812727128256]]]}, "properties": {"OBJECTID": 348, "Shape_Length": 127.85404424998492, "Shape_Area": 978.5348675382138, "Field_ID": "FI_007", "Gov_Name": "North Al Batinah", "Wil_Name": "Barka", "Pl_Type_EN": "Papaya", "Pl_Type_AR": "بابايا", "Tree_Count": 138, "SurveyDate": 1784505600000, "Latitude": 23.6457391, "Longitude": 57.88772395}}, {"type": "Feature", "id": 349, "geometry": {"type": "Polygon", "coordinates": [[[57.886751874033486, 23.64570009414213], [57.88745045929438, 23.64559260559993], [57.88746079359617, 23.64565127589033], [57.88728191706106, 23.645678774067225], [57.88676431844924, 23.645768444618824], [57.886751874033486, 23.64570009414213]]]}, "properties": {"OBJECTID": 349, "Shape_Length": 158.71245967396084, "Shape_Area": 504.53765267542786, "Field_ID": "FI_183", "Gov_Name": "North Al Batinah", "Wil_Name": "Barka", "Pl_Type_EN": "Citrus", "Pl_Type_AR": "حمضيات", "Tree_Count": 12, "SurveyDate": 1784505600000, "Latitude": 23.64567913, "Longitude": 57.88709651}}, {"type": "Feature", "id": 350, "geometry": {"type": "Polygon", "coordinates": [[[57.88760701877755, 23.634334981745138], [57.88758101763217, 23.634068363892517], [57.887915351137494, 23.63401134997786], [57.887928337676335, 23.634080532828296], [57.888114472202346, 23.634042812757052], [57.88816484557866, 23.634254025192664], [57.88760701877755, 23.634334981745138]]]}, "properties": {"OBJECTID": 350, "Shape_Length": 173.08403841220544, "Shape_Area": 1543.3258740398999, "Field_ID": "FI_184", "Gov_Name": "North Al Batinah", "Wil_Name": "Barka", "Pl_Type_EN": "Citrus", "Pl_Type_AR": "حمضيات", "Tree_Count": 21, "SurveyDate": 1784764800000, "Latitude": 23.63417277, "Longitude": 57.88785184}}, {"type": "Feature", "id": 351, "geometry": {"type": "Polygon", "coordinates": [[[57.88853421584207, 23.627894431458166], [57.88889580811139, 23.627740684300715], [57.88897157274813, 23.62796846938668], [57.88908842687054, 23.628376302699873], [57.88868810057885, 23.628498556412314], [57.88853421584207, 23.627894431458166]]]}, "properties": {"OBJECTID": 351, "Shape_Length": 225.43401490959104, "Shape_Area": 2961.4212587873817, "Field_ID": "FI_185", "Gov_Name": "North Al Batinah", "Wil_Name": "Barka", "Pl_Type_EN": "Mango", "Pl_Type_AR": "مانجو", "Tree_Count": 125, "SurveyDate": 1784764800000, "Latitude": 23.62812958, "Longitude": 57.88880626}}, {"type": "Feature", "id": 352, "geometry": {"type": "Polygon", "coordinates": [[[57.88352223972549, 23.642049281919384], [57.883492224173246, 23.641826047952204], [57.88373119813061, 23.641802797311772], [57.883741576585805, 23.64203158038054], [57.88352223972549, 23.642049281919384]]]}, "properties": {"OBJECTID": 352, "Shape_Length": 97.22757782686902, "Shape_Area": 589.5736141021673, "Field_ID": "FI_186", "Gov_Name": "North Al Batinah", "Wil_Name": "Barka", "Pl_Type_EN": "Mango", "Pl_Type_AR": "مانجو", "Tree_Count": 4, "SurveyDate": 1785801600000, "Latitude": 23.64192576, "Longitude": 57.88362198}}, {"type": "Feature", "id": 353, "geometry": {"type": "Polygon", "coordinates": [[[57.90073460186645, 23.642313379938376], [57.90076857605423, 23.642093535636672], [57.90069668758117, 23.642083432782787], [57.900714911769875, 23.641925348278622], [57.90116148208551, 23.641963556562054], [57.901139056973335, 23.642142053324143], [57.901127019715815, 23.642237864589962], [57.90105890493846, 23.642241398987295], [57.901044922347275, 23.642355518463003], [57.90073460186645, 23.642313379938376]]]}, "properties": {"OBJECTID": 353, "Shape_Length": 177.59605710931237, "Shape_Area": 1715.8050595732216, "Field_ID": "FI_187", "Gov_Name": "North Al Batinah", "Wil_Name": "Barka", "Pl_Type_EN": "Mango", "Pl_Type_AR": "مانجو", "Tree_Count": 55, "SurveyDate": 1785801600000, "Latitude": 23.64212521, "Longitude": 57.90092762}}, {"type": "Feature", "id": 354, "geometry": {"type": "Polygon", "coordinates": [[[57.879767782209974, 23.64868003126513], [57.87823912032562, 23.648987244429463], [57.87807932127112, 23.64850358316431], [57.878823475055626, 23.648261717594192], [57.878839403344216, 23.648310284361685], [57.8790781143846, 23.648253402512417], [57.87907091585165, 23.648228006577934], [57.87957385749682, 23.648086985768412], [57.879767782209974, 23.64868003126513]]]}, "properties": {"OBJECTID": 354, "Shape_Length": 451.91612472940244, "Shape_Area": 9994.610843805587, "Field_ID": "FI_188", "Gov_Name": "North Al Batinah", "Wil_Name": "Barka", "Pl_Type_EN": "Mango", "Pl_Type_AR": "مانجو", "Tree_Count": 126, "SurveyDate": 1785801600000, "Latitude": 23.64855719, "Longitude": 57.87893498}}, {"type": "Feature", "id": 355, "geometry": {"type": "Polygon", "coordinates": [[[57.87860369666624, 23.647713415362993], [57.87788463459486, 23.64792638536642], [57.877770246667865, 23.647583086286904], [57.87850236500799, 23.647380302291403], [57.87860369666624, 23.647713415362993]]]}, "properties": {"OBJECTID": 355, "Shape_Length": 233.0779556829877, "Shape_Area": 3024.498127582092, "Field_ID": "FI_189", "Gov_Name": "North Al Batinah", "Wil_Name": "Barka", "Pl_Type_EN": "Mango", "Pl_Type_AR": "مانجو", "Tree_Count": 39, "SurveyDate": 1785801600000, "Latitude": 23.6476511, "Longitude": 57.87818784}}, {"type": "Feature", "id": 356, "geometry": {"type": "Polygon", "coordinates": [[[57.8792358066285, 23.64803175605897], [57.87915365851333, 23.648058441705505], [57.87899340581234, 23.64762621201802], [57.879332772415125, 23.647531965582314], [57.87934813934271, 23.647575156039284], [57.87930390499156, 23.647586080893827], [57.87940270077604, 23.647880807422595], [57.87937673881906, 23.64792149197916], [57.87921492600386, 23.647986567375618], [57.8792358066285, 23.64803175605897]]]}, "properties": {"OBJECTID": 356, "Shape_Length": 168.13537665000297, "Shape_Area": 1419.8473492585335, "Field_ID": "FI_190", "Gov_Name": "North Al Batinah", "Wil_Name": "Barka", "Pl_Type_EN": "Mango", "Pl_Type_AR": "مانجو", "Tree_Count": 52, "SurveyDate": 1785801600000, "Latitude": 23.64777693, "Longitude": 57.87920627}}, {"type": "Feature", "id": 357, "geometry": {"type": "Polygon", "coordinates": [[[57.88499125312929, 23.636393982143062], [57.884892000078615, 23.635900678052213], [57.88498829797958, 23.635884814915702], [57.885084846047505, 23.63637148141845], [57.88499125312929, 23.636393982143062]]]}, "properties": {"OBJECTID": 357, "Shape_Length": 130.17056916681128, "Shape_Area": 546.6274577781093, "Field_ID": "FI_191", "Gov_Name": "North Al Batinah", "Wil_Name": "Barka", "Pl_Type_EN": "Mango", "Pl_Type_AR": "مانجو", "Tree_Count": 5, "SurveyDate": 1784764800000, "Latitude": 23.63613719, "Longitude": 57.88498887}}, {"type": "Feature", "id": 358, "geometry": {"type": "Polygon", "coordinates": [[[57.88764349194452, 23.63359459084211], [57.88751126603486, 23.63302541883977], [57.887741214721785, 23.632971757305086], [57.88790651195141, 23.632938291602567], [57.88805661807113, 23.633517514618095], [57.88764349194452, 23.63359459084211]]]}, "properties": {"OBJECTID": 358, "Shape_Length": 214.8385495829084, "Shape_Area": 2758.7363593060995, "Field_ID": "FI_192", "Gov_Name": "North Al Batinah", "Wil_Name": "Barka", "Pl_Type_EN": "Mango", "Pl_Type_AR": "مانجو", "Tree_Count": 41, "SurveyDate": 1784764800000, "Latitude": 23.63326983, "Longitude": 57.88778052}}, {"type": "Feature", "id": 359, "geometry": {"type": "Polygon", "coordinates": [[[57.88909592540125, 23.63297711834441], [57.88899992527583, 23.633005615290795], [57.88905853330489, 23.633178474737292], [57.88915123224317, 23.633155129546203], [57.88917590440742, 23.633234538140876], [57.88864959573648, 23.63336301010348], [57.8884720059592, 23.632811022991852], [57.88900515096846, 23.632684949320584], [57.88909592540125, 23.63297711834441]]]}, "properties": {"OBJECTID": 359, "Shape_Length": 258.3677707377089, "Shape_Area": 3342.045219847253, "Field_ID": "FI_193", "Gov_Name": "North Al Batinah", "Wil_Name": "Barka", "Pl_Type_EN": "Mango", "Pl_Type_AR": "مانجو", "Tree_Count": 56, "SurveyDate": 1784764800000, "Latitude": 23.63301959, "Longitude": 57.88880991}}, {"type": "Feature", "id": 360, "geometry": {"type": "Polygon", "coordinates": [[[57.89201206928521, 23.644152472556794], [57.89196466572206, 23.644158790328447], [57.89192956684337, 23.643969742001943], [57.89207324277572, 23.643943806676727], [57.892098319364734, 23.644143606463], [57.89201206928521, 23.644152472556794]]]}, "properties": {"OBJECTID": 360, "Shape_Length": 72.17569332807874, "Shape_Area": 310.74908709420424, "Field_ID": "FI_194", "Gov_Name": "North Al Batinah", "Wil_Name": "Barka", "Pl_Type_EN": "Mango", "Pl_Type_AR": "مانجو", "Tree_Count": 4, "SurveyDate": 1785801600000, "Latitude": 23.64405235, "Longitude": 57.89201676}}, {"type": "Feature", "id": 361, "geometry": {"type": "Polygon", "coordinates": [[[57.891280237339934, 23.643953816593143], [57.89105459333415, 23.64397713509942], [57.8910442130253, 23.643923031894992], [57.89127373537739, 23.64389998916897], [57.891280237339934, 23.643953816593143]]]}, "properties": {"OBJECTID": 361, "Shape_Length": 58.78937457235237, "Shape_Area": 140.91054495938235, "Field_ID": "FI_195", "Gov_Name": "North Al Batinah", "Wil_Name": "Barka", "Pl_Type_EN": "Mango", "Pl_Type_AR": "مانجو", "Tree_Count": 5, "SurveyDate": 1785801600000, "Latitude": 23.64393844, "Longitude": 57.89116295}}, {"type": "Feature", "id": 362, "geometry": {"type": "Polygon", "coordinates": [[[57.89189680636665, 23.644516726941045], [57.891780004804154, 23.64452829668079], [57.891767170269176, 23.644449904460473], [57.89188837716267, 23.6444365084213], [57.89189680636665, 23.644516726941045]]]}, "properties": {"OBJECTID": 362, "Shape_Length": 42.135028503572606, "Shape_Area": 108.08166338959893, "Field_ID": "FI_196", "Gov_Name": "North Al Batinah", "Wil_Name": "Barka", "Pl_Type_EN": "Mango", "Pl_Type_AR": "مانجو", "Tree_Count": 3, "SurveyDate": 1785801600000, "Latitude": 23.64448259, "Longitude": 57.89183322}}, {"type": "Feature", "id": 363, "geometry": {"type": "Polygon", "coordinates": [[[57.891523272681134, 23.6447041439309], [57.891499503254536, 23.644578951340723], [57.89160441214739, 23.644566769184006], [57.891619327645564, 23.64469473670534], [57.891523272681134, 23.6447041439309]]]}, "properties": {"OBJECTID": 363, "Shape_Length": 48.959757950138076, "Shape_Area": 145.99788458907048, "Field_ID": "FI_197", "Gov_Name": "North Al Batinah", "Wil_Name": "Barka", "Pl_Type_EN": "Mango", "Pl_Type_AR": "مانجو", "Tree_Count": 3, "SurveyDate": 1785801600000, "Latitude": 23.64463518, "Longitude": 57.8915616}}, {"type": "Feature", "id": 364, "geometry": {"type": "Polygon", "coordinates": [[[57.885049567599566, 23.644448893234035], [57.88501152470166, 23.6443502599841], [57.8851519672981, 23.644314135232555], [57.8851824076983, 23.64441606154757], [57.885049567599566, 23.644448893234035]]]}, "properties": {"OBJECTID": 364, "Shape_Length": 52.19576265836287, "Shape_Area": 168.07786610807116, "Field_ID": "FI_198", "Gov_Name": "North Al Batinah", "Wil_Name": "Barka", "Pl_Type_EN": "Mango", "Pl_Type_AR": "مانجو", "Tree_Count": 4, "SurveyDate": 1785801600000, "Latitude": 23.64438181, "Longitude": 57.88509884}}, {"type": "Feature", "id": 365, "geometry": {"type": "Polygon", "coordinates": [[[57.88916968953177, 23.644437165835686], [57.88921412236285, 23.644759585992915], [57.88876273167297, 23.644840931678615], [57.88868704050474, 23.644519002120767], [57.88916968953177, 23.644437165835686]]]}, "properties": {"OBJECTID": 365, "Shape_Length": 169.4259841526541, "Shape_Area": 1754.557744182186, "Field_ID": "FI_199", "Gov_Name": "North Al Batinah", "Wil_Name": "Barka", "Pl_Type_EN": "Citrus", "Pl_Type_AR": "حمضيات", "Tree_Count": 65, "SurveyDate": 1784505600000, "Latitude": 23.64463753, "Longitude": 57.88895749}}, {"type": "Feature", "id": 366, "geometry": {"type": "Polygon", "coordinates": [[[57.8892912849496, 23.64520792626099], [57.88882574250209, 23.645298741144657], [57.888736694062764, 23.644913736727293], [57.88922682068668, 23.64482979176624], [57.8892912849496, 23.64520792626099]]]}, "properties": {"OBJECTID": 366, "Shape_Length": 185.3512190279068, "Shape_Area": 2134.8132766738718, "Field_ID": "FI_200", "Gov_Name": "North Al Batinah", "Wil_Name": "Barka", "Pl_Type_EN": "Citrus", "Pl_Type_AR": "حمضيات", "Tree_Count": 96, "SurveyDate": 1784505600000, "Latitude": 23.64506127, "Longitude": 57.88901869}}, {"type": "Feature", "id": 367, "geometry": {"type": "Polygon", "coordinates": [[[57.88831211060268, 23.644969275793244], [57.88816666937817, 23.64498322062959], [57.88812250829162, 23.64461920276067], [57.888264089789146, 23.644596340247972], [57.88831211060268, 23.644969275793244]]]}, "properties": {"OBJECTID": 367, "Shape_Length": 111.71216318763767, "Shape_Area": 606.7755253241979, "Field_ID": "FI_201", "Gov_Name": "North Al Batinah", "Wil_Name": "Barka", "Pl_Type_EN": "Citrus", "Pl_Type_AR": "حمضيات", "Tree_Count": 28, "SurveyDate": 1784505600000, "Latitude": 23.64479255, "Longitude": 57.88821672}}, {"type": "Feature", "id": 368, "geometry": {"type": "Polygon", "coordinates": [[[57.884786175360816, 23.64405665218203], [57.884741646468136, 23.643909331094825], [57.88497782269096, 23.643866372206894], [57.88500833689045, 23.644009779271205], [57.884786175360816, 23.64405665218203]]]}, "properties": {"OBJECTID": 368, "Shape_Length": 80.91398478781694, "Shape_Area": 395.24721042148985, "Field_ID": "FI_202", "Gov_Name": "North Al Batinah", "Wil_Name": "Barka", "Pl_Type_EN": "Citrus", "Pl_Type_AR": "حمضيات", "Tree_Count": 17, "SurveyDate": 1785801600000, "Latitude": 23.64396004, "Longitude": 57.88487749}}, {"type": "Feature", "id": 369, "geometry": {"type": "Polygon", "coordinates": [[[57.884680634852586, 23.632396625268168], [57.88471578068558, 23.632592563361506], [57.884797741861554, 23.632981845791896], [57.884206347745376, 23.633078776637777], [57.88409294285888, 23.63250696326691], [57.884680634852586, 23.632396625268168]]]}, "properties": {"OBJECTID": 369, "Shape_Length": 252.70775856147148, "Shape_Area": 3973.5161180330697, "Field_ID": "FI_203", "Gov_Name": "North Al Batinah", "Wil_Name": "Barka", "Pl_Type_EN": "Citrus", "Pl_Type_AR": "حمضيات", "Tree_Count": 89, "SurveyDate": 1784764800000, "Latitude": 23.63274122, "Longitude": 57.88444462}}, {"type": "Feature", "id": 370, "geometry": {"type": "Polygon", "coordinates": [[[57.88594416539555, 23.632074588159455], [57.88398250275129, 23.632437505367182], [57.883967022960064, 23.63237130513862], [57.885026302393676, 23.63217687796769], [57.885929326563755, 23.632011122982743], [57.88594416539555, 23.632074588159455]]]}, "properties": {"OBJECTID": 370, "Shape_Length": 422.89135699520557, "Shape_Area": 1498.5389385562653, "Field_ID": "FI_204", "Gov_Name": "North Al Batinah", "Wil_Name": "Barka", "Pl_Type_EN": "Citrus", "Pl_Type_AR": "حمضيات", "Tree_Count": 29, "SurveyDate": 1784764800000, "Latitude": 23.6322249, "Longitude": 57.88494886}}, {"type": "Feature", "id": 371, "geometry": {"type": "Polygon", "coordinates": [[[57.88094873602509, 23.632896101157982], [57.88088532245704, 23.63242974950949], [57.881539461357654, 23.632308754971035], [57.88155232904901, 23.632355882112787], [57.88164235685954, 23.63277988021376], [57.88094873602509, 23.632896101157982]]]}, "properties": {"OBJECTID": 371, "Shape_Length": 245.22742475602203, "Shape_Area": 3685.8085630322703, "Field_ID": "FI_205", "Gov_Name": "North Al Batinah", "Wil_Name": "Barka", "Pl_Type_EN": "Citrus", "Pl_Type_AR": "حمضيات", "Tree_Count": 49, "SurveyDate": 1784764800000, "Latitude": 23.63260532, "Longitude": 57.88125632}}, {"type": "Feature", "id": 372, "geometry": {"type": "Polygon", "coordinates": [[[57.88852436526921, 23.629667873906932], [57.888564483981895, 23.62983589184019], [57.88828369798606, 23.629897088314628], [57.88824247437424, 23.629732059890912], [57.88852436526921, 23.629667873906932]]]}, "properties": {"OBJECTID": 372, "Shape_Length": 96.85182748730583, "Shape_Area": 557.941117310171, "Field_ID": "FI_206", "Gov_Name": "North Al Batinah", "Wil_Name": "Barka", "Pl_Type_EN": "Citrus", "Pl_Type_AR": "حمضيات", "Tree_Count": 58, "SurveyDate": 1784764800000, "Latitude": 23.62978306, "Longitude": 57.8884041}}, {"type": "Feature", "id": 373, "geometry": {"type": "Polygon", "coordinates": [[[57.88898128509632, 23.630584424465734], [57.88880050587012, 23.629860706357455], [57.88873667456546, 23.629605167173146], [57.888670798149235, 23.629364233536002], [57.88968135874732, 23.629119750713166], [57.89013687644561, 23.630313112412132], [57.88898128509632, 23.630584424465734]]]}, "properties": {"OBJECTID": 373, "Shape_Length": 507.0603374569314, "Shape_Area": 15846.46942663017, "Field_ID": "FI_207", "Gov_Name": "North Al Batinah", "Wil_Name": "Barka", "Pl_Type_EN": "Citrus", "Pl_Type_AR": "حمضيات", "Tree_Count": 291, "SurveyDate": 1784764800000, "Latitude": 23.62985852, "Longitude": 57.88937347}}, {"type": "Feature", "id": 374, "geometry": {"type": "Polygon", "coordinates": [[[57.88803087836757, 23.63135357584006], [57.88726555428618, 23.631472194225687], [57.887265344453446, 23.631471169392952], [57.88726262869601, 23.631457891658258], [57.88724525370008, 23.631372965783672], [57.88719803106868, 23.631125261045494], [57.887187959824594, 23.631069474813053], [57.88712492353611, 23.630743139537707], [57.88706127941387, 23.630747679863372], [57.88691269985756, 23.62993121725305], [57.88693751345595, 23.629925234408702], [57.88695895181682, 23.62992012257364], [57.88727052712763, 23.629844941588356], [57.88768942514626, 23.62974393947053], [57.88773877423178, 23.62973204015422], [57.88776304260256, 23.629726188553548], [57.88803087836757, 23.63135357584006]]]}, "properties": {"OBJECTID": 374, "Shape_Length": 531.2343138186308, "Shape_Area": 15092.703556208298, "Field_ID": "FI_208", "Gov_Name": "North Al Batinah", "Wil_Name": "Barka", "Pl_Type_EN": "Citrus", "Pl_Type_AR": "حمضيات", "Tree_Count": 225, "SurveyDate": 1784764800000, "Latitude": 23.63060009, "Longitude": 57.88748957}}, {"type": "Feature", "id": 375, "geometry": {"type": "Polygon", "coordinates": [[[57.888782366066884, 23.629077342973478], [57.88867919294579, 23.62867541206867], [57.88882598807639, 23.628617528757488], [57.88897692568257, 23.62848105508799], [57.889115745845544, 23.628987015957943], [57.888782366066884, 23.629077342973478]]]}, "properties": {"OBJECTID": 375, "Shape_Length": 176.82150098307343, "Shape_Area": 1748.635983601699, "Field_ID": "FI_209", "Gov_Name": "North Al Batinah", "Wil_Name": "Barka", "Pl_Type_EN": "Citrus", "Pl_Type_AR": "حمضيات", "Tree_Count": 133, "SurveyDate": 1784764800000, "Latitude": 23.62881098, "Longitude": 57.88889746}}, {"type": "Feature", "id": 376, "geometry": {"type": "Polygon", "coordinates": [[[57.88714027691513, 23.629015764729818], [57.887077428186934, 23.62884777607454], [57.88710684360699, 23.628837643794547], [57.88717211988653, 23.62900771126571], [57.88714027691513, 23.629015764729818]]]}, "properties": {"OBJECTID": 376, "Shape_Length": 46.218240643215196, "Shape_Area": 65.05372414679887, "Field_ID": "FI_210", "Gov_Name": "North Al Batinah", "Wil_Name": "Barka", "Pl_Type_EN": "Citrus", "Pl_Type_AR": "حمضيات", "Tree_Count": 7, "SurveyDate": 1784764800000, "Latitude": 23.62892789, "Longitude": 57.88712446}}, {"type": "Feature", "id": 377, "geometry": {"type": "Polygon", "coordinates": [[[57.88864959573648, 23.63336301010348], [57.88805661807113, 23.633517514618095], [57.88790651195141, 23.632938291602567], [57.887741214721785, 23.632971757305086], [57.88768167156366, 23.63267591512877], [57.888127959350754, 23.63257774539927], [57.888192870480474, 23.632877029443616], [57.88828795054489, 23.63285454633376], [57.8884720059592, 23.632811022991852], [57.88864959573648, 23.63336301010348]]]}, "properties": {"OBJECTID": 377, "Shape_Length": 353.11011854699296, "Shape_Area": 5530.506109574254, "Field_ID": "FI_211", "Gov_Name": "North Al Batinah", "Wil_Name": "Barka", "Pl_Type_EN": "Citrus", "Pl_Type_AR": "حمضيات", "Tree_Count": 123, "SurveyDate": 1784764800000, "Latitude": 23.63305124, "Longitude": 57.88817513}}, {"type": "Feature", "id": 378, "geometry": {"type": "Polygon", "coordinates": [[[57.884489634946206, 23.64379264504289], [57.88369265457158, 23.643932959318885], [57.883669847641414, 23.64383448454718], [57.883688539387386, 23.64383026215885], [57.88365084614642, 23.64366452260833], [57.88423705164785, 23.643566864653085], [57.8842549742091, 23.643691850732864], [57.88446866741393, 23.6436621813146], [57.884489634946206, 23.64379264504289]]]}, "properties": {"OBJECTID": 378, "Shape_Length": 225.98949750145448, "Shape_Area": 2126.271117650807, "Field_ID": "FI_212", "Gov_Name": "North Al Batinah", "Wil_Name": "Barka", "Pl_Type_EN": "Citrus", "Pl_Type_AR": "حمضيات", "Tree_Count": 104, "SurveyDate": 1785801600000, "Latitude": 23.64374818, "Longitude": 57.88402781}}, {"type": "Feature", "id": 379, "geometry": {"type": "Polygon", "coordinates": [[[57.8858617608788, 23.63334798274968], [57.885807678312375, 23.63315764637028], [57.8860534954728, 23.633104965182625], [57.8860936592478, 23.633304002003527], [57.8858617608788, 23.63334798274968]]]}, "properties": {"OBJECTID": 379, "Shape_Length": 94.09514380647768, "Shape_Area": 550.9329235588602, "Field_ID": "FI_213", "Gov_Name": "North Al Batinah", "Wil_Name": "Barka", "Pl_Type_EN": "Citrus", "Pl_Type_AR": "حمضيات", "Tree_Count": 22, "SurveyDate": 1784764800000, "Latitude": 23.6332275, "Longitude": 57.88595447}}, {"type": "Feature", "id": 380, "geometry": {"type": "Polygon", "coordinates": [[[57.885279302064916, 23.62928639716332], [57.88558017054889, 23.630169780158234], [57.885573155097, 23.63017148299378], [57.88556028984541, 23.63017460563128], [57.88554680493114, 23.630177275689736], [57.88458265176957, 23.63036820027417], [57.88431369231993, 23.629453525361996], [57.88482373906008, 23.62934277977356], [57.88483699099475, 23.62939196464342], [57.885279302064916, 23.62928639716332]]]}, "properties": {"OBJECTID": 380, "Shape_Length": 417.2132478534833, "Shape_Area": 10551.744810886856, "Field_ID": "FI_214", "Gov_Name": "North Al Batinah", "Wil_Name": "Barka", "Pl_Type_EN": "Citrus", "Pl_Type_AR": "حمضيات", "Tree_Count": 187, "SurveyDate": 1784764800000, "Latitude": 23.6298237, "Longitude": 57.88493581}}, {"type": "Feature", "id": 381, "geometry": {"type": "Polygon", "coordinates": [[[57.87810265071246, 23.646223982417432], [57.87748614081367, 23.646428713218196], [57.8772357106019, 23.645744733065776], [57.877858638280316, 23.645543335002113], [57.87810265071246, 23.646223982417432]]]}, "properties": {"OBJECTID": 381, "Shape_Length": 293.4662792160018, "Shape_Area": 5342.157705520952, "Field_ID": "FI_215", "Gov_Name": "North Al Batinah", "Wil_Name": "Barka", "Pl_Type_EN": "Citrus", "Pl_Type_AR": "حمضيات", "Tree_Count": 104, "SurveyDate": 1785801600000, "Latitude": 23.64598488, "Longitude": 57.87767026}}, {"type": "Feature", "id": 382, "geometry": {"type": "Polygon", "coordinates": [[[57.87865855444858, 23.645292937527387], [57.878775592215426, 23.64557789702906], [57.87805145155596, 23.645810845290043], [57.877954470366454, 23.645522584270847], [57.87865855444858, 23.645292937527387]]]}, "properties": {"OBJECTID": 382, "Shape_Length": 221.56536724824252, "Shape_Area": 2590.9147657726985, "Field_ID": "FI_216", "Gov_Name": "North Al Batinah", "Wil_Name": "Barka", "Pl_Type_EN": "Citrus", "Pl_Type_AR": "حمضيات", "Tree_Count": 16, "SurveyDate": 1785801600000, "Latitude": 23.64555151, "Longitude": 57.87836085}}, {"type": "Feature", "id": 383, "geometry": {"type": "Polygon", "coordinates": [[[57.87825553763423, 23.647061214466596], [57.87833996672963, 23.647303005434242], [57.87789270093281, 23.647426788284957], [57.87780623101332, 23.647205238436726], [57.87825553763423, 23.647061214466596]]]}, "properties": {"OBJECTID": 383, "Shape_Length": 150.34588836301043, "Shape_Area": 1302.0487719066552, "Field_ID": "FI_217", "Gov_Name": "North Al Batinah", "Wil_Name": "Barka", "Pl_Type_EN": "Citrus", "Pl_Type_AR": "حمضيات", "Tree_Count": 25, "SurveyDate": 1785801600000, "Latitude": 23.64724784, "Longitude": 57.87807632}}, {"type": "Feature", "id": 384, "geometry": {"type": "Polygon", "coordinates": [[[57.878916559718604, 23.64760307510146], [57.87862920952165, 23.647691044902274], [57.878400384635285, 23.647001630092905], [57.879103800459816, 23.646810620163485], [57.8792248469956, 23.647163553712023], [57.87887088491042, 23.647281069515188], [57.87879529954966, 23.647305150877322], [57.878916559718604, 23.64760307510146]]]}, "properties": {"OBJECTID": 384, "Shape_Length": 308.24603949920026, "Shape_Area": 4275.076897995984, "Field_ID": "FI_218", "Gov_Name": "North Al Batinah", "Wil_Name": "Barka", "Pl_Type_EN": "Citrus", "Pl_Type_AR": "حمضيات", "Tree_Count": 71, "SurveyDate": 1785801600000, "Latitude": 23.64719269, "Longitude": 57.87878723}}, {"type": "Feature", "id": 385, "geometry": {"type": "Polygon", "coordinates": [[[57.88699790937704, 23.645623304324218], [57.8867272503564, 23.645669227322976], [57.88672042084694, 23.645636952719688], [57.88699177988587, 23.645589874154428], [57.88699790937704, 23.645623304324218]]]}, "properties": {"OBJECTID": 385, "Shape_Length": 63.630152382652696, "Shape_Area": 103.94948236377101, "Field_ID": "FI_219", "Gov_Name": "North Al Batinah", "Wil_Name": "Barka", "Pl_Type_EN": "Citrus", "Pl_Type_AR": "حمضيات", "Tree_Count": 6, "SurveyDate": 1784505600000, "Latitude": 23.64562971, "Longitude": 57.88686003}}, {"type": "Feature", "id": 386, "geometry": {"type": "Polygon", "coordinates": [[[57.8832361556729, 23.630834505724078], [57.88324594661164, 23.63088704594926], [57.88306737235656, 23.630924781208527], [57.88292403472608, 23.63095521115837], [57.88290899016625, 23.63089898595428], [57.8832361556729, 23.630834505724078]]]}, "properties": {"OBJECTID": 386, "Shape_Length": 80.13710031340426, "Shape_Area": 208.49872020761708, "Field_ID": "FI_221", "Gov_Name": "North Al Batinah", "Wil_Name": "Barka", "Pl_Type_EN": "Fig", "Pl_Type_AR": "تين", "Tree_Count": 26, "SurveyDate": 1784764800000, "Latitude": 23.63089432, "Longitude": 57.88307651}}, {"type": "Feature", "id": 387, "geometry": {"type": "Polygon", "coordinates": [[[57.8843028986121, 23.629599295414184], [57.88434874450128, 23.62975135492005], [57.88343149456438, 23.629994727368217], [57.8833975605322, 23.629871031537313], [57.8843028986121, 23.629599295414184]]]}, "properties": {"OBJECTID": 387, "Shape_Length": 226.10212471695036, "Shape_Area": 1535.1638142294005, "Field_ID": "FI_222", "Gov_Name": "North Al Batinah", "Wil_Name": "Barka", "Pl_Type_EN": "Fig", "Pl_Type_AR": "تين", "Tree_Count": 74, "SurveyDate": 1784764800000, "Latitude": 23.62979958, "Longitude": 57.88388634}}, {"type": "Feature", "id": 388, "geometry": {"type": "Polygon", "coordinates": [[[57.88812173354186, 23.628682292047017], [57.887989224363714, 23.628129016134714], [57.8882279490044, 23.628024654279592], [57.88853421584207, 23.627894431458166], [57.88868810057885, 23.628498556412314], [57.88812173354186, 23.628682292047017]]]}, "properties": {"OBJECTID": 388, "Shape_Length": 254.05512307453918, "Shape_Area": 3975.2841804779077, "Field_ID": "FI_223", "Gov_Name": "North Al Batinah", "Wil_Name": "Barka", "Pl_Type_EN": "Fig", "Pl_Type_AR": "تين", "Tree_Count": 148, "SurveyDate": 1784764800000, "Latitude": 23.6282998, "Longitude": 57.88833769}}, {"type": "Feature", "id": 389, "geometry": {"type": "Polygon", "coordinates": [[[57.89849335826415, 23.63743154027456], [57.89849196684604, 23.637368299367292], [57.8987915225546, 23.637365236942948], [57.89879198759317, 23.63743334872572], [57.89849335826415, 23.63743154027456]]]}, "properties": {"OBJECTID": 389, "Shape_Length": 75.56515712677687, "Shape_Area": 221.85748518511383, "Field_ID": "FI_224", "Gov_Name": "North Al Batinah", "Wil_Name": "Barka", "Pl_Type_EN": "Coconut", "Pl_Type_AR": "جوز الهند", "Tree_Count": 13, "SurveyDate": 1785801600000, "Latitude": 23.63739958, "Longitude": 57.89864406}}, {"type": "Feature", "id": 390, "geometry": {"type": "Polygon", "coordinates": [[[57.898829536087554, 23.637377843830993], [57.899495451882316, 23.637381944030224], [57.89949488403297, 23.637439446538494], [57.89882801122089, 23.637435793552665], [57.898829536087554, 23.637377843830993]]]}, "properties": {"OBJECTID": 390, "Shape_Length": 148.73835752558853, "Shape_Area": 434.5063975795289, "Field_ID": "FI_225", "Gov_Name": "North Al Batinah", "Wil_Name": "Barka", "Pl_Type_EN": "Coconut", "Pl_Type_AR": "جوز الهند", "Tree_Count": 30, "SurveyDate": 1785801600000, "Latitude": 23.63740876, "Longitude": 57.89916154}}, {"type": "Feature", "id": 391, "geometry": {"type": "Polygon", "coordinates": [[[57.900033033720675, 23.637379882118534], [57.90003380727708, 23.63741903475189], [57.89952630824299, 23.637420580793194], [57.8995265213585, 23.637380894061966], [57.900033033720675, 23.637379882118534]]]}, "properties": {"OBJECTID": 391, "Shape_Length": 112.16415649367161, "Shape_Area": 225.72552865929015, "Field_ID": "FI_226", "Gov_Name": "North Al Batinah", "Wil_Name": "Barka", "Pl_Type_EN": "Coconut", "Pl_Type_AR": "جوز الهند", "Tree_Count": 9, "SurveyDate": 1785801600000, "Latitude": 23.63740011, "Longitude": 57.89977935}}, {"type": "Feature", "id": 392, "geometry": {"type": "Polygon", "coordinates": [[[57.89847090679921, 23.637546154868595], [57.89846959370585, 23.637469682598663], [57.89943152479558, 23.637479040651822], [57.8994336958654, 23.637551149104045], [57.89847090679921, 23.637546154868595]]]}, "properties": {"OBJECTID": 392, "Shape_Length": 212.7922291652974, "Shape_Area": 807.3103512611897, "Field_ID": "FI_227", "Gov_Name": "North Al Batinah", "Wil_Name": "Barka", "Pl_Type_EN": "Coconut", "Pl_Type_AR": "جوز الهند", "Tree_Count": 38, "SurveyDate": 1785801600000, "Latitude": 23.63751148, "Longitude": 57.89894671}}, {"type": "Feature", "id": 393, "geometry": {"type": "Polygon", "coordinates": [[[57.899971223314274, 23.637557233622008], [57.8994336958654, 23.637551149104045], [57.89943257224706, 23.637513825657972], [57.899970279784384, 23.637520749110116], [57.899971223314274, 23.637557233622008]]]}, "properties": {"OBJECTID": 393, "Shape_Length": 117.86310733569132, "Shape_Area": 223.9988947541501, "Field_ID": "FI_228", "Gov_Name": "North Al Batinah", "Wil_Name": "Barka", "Pl_Type_EN": "Coconut", "Pl_Type_AR": "جوز الهند", "Tree_Count": 7, "SurveyDate": 1785801600000, "Latitude": 23.63753573, "Longitude": 57.89970093}}, {"type": "Feature", "id": 394, "geometry": {"type": "Polygon", "coordinates": [[[57.885027517943435, 23.632036557376008], [57.88472830478513, 23.63207889183853], [57.88471811243929, 23.632030618923093], [57.885019895949036, 23.631990477234844], [57.885027517943435, 23.632036557376008]]]}, "properties": {"OBJECTID": 394, "Shape_Length": 72.58956780600322, "Shape_Area": 164.26261233183808, "Field_ID": "FI_229", "Gov_Name": "North Al Batinah", "Wil_Name": "Barka", "Pl_Type_EN": "Banana", "Pl_Type_AR": "موز", "Tree_Count": 19, "SurveyDate": 1784764800000, "Latitude": 23.63203429, "Longitude": 57.88487214}}, {"type": "Feature", "id": 395, "geometry": {"type": "Polygon", "coordinates": [[[57.882918376729116, 23.63200415779954], [57.882887983369066, 23.631902514105526], [57.883065988750566, 23.63185663812056], [57.88309494244822, 23.631962275788293], [57.882918376729116, 23.63200415779954]]]}, "properties": {"OBJECTID": 395, "Shape_Length": 61.190219464617435, "Shape_Area": 222.22811896144157, "Field_ID": "FI_230", "Gov_Name": "North Al Batinah", "Wil_Name": "Barka", "Pl_Type_EN": "Banana", "Pl_Type_AR": "موز", "Tree_Count": 30, "SurveyDate": 1784764800000, "Latitude": 23.63193116, "Longitude": 57.88299227}}, {"type": "Feature", "id": 396, "geometry": {"type": "Polygon", "coordinates": [[[57.8869786870714, 23.629397981944205], [57.88689628879762, 23.629146695534274], [57.887176940169574, 23.629047891377507], [57.88725711486468, 23.629309550030325], [57.887219797124516, 23.629320998333], [57.8869786870714, 23.629397981944205]]]}, "properties": {"OBJECTID": 396, "Shape_Length": 119.85893422563967, "Shape_Area": 895.072556348634, "Field_ID": "FI_231", "Gov_Name": "North Al Batinah", "Wil_Name": "Barka", "Pl_Type_EN": "Banana", "Pl_Type_AR": "موز", "Tree_Count": 105, "SurveyDate": 1784764800000, "Latitude": 23.6292248, "Longitude": 57.88707788}}, {"type": "Feature", "id": 397, "geometry": {"type": "Polygon", "coordinates": [[[57.88803030993683, 23.645155255763935], [57.888026670247285, 23.645034326883945], [57.888107586689145, 23.64503082871694], [57.888109422664385, 23.64509367795274], [57.88814283040001, 23.645093053071488], [57.88814512429066, 23.6451541646431], [57.88803030993683, 23.645155255763935]]]}, "properties": {"OBJECTID": 397, "Shape_Length": 50.50807741810337, "Shape_Area": 135.01002513904558, "Field_ID": "FI_232", "Gov_Name": "North Al Batinah", "Wil_Name": "Barka", "Pl_Type_EN": "Banana", "Pl_Type_AR": "موز", "Tree_Count": 5, "SurveyDate": 1784505600000, "Latitude": 23.6450989, "Longitude": 57.88807906}}, {"type": "Feature", "id": 398, "geometry": {"type": "Polygon", "coordinates": [[[57.88423222340321, 23.631965750585824], [57.88405046721069, 23.631304406936415], [57.88396614231004, 23.631319837207258], [57.88391791964921, 23.631121876161643], [57.88407174147096, 23.631089651405667], [57.88412082051425, 23.6312978841108], [57.88426442393603, 23.631907160807728], [57.88427650362503, 23.631958410779756], [57.88423222340321, 23.631965750585824]]]}, "properties": {"OBJECTID": 398, "Shape_Length": 225.87981960346588, "Shape_Area": 806.7576009236175, "Field_ID": "FI_233", "Gov_Name": "North Al Batinah", "Wil_Name": "Barka", "Pl_Type_EN": "Banana", "Pl_Type_AR": "موز", "Tree_Count": 47, "SurveyDate": 1784764800000, "Latitude": 23.6314256, "Longitude": 57.88409842}}, {"type": "Feature", "id": 399, "geometry": {"type": "Polygon", "coordinates": [[[57.885055267665244, 23.63035200997694], [57.8850401524575, 23.63030275357492], [57.885075803391615, 23.630294840479905], [57.88508317985918, 23.630313302222063], [57.885139155894635, 23.6302998756367], [57.88514718688154, 23.630332725205157], [57.885055267665244, 23.63035200997694]]]}, "properties": {"OBJECTID": 399, "Shape_Length": 30.83176693944836, "Shape_Area": 43.16081505296285, "Field_ID": "FI_234", "Gov_Name": "North Al Batinah", "Wil_Name": "Barka", "Pl_Type_EN": "Banana", "Pl_Type_AR": "موز", "Tree_Count": 8, "SurveyDate": 1784764800000, "Latitude": 23.63032297, "Longitude": 57.88509048}}, {"type": "Feature", "id": 400, "geometry": {"type": "Polygon", "coordinates": [[[57.885179262673404, 23.6461173074676], [57.885167415261854, 23.646080165206115], [57.88521014865307, 23.646071447456187], [57.88522358617374, 23.646107107522354], [57.885179262673404, 23.6461173074676]]]}, "properties": {"OBJECTID": 400, "Shape_Length": 17.589774782442678, "Shape_Area": 19.24434102459477, "Field_ID": "FI_235", "Gov_Name": "North Al Batinah", "Wil_Name": "Barka", "Pl_Type_EN": "Banana", "Pl_Type_AR": "موز", "Tree_Count": 4, "SurveyDate": 1785801600000, "Latitude": 23.64609417, "Longitude": 57.88519505}}, {"type": "Feature", "id": 401, "geometry": {"type": "Polygon", "coordinates": [[[57.88905853330489, 23.633178474737292], [57.88899992527583, 23.633005615290795], [57.88909592540125, 23.63297711834441], [57.88915123224317, 23.633155129546203], [57.88905853330489, 23.633178474737292]]]}, "properties": {"OBJECTID": 401, "Shape_Length": 60.64336612895961, "Shape_Area": 203.62060685082227, "Field_ID": "FI_236", "Gov_Name": "North Al Batinah", "Wil_Name": "Barka", "Pl_Type_EN": "Banana", "Pl_Type_AR": "موز", "Tree_Count": 21, "SurveyDate": 1784764800000, "Latitude": 23.63307833, "Longitude": 57.88907635}}, {"type": "Feature", "id": 402, "geometry": {"type": "Polygon", "coordinates": [[[57.8847913418719, 23.64268874797228], [57.8848783340677, 23.643202237560505], [57.883326092775455, 23.643418519292908], [57.88326067446596, 23.643048477167582], [57.88357039269086, 23.643004839615283], [57.88350062825611, 23.64252913019563], [57.882935051122395, 23.64261137398818], [57.88279457464586, 23.641795843091554], [57.88294143767842, 23.641768172986446], [57.883014654736435, 23.64175437884407], [57.88306038205129, 23.641746396125328], [57.883104893802624, 23.641738872817328], [57.88325012666681, 23.641714326833952], [57.88347215644796, 23.64167680142436], [57.88352223972549, 23.642049281919384], [57.883741576585805, 23.64203158038054], [57.88373119813061, 23.641802797311772], [57.88470693267757, 23.641650908671103], [57.88480411491472, 23.642201131090705], [57.884706815762364, 23.642213559646915], [57.8847913418719, 23.64268874797228]]]}, "properties": {"OBJECTID": 402, "Shape_Length": 879.8399637327088, "Shape_Area": 28817.19951910776, "Field_ID": "FI_237", "Gov_Name": "North Al Batinah", "Wil_Name": "Barka", "Pl_Type_EN": "Grass", "Pl_Type_AR": "عشب", "Tree_Count": 0, "SurveyDate": 1785801600000, "Latitude": 23.64248267, "Longitude": 57.8839315}}, {"type": "Feature", "id": 403, "geometry": {"type": "Polygon", "coordinates": [[[57.88171328296048, 23.643098082427805], [57.881738302747294, 23.643179538645818], [57.88173546283816, 23.643182224645685], [57.88149278134432, 23.64341177283847], [57.881359132686434, 23.643468363669832], [57.88075877717297, 23.643621014604737], [57.88057024679755, 23.643054081422385], [57.880655119671, 23.642934455921964], [57.881595130429986, 23.6426843183509], [57.88171328296048, 23.643098082427805]]]}, "properties": {"OBJECTID": 403, "Shape_Length": 352.4395321507702, "Shape_Area": 8030.68562295536, "Field_ID": "FI_239", "Gov_Name": "North Al Batinah", "Wil_Name": "Barka", "Pl_Type_EN": "Grass", "Pl_Type_AR": "عشب", "Tree_Count": 0, "SurveyDate": 1785801600000, "Latitude": 23.64314875, "Longitude": 57.88115417}}, {"type": "Feature", "id": 404, "geometry": {"type": "Polygon", "coordinates": [[[57.9012763920643, 23.642761150012262], [57.90036726867498, 23.642623853805606], [57.9004548091512, 23.642050820443625], [57.90076857605423, 23.642093535636672], [57.90073460186645, 23.642313379938376], [57.901044922347275, 23.642355518463003], [57.90105890493846, 23.642241398987295], [57.901127019715815, 23.642237864589962], [57.90116148208551, 23.641963556562054], [57.90083332036239, 23.641935479855288], [57.90085532472258, 23.641779820131198], [57.90102699899568, 23.641797500822594], [57.9010704429543, 23.64154467909183], [57.90090349360646, 23.64152342685585], [57.90090766478806, 23.641501739503045], [57.900995762215594, 23.640879594099793], [57.90155368139059, 23.640916703688927], [57.9015484894773, 23.640951234094814], [57.90152898406103, 23.64108098299078], [57.901492035970335, 23.641326752869922], [57.90137342507488, 23.642115720616292], [57.9012763920643, 23.642761150012262]]]}, "properties": {"OBJECTID": 404, "Shape_Length": 746.5024958221064, "Shape_Area": 11963.463990017857, "Field_ID": "FI_240", "Gov_Name": "North Al Batinah", "Wil_Name": "Barka", "Pl_Type_EN": "Grass", "Pl_Type_AR": "عشب", "Tree_Count": 0, "SurveyDate": 1785801600000, "Latitude": 23.64188449, "Longitude": 57.90106081}}, {"type": "Feature", "id": 405, "geometry": {"type": "Polygon", "coordinates": [[[57.900907918113106, 23.641041598338763], [57.900863861316665, 23.641306608601443], [57.900473951000606, 23.641244991981903], [57.90056958597217, 23.640987988074947], [57.900907918113106, 23.641041598338763]]]}, "properties": {"OBJECTID": 405, "Shape_Length": 135.1349677681194, "Shape_Area": 1118.7764265145186, "Field_ID": "FI_241", "Gov_Name": "North Al Batinah", "Wil_Name": "Barka", "Pl_Type_EN": "Grass", "Pl_Type_AR": "عشب", "Tree_Count": 0, "SurveyDate": 1785801600000, "Latitude": 23.64114837, "Longitude": 57.90070299}}, {"type": "Feature", "id": 406, "geometry": {"type": "Polygon", "coordinates": [[[57.90053066907313, 23.641720313811906], [57.900619947301145, 23.64132432618192], [57.90085301597486, 23.64136272837283], [57.90079206522479, 23.641749135772304], [57.90053066907313, 23.641720313811906]]]}, "properties": {"OBJECTID": 406, "Shape_Length": 139.01577815811112, "Shape_Area": 1120.7965669451855, "Field_ID": "FI_242", "Gov_Name": "North Al Batinah", "Wil_Name": "Barka", "Pl_Type_EN": "Grass", "Pl_Type_AR": "عشب", "Tree_Count": 0, "SurveyDate": 1785801600000, "Latitude": 23.64154244, "Longitude": 57.90069758}}, {"type": "Feature", "id": 407, "geometry": {"type": "Polygon", "coordinates": [[[57.90033741665107, 23.643488496212903], [57.90118891199177, 23.643585496259316], [57.9011600759968, 23.64387813348754], [57.90029231287612, 23.64405531385199], [57.90033741665107, 23.643488496212903]]]}, "properties": {"OBJECTID": 407, "Shape_Length": 273.6341098377884, "Shape_Area": 4155.131776572736, "Field_ID": "FI_243", "Gov_Name": "North Al Batinah", "Wil_Name": "Barka", "Pl_Type_EN": "Grass", "Pl_Type_AR": "عشب", "Tree_Count": 0, "SurveyDate": 1785801600000, "Latitude": 23.64375369, "Longitude": 57.90069894}}, {"type": "Feature", "id": 408, "geometry": {"type": "Polygon", "coordinates": [[[57.89994825629576, 23.638171003966857], [57.89952535104038, 23.63817345733625], [57.899510666188355, 23.637782807631563], [57.89995144144414, 23.63778337931058], [57.89994825629576, 23.638171003966857]]]}, "properties": {"OBJECTID": 408, "Shape_Length": 174.29781893712476, "Shape_Area": 1897.9504556691236, "Field_ID": "FI_244", "Gov_Name": "North Al Batinah", "Wil_Name": "Barka", "Pl_Type_EN": "Grass", "Pl_Type_AR": "عشب", "Tree_Count": 0, "SurveyDate": 1785801600000, "Latitude": 23.63797632, "Longitude": 57.89973363}}, {"type": "Feature", "id": 409, "geometry": {"type": "Polygon", "coordinates": [[[57.886631591577824, 23.64728797345789], [57.885994742390885, 23.647436725043452], [57.88598295425653, 23.64738223031159], [57.8859717131508, 23.64733442333121], [57.88592399485394, 23.64713156080127], [57.88580549265448, 23.64662777915007], [57.885781863371115, 23.64652732243787], [57.88577784022529, 23.646510220815458], [57.88576619768705, 23.64646072351431], [57.88575958563219, 23.646432614973655], [57.8857516403143, 23.646388649402027], [57.88566843663851, 23.645928210835386], [57.88554113103661, 23.64595045931223], [57.88540073395471, 23.64549044110686], [57.88587408742735, 23.64535353872032], [57.88622542897051, 23.645251922925898], [57.886631591577824, 23.64728797345789]]]}, "properties": {"OBJECTID": 409, "Shape_Length": 620.8583618611932, "Shape_Area": 16548.144733919515, "Field_ID": "FI_245", "Gov_Name": "North Al Batinah", "Wil_Name": "Barka", "Pl_Type_EN": "Grass", "Pl_Type_AR": "عشب", "Tree_Count": 0, "SurveyDate": 1785801600000, "Latitude": 23.64631604, "Longitude": 57.88607244}}, {"type": "Feature", "id": 410, "geometry": {"type": "Polygon", "coordinates": [[[57.88491251409461, 23.64771064451552], [57.884291180485356, 23.646412954893865], [57.88496130778695, 23.646187086140724], [57.88537985188854, 23.647613769536335], [57.88491251409461, 23.64771064451552]]]}, "properties": {"OBJECTID": 410, "Shape_Length": 442.30640791836515, "Shape_Area": 9696.517306010051, "Field_ID": "FI_246", "Gov_Name": "North Al Batinah", "Wil_Name": "Barka", "Pl_Type_EN": "Grass", "Pl_Type_AR": "عشب", "Tree_Count": 0, "SurveyDate": 1785801600000, "Latitude": 23.64693509, "Longitude": 57.88487113}}, {"type": "Feature", "id": 411, "geometry": {"type": "Polygon", "coordinates": [[[57.8874489935128, 23.645207346554198], [57.886645488653734, 23.645331697979444], [57.88655592124751, 23.644900594165424], [57.88737854759076, 23.644801082828362], [57.8874489935128, 23.645207346554198]]]}, "properties": {"OBJECTID": 411, "Shape_Length": 261.88157361317815, "Shape_Area": 3945.5575615331245, "Field_ID": "FI_247", "Gov_Name": "North Al Batinah", "Wil_Name": "Barka", "Pl_Type_EN": "Grass", "Pl_Type_AR": "عشب", "Tree_Count": 0, "SurveyDate": 1784505600000, "Latitude": 23.64506018, "Longitude": 57.88700279}}, {"type": "Feature", "id": 412, "geometry": {"type": "Polygon", "coordinates": [[[57.88965680615114, 23.645429130263867], [57.88793259858483, 23.645812727128256], [57.88789667046866, 23.645605786615626], [57.88796094020388, 23.645590324362722], [57.88948426801955, 23.6453021661432], [57.88928590735902, 23.64447004949578], [57.889498696411174, 23.64442774171162], [57.88965680615114, 23.645429130263867]]]}, "properties": {"OBJECTID": 412, "Shape_Length": 598.0909156499997, "Shape_Area": 5464.4750406681205, "Field_ID": "FI_248", "Gov_Name": "North Al Batinah", "Wil_Name": "Barka", "Pl_Type_EN": "Grass", "Pl_Type_AR": "عشب", "Tree_Count": 0, "SurveyDate": 1784505600000, "Latitude": 23.64531266, "Longitude": 57.88897448}}, {"type": "Feature", "id": 413, "geometry": {"type": "Polygon", "coordinates": [[[57.888479991047596, 23.64517536535816], [57.8884541938627, 23.64504420740941], [57.88845181243509, 23.6450378219091], [57.88845259684533, 23.64503608960026], [57.888490037911254, 23.644953402415425], [57.8887312836998, 23.644896260181874], [57.8887732862924, 23.645123618551825], [57.888501701759, 23.645171610107194], [57.88850167579323, 23.64517153980668], [57.888479991047596, 23.64517536535816]]]}, "properties": {"OBJECTID": 413, "Shape_Length": 107.04195670282452, "Shape_Area": 730.3330625422356, "Field_ID": "FI_249", "Gov_Name": "North Al Batinah", "Wil_Name": "Barka", "Pl_Type_EN": "Grass", "Pl_Type_AR": "عشب", "Tree_Count": 0, "SurveyDate": 1784505600000, "Latitude": 23.64504127, "Longitude": 57.88861199}}, {"type": "Feature", "id": 414, "geometry": {"type": "Polygon", "coordinates": [[[57.889227501872924, 23.644818879057134], [57.888736694062764, 23.644913736727293], [57.88872809240695, 23.644877386317926], [57.88922285517052, 23.64478311655809], [57.889227501872924, 23.644818879057134]]]}, "properties": {"OBJECTID": 414, "Shape_Length": 110.79187648614956, "Shape_Area": 207.73442854305085, "Field_ID": "FI_250", "Gov_Name": "North Al Batinah", "Wil_Name": "Barka", "Pl_Type_EN": "Grass", "Pl_Type_AR": "عشب", "Tree_Count": 0, "SurveyDate": 1784505600000, "Latitude": 23.64484854, "Longitude": 57.8889773}}, {"type": "Feature", "id": 415, "geometry": {"type": "Polygon", "coordinates": [[[57.88377951879324, 23.644308024466174], [57.88340850102134, 23.64439670103229], [57.88325134619548, 23.64391537387605], [57.88326450693068, 23.64391283047438], [57.883264375712365, 23.64391241575109], [57.883669847641414, 23.64383448454718], [57.88377951879324, 23.644308024466174]]]}, "properties": {"OBJECTID": 415, "Shape_Length": 192.02548706695526, "Shape_Area": 2257.2171099092225, "Field_ID": "FI_251", "Gov_Name": "North Al Batinah", "Wil_Name": "Barka", "Pl_Type_EN": "Grass", "Pl_Type_AR": "عشب", "Tree_Count": 0, "SurveyDate": 1785801600000, "Latitude": 23.64410949, "Longitude": 57.88352487}}, {"type": "Feature", "id": 416, "geometry": {"type": "Polygon", "coordinates": [[[57.88537303921703, 23.64122115665813], [57.884228360641366, 23.641401243278057], [57.88378661838719, 23.639543171779792], [57.8845702199733, 23.639438249823563], [57.88457065412597, 23.639439976970532], [57.884570926389415, 23.63943993477375], [57.88463143747961, 23.639687597720762], [57.884693981752115, 23.639677752860425], [57.88501943752556, 23.63962682704907], [57.88537303921703, 23.64122115665813]]]}, "properties": {"OBJECTID": 416, "Shape_Length": 658.4680141371863, "Shape_Area": 23925.10539686642, "Field_ID": "FI_252", "Gov_Name": "North Al Batinah", "Wil_Name": "Barka", "Pl_Type_EN": "Grass", "Pl_Type_AR": "عشب", "Tree_Count": 0, "SurveyDate": 1784764800000, "Latitude": 23.640424, "Longitude": 57.8845764}}, {"type": "Feature", "id": 417, "geometry": {"type": "Polygon", "coordinates": [[[57.88278478758889, 23.64162326343302], [57.88255301498759, 23.640391905689413], [57.88291415671539, 23.64032138227344], [57.88277019305912, 23.63970567180823], [57.883727646570854, 23.639556512969257], [57.884116250613474, 23.641417683905264], [57.88278478758889, 23.64162326343302]]]}, "properties": {"OBJECTID": 417, "Shape_Length": 692.3612821264048, "Shape_Area": 25919.490167582113, "Field_ID": "FI_253", "Gov_Name": "North Al Batinah", "Wil_Name": "Barka", "Pl_Type_EN": "Grass", "Pl_Type_AR": "عشب", "Tree_Count": 0, "SurveyDate": 1784764800000, "Latitude": 23.64064692, "Longitude": 57.88332552}}, {"type": "Feature", "id": 418, "geometry": {"type": "Polygon", "coordinates": [[[57.88256208925257, 23.642595642660925], [57.88226716105061, 23.642634743986118], [57.88217537579134, 23.642042025220217], [57.88187120168553, 23.64210339341394], [57.8817350262972, 23.641627338972263], [57.88132292213585, 23.64074898507559], [57.88100184446855, 23.640150038241256], [57.88221301414489, 23.639841371253873], [57.88247750590877, 23.641570580234585], [57.882115876573636, 23.641639843717275], [57.882091120309326, 23.64156653469349], [57.881995914280786, 23.641584639783726], [57.88206690607954, 23.64182878670836], [57.882139834046306, 23.64181250450467], [57.88213977973818, 23.641812154372904], [57.88214442233128, 23.641811480371143], [57.88246173660002, 23.641765414727416], [57.88256208925257, 23.642595642660925]]]}, "properties": {"OBJECTID": 418, "Shape_Length": 901.897544121415, "Shape_Area": 23089.369786002193, "Field_ID": "FI_254", "Gov_Name": "North Al Batinah", "Wil_Name": "Barka", "Pl_Type_EN": "Grass", "Pl_Type_AR": "عشب", "Tree_Count": 0, "SurveyDate": 1785801600000, "Latitude": 23.64099058, "Longitude": 57.88192101}}, {"type": "Feature", "id": 419, "geometry": {"type": "Polygon", "coordinates": [[[57.882604677788855, 23.642881970373992], [57.88241984144677, 23.642877371876455], [57.88217235140117, 23.642812723746424], [57.88215197898445, 23.642738935502052], [57.882572145413675, 23.64265545387288], [57.882604677788855, 23.642881970373992]]]}, "properties": {"OBJECTID": 419, "Shape_Length": 122.67017367027059, "Shape_Area": 785.9752633099703, "Field_ID": "FI_255", "Gov_Name": "North Al Batinah", "Wil_Name": "Barka", "Pl_Type_EN": "Grass", "Pl_Type_AR": "عشب", "Tree_Count": 0, "SurveyDate": 1785801600000, "Latitude": 23.64277793, "Longitude": 57.88241033}}, {"type": "Feature", "id": 420, "geometry": {"type": "Polygon", "coordinates": [[[57.8819287800659, 23.642570867240096], [57.882056865739784, 23.643179427666553], [57.88187517135712, 23.643223573388756], [57.881708156457464, 23.642612975246834], [57.8819287800659, 23.642570867240096]]]}, "properties": {"OBJECTID": 420, "Shape_Length": 180.50131486526044, "Shape_Area": 1456.690577182072, "Field_ID": "FI_256", "Gov_Name": "North Al Batinah", "Wil_Name": "Barka", "Pl_Type_EN": "Grass", "Pl_Type_AR": "عشب", "Tree_Count": 0, "SurveyDate": 1785801600000, "Latitude": 23.64288754, "Longitude": 57.88188974}}, {"type": "Feature", "id": 421, "geometry": {"type": "Polygon", "coordinates": [[[57.88383925944842, 23.63940099389387], [57.883195670239594, 23.636521961518966], [57.884383049662915, 23.636305624018217], [57.884980291435916, 23.639231620660482], [57.88383925944842, 23.63940099389387]]]}, "properties": {"OBJECTID": 421, "Shape_Length": 896.4540053093554, "Shape_Area": 39514.663552516824, "Field_ID": "FI_257", "Gov_Name": "North Al Batinah", "Wil_Name": "Barka", "Pl_Type_EN": "Grass", "Pl_Type_AR": "عشب", "Tree_Count": 0, "SurveyDate": 1784764800000, "Latitude": 23.63785352, "Longitude": 57.88409841}}, {"type": "Feature", "id": 422, "geometry": {"type": "Polygon", "coordinates": [[[57.8836063741253, 23.63920911699756], [57.88240238539125, 23.639375644665684], [57.88191148589849, 23.637164080657925], [57.88162977143984, 23.636010573797975], [57.88290877663621, 23.635702760282108], [57.8836063741253, 23.63920911699756]]]}, "properties": {"OBJECTID": 422, "Shape_Length": 1034.56093838742, "Shape_Area": 49821.56121453663, "Field_ID": "FI_258", "Gov_Name": "North Al Batinah", "Wil_Name": "Barka", "Pl_Type_EN": "Grass", "Pl_Type_AR": "عشب", "Tree_Count": 0, "SurveyDate": 1784764800000, "Latitude": 23.63755072, "Longitude": 57.88263972}}, {"type": "Feature", "id": 423, "geometry": {"type": "Polygon", "coordinates": [[[57.88288344365654, 23.63557871201722], [57.88160498316107, 23.635889228187622], [57.881088223646515, 23.634006618238786], [57.881745006123566, 23.633818264264917], [57.88189975690123, 23.63442750327341], [57.88256973969334, 23.634244722958744], [57.88288344365654, 23.63557871201722]]]}, "properties": {"OBJECTID": 423, "Shape_Length": 711.715784091165, "Shape_Area": 25230.495490234818, "Field_ID": "FI_259", "Gov_Name": "North Al Batinah", "Wil_Name": "Barka", "Pl_Type_EN": "Grass", "Pl_Type_AR": "عشب", "Tree_Count": 0, "SurveyDate": 1784764800000, "Latitude": 23.63491143, "Longitude": 57.88196934}}, {"type": "Feature", "id": 424, "geometry": {"type": "Polygon", "coordinates": [[[57.88420129148909, 23.63525696809331], [57.88293022951134, 23.63556691637656], [57.88262064350633, 23.634263924339642], [57.88392159498482, 23.63392516357658], [57.88420129148909, 23.63525696809331]]]}, "properties": {"OBJECTID": 424, "Shape_Length": 569.8998027667394, "Shape_Area": 20213.65846352302, "Field_ID": "FI_260", "Gov_Name": "North Al Batinah", "Wil_Name": "Barka", "Pl_Type_EN": "Grass", "Pl_Type_AR": "عشب", "Tree_Count": 0, "SurveyDate": 1784764800000, "Latitude": 23.63474989, "Longitude": 57.88341942}}, {"type": "Feature", "id": 425, "geometry": {"type": "Polygon", "coordinates": [[[57.88098434472036, 23.633926682672357], [57.880932945805384, 23.63308454482138], [57.882998139765995, 23.63250755312657], [57.883134987212784, 23.632897331583887], [57.88171279090422, 23.633278926188268], [57.881842646481054, 23.63371479424176], [57.88098434472036, 23.633926682672357]]]}, "properties": {"OBJECTID": 425, "Shape_Length": 650.6729638031898, "Shape_Area": 14153.500605689573, "Field_ID": "FI_261", "Gov_Name": "North Al Batinah", "Wil_Name": "Barka", "Pl_Type_EN": "Grass", "Pl_Type_AR": "عشب", "Tree_Count": 0, "SurveyDate": 1784764800000, "Latitude": 23.63317344, "Longitude": 57.88182674}}, {"type": "Feature", "id": 426, "geometry": {"type": "Polygon", "coordinates": [[[57.88592557869327, 23.63133487837498], [57.88524234005729, 23.6314968041641], [57.885321643596406, 23.631783185688786], [57.88427650362503, 23.631958410779756], [57.88399666416073, 23.630771118284546], [57.88406546607352, 23.630761492811725], [57.884039386978635, 23.63065451123852], [57.88397170606785, 23.630665224987617], [57.88396728332499, 23.630646454626202], [57.8849891896455, 23.6304010612141], [57.88499920876565, 23.630431151015937], [57.88539019449246, 23.63035077079909], [57.88534943309809, 23.630216360932526], [57.88556028984541, 23.63017460563128], [57.88558017054889, 23.630169780158234], [57.88559688865002, 23.6302239768808], [57.88562278428602, 23.630305255997442], [57.88570023653197, 23.63057160054745], [57.88592557869327, 23.63133487837498]]]}, "properties": {"OBJECTID": 426, "Shape_Length": 701.2984864763472, "Shape_Area": 24887.428449828985, "Field_ID": "FI_262", "Gov_Name": "North Al Batinah", "Wil_Name": "Barka", "Pl_Type_EN": "Grass", "Pl_Type_AR": "عشب", "Tree_Count": 0, "SurveyDate": 1784764800000, "Latitude": 23.63108689, "Longitude": 57.88492114}}, {"type": "Feature", "id": 427, "geometry": {"type": "Polygon", "coordinates": [[[57.88731515793854, 23.629498976391073], [57.887176940169574, 23.629047891377507], [57.8881694118997, 23.628706899500095], [57.888296125469516, 23.629250659760586], [57.88731515793854, 23.629498976391073]]]}, "properties": {"OBJECTID": 427, "Shape_Length": 325.30386936637865, "Shape_Area": 5984.43015456635, "Field_ID": "FI_263", "Gov_Name": "North Al Batinah", "Wil_Name": "Barka", "Pl_Type_EN": "Grass", "Pl_Type_AR": "عشب", "Tree_Count": 0, "SurveyDate": 1784764800000, "Latitude": 23.62912062, "Longitude": 57.8877527}}, {"type": "Feature", "id": 428, "geometry": {"type": "Polygon", "coordinates": [[[57.890532137417964, 23.631622458293062], [57.88822506340586, 23.63216633742652], [57.88784758873905, 23.629825806159722], [57.88873667456546, 23.629605167173146], [57.88898128509632, 23.630584424465734], [57.89013687644561, 23.630313112412132], [57.890532137417964, 23.631622458293062]], [[57.88852436526921, 23.629667873906932], [57.88824247437424, 23.629732059890912], [57.88828369798606, 23.629897088314628], [57.88856448595463, 23.62983589363528], [57.88852436526921, 23.629667873906932]]]}, "properties": {"OBJECTID": 428, "Shape_Length": 1079.0723219499998, "Shape_Area": 45468.83510359084, "Field_ID": "FI_264", "Gov_Name": "North Al Batinah", "Wil_Name": "Barka", "Pl_Type_EN": "Grass", "Pl_Type_AR": "عشب", "Tree_Count": 0, "SurveyDate": 1784764800000, "Latitude": 23.63101109, "Longitude": 57.88903848}}, {"type": "Feature", "id": 429, "geometry": {"type": "Polygon", "coordinates": [[[57.889693492956006, 23.634427167826722], [57.88766948852449, 23.634808584398414], [57.887632387715406, 23.634554921434397], [57.88834093489181, 23.634426291645713], [57.88831739582649, 23.634231885848596], [57.88816484557866, 23.634254025192664], [57.888114472202346, 23.634042812757052], [57.88824158923657, 23.63401705277523], [57.888269431472466, 23.634101838160642], [57.88899830527982, 23.6339516308699], [57.88880074336901, 23.63332611558085], [57.88917590440742, 23.633234538140876], [57.88900515096846, 23.632684949320584], [57.888192870480474, 23.632877029443616], [57.888127959350754, 23.63257774539927], [57.89074269990358, 23.632100736978803], [57.891044874606386, 23.633611528971315], [57.8895686513235, 23.63387255209226], [57.88967679726264, 23.634357472635447], [57.889693492956006, 23.634427167826722]]]}, "properties": {"OBJECTID": 429, "Shape_Length": 1425.7616650020284, "Shape_Area": 47347.12605208882, "Field_ID": "FI_265", "Gov_Name": "North Al Batinah", "Wil_Name": "Barka", "Pl_Type_EN": "Grass", "Pl_Type_AR": "عشب", "Tree_Count": 0, "SurveyDate": 1784764800000, "Latitude": 23.63332995, "Longitude": 57.88958903}}, {"type": "Feature", "id": 430, "geometry": {"type": "Polygon", "coordinates": [[[57.8886145703259, 23.64064853592137], [57.88743303174835, 23.640818098309705], [57.88683611480953, 23.640905015306455], [57.8862159684427, 23.641012018909546], [57.88593221930344, 23.64106097761351], [57.88580353822148, 23.640441115079458], [57.8857723510134, 23.640294710627828], [57.886728100932395, 23.640151517627313], [57.88729086916908, 23.640079085978186], [57.88759656688503, 23.64018428784387], [57.88770412884504, 23.640071402111317], [57.88724578274304, 23.63976081253395], [57.88723574562988, 23.639687375006886], [57.88713964261084, 23.63930150906521], [57.887976845075414, 23.63914922668002], [57.88798145364348, 23.639029445405964], [57.88826009082406, 23.638985436571733], [57.88847100591909, 23.639974976679046], [57.8886145703259, 23.64064853592137]]]}, "properties": {"OBJECTID": 430, "Shape_Length": 997.3321643916232, "Shape_Area": 33311.6308527177, "Field_ID": "FI_266", "Gov_Name": "North Al Batinah", "Wil_Name": "Barka", "Pl_Type_EN": "Grass", "Pl_Type_AR": "عشب", "Tree_Count": 0, "SurveyDate": 1784764800000, "Latitude": 23.64019172, "Longitude": 57.88738551}}, {"type": "Feature", "id": 431, "geometry": {"type": "Polygon", "coordinates": [[[57.88636774785433, 23.64006664306957], [57.88575825752957, 23.640154943678336], [57.885670434842496, 23.639703363403683], [57.88628850182211, 23.63966446512091], [57.88636774785433, 23.64006664306957]]]}, "properties": {"OBJECTID": 431, "Shape_Length": 222.1766648959777, "Shape_Area": 3019.053616557687, "Field_ID": "FI_267", "Gov_Name": "North Al Batinah", "Wil_Name": "Barka", "Pl_Type_EN": "Grass", "Pl_Type_AR": "عشب", "Tree_Count": 0, "SurveyDate": 1784764800000, "Latitude": 23.63989803, "Longitude": 57.88601534}}, {"type": "Feature", "id": 432, "geometry": {"type": "Polygon", "coordinates": [[[57.887364602160034, 23.636901946324127], [57.88517676687136, 23.637310025954086], [57.88499325681905, 23.636454040588255], [57.88627176997681, 23.636170921857765], [57.886327439373304, 23.6363891459521], [57.88654587701976, 23.63633750545293], [57.887204442201956, 23.636191238740413], [57.88732522647012, 23.636727219560147], [57.887364602160034, 23.636901946324127]]]}, "properties": {"OBJECTID": 432, "Shape_Length": 655.7246270784128, "Shape_Area": 20616.78167935805, "Field_ID": "FI_268", "Gov_Name": "North Al Batinah", "Wil_Name": "Barka", "Pl_Type_EN": "Grass", "Pl_Type_AR": "عشب", "Tree_Count": 0, "SurveyDate": 1784764800000, "Latitude": 23.63670992, "Longitude": 57.8861269}}, {"type": "Feature", "id": 433, "geometry": {"type": "Polygon", "coordinates": [[[57.88676159798266, 23.635633392217006], [57.88642092080917, 23.63571268123967], [57.88617212717484, 23.6357640009299], [57.88623114320323, 23.636083010037318], [57.88543340288588, 23.63623882550138], [57.8851302531324, 23.636305669109728], [57.88508481704464, 23.63631496398332], [57.88507409782268, 23.6363173048223], [57.88498829797958, 23.635884814915702], [57.884892000078615, 23.635900678052213], [57.88486423016845, 23.63576265443114], [57.88531205386666, 23.635673773166257], [57.88701696860702, 23.635352504386365], [57.88706991460362, 23.635574246389364], [57.88676159798266, 23.635633392217006]]]}, "properties": {"OBJECTID": 433, "Shape_Length": 574.2316757107893, "Shape_Area": 10306.858833443603, "Field_ID": "FI_269", "Gov_Name": "North Al Batinah", "Wil_Name": "Barka", "Pl_Type_EN": "Grass", "Pl_Type_AR": "عشب", "Tree_Count": 0, "SurveyDate": 1784764800000, "Latitude": 23.63582779, "Longitude": 57.88581969}}, {"type": "Feature", "id": 434, "geometry": {"type": "Polygon", "coordinates": [[[57.88540203778225, 23.634686283759475], [57.88553897388116, 23.635338806728257], [57.88550092990154, 23.63534589635451], [57.8854297038159, 23.63536099618334], [57.88533868609188, 23.635380290500127], [57.88528104694242, 23.635392510085573], [57.8852146124928, 23.635046262673335], [57.884752206301776, 23.63514523513008], [57.88457080467898, 23.634435940619866], [57.884805902853834, 23.634380364502025], [57.88504443735345, 23.634323975417473], [57.88520652951925, 23.634291994008905], [57.88520858592693, 23.63430229318154], [57.8852770745699, 23.63467053262232], [57.885367036778945, 23.63465718832197], [57.88530382811539, 23.634281087161572], [57.88546352885076, 23.634240469209136], [57.88553606821698, 23.634596499452144], [57.8855605152785, 23.63461881518805], [57.885589893222075, 23.634646335896328], [57.88559893245983, 23.634654705704936], [57.885843716469914, 23.634619831814817], [57.88622363433162, 23.634565705193197], [57.886344796039054, 23.634548443734964], [57.886406462553474, 23.63453965819049], [57.88643400449946, 23.634535733559126], [57.88656921281933, 23.634516470551457], [57.88684912735255, 23.63448149905981], [57.886946702258165, 23.635147545262825], [57.885709325080754, 23.635363426183517], [57.88558207866485, 23.634675747991285], [57.88557714861452, 23.63464909476975], [57.88540203778225, 23.634686283759475]]]}, "properties": {"OBJECTID": 434, "Shape_Length": 925.8491293519169, "Shape_Area": 17567.826678102923, "Field_ID": "FI_270", "Gov_Name": "North Al Batinah", "Wil_Name": "Barka", "Pl_Type_EN": "Grass", "Pl_Type_AR": "عشب", "Tree_Count": 0, "SurveyDate": 1784764800000, "Latitude": 23.63484752, "Longitude": 57.88576183}}, {"type": "Feature", "id": 435, "geometry": {"type": "Polygon", "coordinates": [[[57.8873964467608, 23.635003543894044], [57.887120559843126, 23.635052524534206], [57.886964345478646, 23.63437480666349], [57.88654941624337, 23.63442978368779], [57.88622917333622, 23.63447657760052], [57.886054135850564, 23.63450551799268], [57.88604663301241, 23.63446061592098], [57.88588190912792, 23.63448786241675], [57.88581084700657, 23.634123342887534], [57.88588831666536, 23.634112975222244], [57.88649357328842, 23.63402524444377], [57.88694737006421, 23.63394205164708], [57.887222892712394, 23.63409874059117], [57.8873964467608, 23.635003543894044]]]}, "properties": {"OBJECTID": 435, "Shape_Length": 514.8970884549966, "Shape_Area": 8490.210754800388, "Field_ID": "FI_272", "Gov_Name": "North Al Batinah", "Wil_Name": "Barka", "Pl_Type_EN": "Grass", "Pl_Type_AR": "عشب", "Tree_Count": 0, "SurveyDate": 1784764800000, "Latitude": 23.63435167, "Longitude": 57.88670548}}, {"type": "Feature", "id": 436, "geometry": {"type": "Polygon", "coordinates": [[[57.894337450658284, 23.645224375833084], [57.894310182116314, 23.64523058722544], [57.89424221184091, 23.64501832010533], [57.89412603703186, 23.644655508134306], [57.89386623684433, 23.643844152702755], [57.89372246816169, 23.643394955188352], [57.894344257357076, 23.643234192634004], [57.89494367330781, 23.6450850583555], [57.894337450658284, 23.645224375833084]]]}, "properties": {"OBJECTID": 436, "Shape_Length": 558.2188932384277, "Shape_Area": 14092.555213887046, "Field_ID": "FI_274", "Gov_Name": "North Al Batinah", "Wil_Name": "Barka", "Pl_Type_EN": "Grass", "Pl_Type_AR": "عشب", "Tree_Count": 0, "SurveyDate": 1785801600000, "Latitude": 23.64423763, "Longitude": 57.8943311}}, {"type": "Feature", "id": 437, "geometry": {"type": "Polygon", "coordinates": [[[57.891776881063564, 23.645645746512002], [57.89160585121981, 23.645670385654295], [57.891140699729576, 23.645730158789423], [57.89119756031525, 23.645987480297205], [57.89094946638311, 23.646025943390104], [57.89073510222732, 23.644735058549006], [57.89125937603613, 23.644669673134988], [57.89136906834319, 23.64524598598917], [57.89170493523667, 23.645191304630956], [57.891776881063564, 23.645645746512002]]]}, "properties": {"OBJECTID": 437, "Shape_Length": 469.2690880883857, "Shape_Area": 8784.969434357079, "Field_ID": "FI_275", "Gov_Name": "North Al Batinah", "Wil_Name": "Barka", "Pl_Type_EN": "Grass", "Pl_Type_AR": "عشب", "Tree_Count": 0, "SurveyDate": 1785801600000, "Latitude": 23.64531655, "Longitude": 57.89118086}}, {"type": "Feature", "id": 438, "geometry": {"type": "Polygon", "coordinates": [[[57.900013201698165, 23.635263406955417], [57.89854242090567, 23.635308923612932], [57.89846084652261, 23.635192088196387], [57.898766835303086, 23.63515471240401], [57.898740059881106, 23.63449336434163], [57.89998497673898, 23.634459479309225], [57.900013201698165, 23.635263406955417]]]}, "properties": {"OBJECTID": 438, "Shape_Length": 486.35920706078605, "Shape_Area": 11737.754638021523, "Field_ID": "FI_276", "Gov_Name": "North Al Batinah", "Wil_Name": "Barka", "Pl_Type_EN": "Grass", "Pl_Type_AR": "عشب", "Tree_Count": 0, "SurveyDate": 1785801600000, "Latitude": 23.63489176, "Longitude": 57.89935131}}, {"type": "Feature", "id": 439, "geometry": {"type": "Polygon", "coordinates": [[[57.90096492036002, 23.635104656453915], [57.90075521018294, 23.635104277579952], [57.90075991797879, 23.634577422737447], [57.90096360145568, 23.634579997978175], [57.90096089997241, 23.63463506071385], [57.900960331210484, 23.63464664117485], [57.90096019623136, 23.634645969981563], [57.90096492036002, 23.635104656453915]]]}, "properties": {"OBJECTID": 439, "Shape_Length": 158.75638297390762, "Shape_Area": 1216.8771006565098, "Field_ID": "FI_277", "Gov_Name": "North Al Batinah", "Wil_Name": "Barka", "Pl_Type_EN": "Grass", "Pl_Type_AR": "عشب", "Tree_Count": 0, "SurveyDate": 1785801600000, "Latitude": 23.63484343, "Longitude": 57.90085995}}, {"type": "Feature", "id": 440, "geometry": {"type": "Polygon", "coordinates": [[[57.90053066907313, 23.641720313811906], [57.900619947301145, 23.64132432618192], [57.90085301597486, 23.64136272837283], [57.90079206522479, 23.641749135772304], [57.90053066907313, 23.641720313811906]]]}, "properties": {"OBJECTID": 440, "Shape_Length": 139.01577815811112, "Shape_Area": 1120.7965669451855, "Field_ID": "FI_285", "Gov_Name": "North Al Batinah", "Wil_Name": "Barka", "Pl_Type_EN": "Grass", "Pl_Type_AR": "عشب", "Tree_Count": 0, "SurveyDate": 1785801600000, "Latitude": 23.64154244, "Longitude": 57.90069758}}, {"type": "Feature", "id": 441, "geometry": {"type": "Polygon", "coordinates": [[[57.90033741665107, 23.643488496212903], [57.90118891199177, 23.643585496259316], [57.9011600759968, 23.64387813348754], [57.90029231287612, 23.64405531385199], [57.90033741665107, 23.643488496212903]]]}, "properties": {"OBJECTID": 441, "Shape_Length": 273.6341098377884, "Shape_Area": 4155.131776572736, "Field_ID": "FI_286", "Gov_Name": "North Al Batinah", "Wil_Name": "Barka", "Pl_Type_EN": "Grass", "Pl_Type_AR": "عشب", "Tree_Count": 0, "SurveyDate": 1785801600000, "Latitude": 23.64375369, "Longitude": 57.90069894}}, {"type": "Feature", "id": 442, "geometry": {"type": "Polygon", "coordinates": [[[57.89994825629576, 23.638171003966857], [57.89952535104038, 23.63817345733625], [57.899510666188355, 23.637782807631563], [57.89995144144414, 23.63778337931058], [57.89994825629576, 23.638171003966857]]]}, "properties": {"OBJECTID": 442, "Shape_Length": 174.29781893712476, "Shape_Area": 1897.9504556691236, "Field_ID": "FI_287", "Gov_Name": "North Al Batinah", "Wil_Name": "Barka", "Pl_Type_EN": "Grass", "Pl_Type_AR": "عشب", "Tree_Count": 0, "SurveyDate": 1785801600000, "Latitude": 23.63797632, "Longitude": 57.89973363}}, {"type": "Feature", "id": 443, "geometry": {"type": "Polygon", "coordinates": [[[57.88491251409461, 23.64771064451552], [57.884291180485356, 23.646412954893865], [57.88496130778695, 23.646187086140724], [57.88537985188854, 23.647613769536335], [57.88491251409461, 23.64771064451552]]]}, "properties": {"OBJECTID": 443, "Shape_Length": 442.30640791836515, "Shape_Area": 9696.517306010051, "Field_ID": "FI_289", "Gov_Name": "North Al Batinah", "Wil_Name": "Barka", "Pl_Type_EN": "Grass", "Pl_Type_AR": "عشب", "Tree_Count": 0, "SurveyDate": 1785801600000, "Latitude": 23.64693509, "Longitude": 57.88487113}}, {"type": "Feature", "id": 444, "geometry": {"type": "Polygon", "coordinates": [[[57.88278478758889, 23.64162326343302], [57.88255301498759, 23.640391905689413], [57.88291415671539, 23.64032138227344], [57.88277019305912, 23.63970567180823], [57.883727646570854, 23.639556512969257], [57.884116250613474, 23.641417683905264], [57.88278478758889, 23.64162326343302]]]}, "properties": {"OBJECTID": 444, "Shape_Length": 692.3612821264048, "Shape_Area": 25919.490167582113, "Field_ID": "FI_296", "Gov_Name": "North Al Batinah", "Wil_Name": "Barka", "Pl_Type_EN": "Grass", "Pl_Type_AR": "عشب", "Tree_Count": 0, "SurveyDate": 1784764800000, "Latitude": 23.64064692, "Longitude": 57.88332552}}, {"type": "Feature", "id": 445, "geometry": {"type": "Polygon", "coordinates": [[[57.88383925944842, 23.63940099389387], [57.883195670239594, 23.636521961518966], [57.884383049662915, 23.636305624018217], [57.884980291435916, 23.639231620660482], [57.88383925944842, 23.63940099389387]]]}, "properties": {"OBJECTID": 445, "Shape_Length": 896.4540053093554, "Shape_Area": 39514.663552516824, "Field_ID": "FI_300", "Gov_Name": "North Al Batinah", "Wil_Name": "Barka", "Pl_Type_EN": "Grass", "Pl_Type_AR": "عشب", "Tree_Count": 0, "SurveyDate": 1784764800000, "Latitude": 23.63785352, "Longitude": 57.88409841}}, {"type": "Feature", "id": 446, "geometry": {"type": "Polygon", "coordinates": [[[57.88731515793854, 23.629498976391073], [57.887176940169574, 23.629047891377507], [57.8881694118997, 23.628706899500095], [57.888296125469516, 23.629250659760586], [57.88731515793854, 23.629498976391073]]]}, "properties": {"OBJECTID": 446, "Shape_Length": 325.30386936637865, "Shape_Area": 5984.43015456635, "Field_ID": "FI_306", "Gov_Name": "North Al Batinah", "Wil_Name": "Barka", "Pl_Type_EN": "Grass", "Pl_Type_AR": "عشب", "Tree_Count": 0, "SurveyDate": 1784764800000, "Latitude": 23.62912062, "Longitude": 57.8877527}}, {"type": "Feature", "id": 447, "geometry": {"type": "Polygon", "coordinates": [[[57.89150256411002, 23.64373983502709], [57.891285531699154, 23.642256885961622], [57.891329632830356, 23.642149265052772], [57.89238882540248, 23.641941565688448], [57.89265265141465, 23.64356377651278], [57.89266070318313, 23.643612142354097], [57.89195450836613, 23.643691819773778], [57.89154723550302, 23.643737769096575], [57.89150256411002, 23.64373983502709]]]}, "properties": {"OBJECTID": 447, "Shape_Length": 594.8912261810719, "Shape_Area": 21355.29216396645, "Field_ID": "FI_323", "Gov_Name": "North Al Batinah", "Wil_Name": "Barka", "Pl_Type_EN": "Seasonal Crops", "Pl_Type_AR": "المحاصيل الموسمية", "Tree_Count": 0, "SurveyDate": 1785801600000, "Latitude": 23.64286754, "Longitude": 57.89196284}}, {"type": "Feature", "id": 448, "geometry": {"type": "Polygon", "coordinates": [[[57.890166277451726, 23.642204476095515], [57.89070912941358, 23.642115388309936], [57.89076822140332, 23.64231168372518], [57.89114814049616, 23.642241360220005], [57.8911751219471, 23.642393638471404], [57.8913832645675, 23.643777092157116], [57.8912337113288, 23.643787286305376], [57.89052239715937, 23.643854129671055], [57.890166277451726, 23.642204476095515]]]}, "properties": {"OBJECTID": 448, "Shape_Length": 564.5003703926326, "Shape_Area": 16818.358181353546, "Field_ID": "FI_324", "Gov_Name": "North Al Batinah", "Wil_Name": "Barka", "Pl_Type_EN": "Seasonal Crops", "Pl_Type_AR": "المحاصيل الموسمية", "Tree_Count": 0, "SurveyDate": 1785801600000, "Latitude": 23.6429951, "Longitude": 57.89079088}}, {"type": "Feature", "id": 449, "geometry": {"type": "Polygon", "coordinates": [[[57.895346516758934, 23.64533931875279], [57.895177527684375, 23.645454511588586], [57.894864610577365, 23.64553743736298], [57.894292077621344, 23.64566858596448], [57.893136604526, 23.645851113346225], [57.892767299951586, 23.643541646627174], [57.8930131977627, 23.643497459901454], [57.89313563250934, 23.644046950809997], [57.89358423520231, 23.643955383504967], [57.893708200576, 23.643930766021793], [57.894125340796926, 23.645280863788173], [57.894232503371875, 23.645251715682516], [57.89426867966025, 23.645349750301662], [57.89441900841276, 23.64531381036292], [57.89497316621809, 23.645181320467987], [57.895245705815235, 23.645121202077764], [57.89528663751301, 23.64513199827873], [57.895346516758934, 23.64533931875279]]]}, "properties": {"OBJECTID": 449, "Shape_Length": 949.5327976910911, "Shape_Area": 26022.865839797316, "Field_ID": "FI_325", "Gov_Name": "North Al Batinah", "Wil_Name": "Barka", "Pl_Type_EN": "Seasonal Crops", "Pl_Type_AR": "المحاصيل الموسمية", "Tree_Count": 0, "SurveyDate": 1785801600000, "Latitude": 23.64492787, "Longitude": 57.89365928}}, {"type": "Feature", "id": 450, "geometry": {"type": "Polygon", "coordinates": [[[57.891203640044125, 23.646001242570055], [57.89118818231291, 23.645945039745328], [57.891140699729576, 23.645730158789423], [57.891642157016456, 23.645664088443578], [57.89167678139251, 23.64593949947184], [57.891203640044125, 23.646001242570055]]]}, "properties": {"OBJECTID": 450, "Shape_Length": 161.8056718689139, "Shape_Area": 1542.6230321511805, "Field_ID": "FI_326", "Gov_Name": "North Al Batinah", "Wil_Name": "Barka", "Pl_Type_EN": "Seasonal Crops", "Pl_Type_AR": "المحاصيل الموسمية", "Tree_Count": 0, "SurveyDate": 1785801600000, "Latitude": 23.64583255, "Longitude": 57.8914151}}, {"type": "Feature", "id": 451, "geometry": {"type": "Polygon", "coordinates": [[[57.891258017298185, 23.644522324549186], [57.8912076249813, 23.644202724795615], [57.89071498212829, 23.64424954104041], [57.890668331062685, 23.644026347487348], [57.891137834301084, 23.64396853250162], [57.89130801064728, 23.643949625089956], [57.89137374069301, 23.644213630751057], [57.89146328924265, 23.644192933149576], [57.891523034149095, 23.644450119687814], [57.891531892016225, 23.644498999390933], [57.891258017298185, 23.644522324549186]]]}, "properties": {"OBJECTID": 451, "Shape_Length": 279.30595979926204, "Shape_Area": 2678.1917407324117, "Field_ID": "FI_327", "Gov_Name": "North Al Batinah", "Wil_Name": "Barka", "Pl_Type_EN": "Seasonal Crops", "Pl_Type_AR": "المحاصيل الموسمية", "Tree_Count": 0, "SurveyDate": 1785801600000, "Latitude": 23.6441927, "Longitude": 57.89114109}}, {"type": "Feature", "id": 452, "geometry": {"type": "Polygon", "coordinates": [[[57.88569740941281, 23.647440730574587], [57.88548518786638, 23.64648128395817], [57.88575958563219, 23.646432614973655], [57.88598290567668, 23.64738200479011], [57.88569740941281, 23.647440730574587]]]}, "properties": {"OBJECTID": 452, "Shape_Length": 274.30749541544265, "Shape_Area": 3149.422502756737, "Field_ID": "FI_328", "Gov_Name": "North Al Batinah", "Wil_Name": "Barka", "Pl_Type_EN": "Seasonal Crops", "Pl_Type_AR": "المحاصيل الموسمية", "Tree_Count": 0, "SurveyDate": 1785801600000, "Latitude": 23.64693784, "Longitude": 57.88573192}}, {"type": "Feature", "id": 453, "geometry": {"type": "Polygon", "coordinates": [[[57.885372613912644, 23.6475890967034], [57.8850701189942, 23.646557991395145], [57.885417374268, 23.646468361711833], [57.88560224971969, 23.647292625162585], [57.88565087116038, 23.64752164733601], [57.885372613912644, 23.6475890967034]]]}, "properties": {"OBJECTID": 453, "Shape_Length": 303.4180004116068, "Shape_Area": 3931.503930620467, "Field_ID": "FI_329", "Gov_Name": "North Al Batinah", "Wil_Name": "Barka", "Pl_Type_EN": "Seasonal Crops", "Pl_Type_AR": "المحاصيل الموسمية", "Tree_Count": 0, "SurveyDate": 1785801600000, "Latitude": 23.64701502, "Longitude": 57.88537345}}, {"type": "Feature", "id": 454, "geometry": {"type": "Polygon", "coordinates": [[[57.88430354740171, 23.64636549362917], [57.88414173507295, 23.645983467267424], [57.88460666155588, 23.64585700530538], [57.88465790546576, 23.646020868053732], [57.884865122274974, 23.645965045866713], [57.8849232620442, 23.64617236801853], [57.88430354740171, 23.64636549362917]]]}, "properties": {"OBJECTID": 454, "Shape_Length": 226.1872213239279, "Shape_Area": 2626.471338618968, "Field_ID": "FI_330", "Gov_Name": "North Al Batinah", "Wil_Name": "Barka", "Pl_Type_EN": "Seasonal Crops", "Pl_Type_AR": "المحاصيل الموسمية", "Tree_Count": 0, "SurveyDate": 1785801600000, "Latitude": 23.6461058, "Longitude": 57.88451144}}, {"type": "Feature", "id": 455, "geometry": {"type": "Polygon", "coordinates": [[[57.885043342234226, 23.645331327661605], [57.88487983078661, 23.64489458433432], [57.885303681254015, 23.644755811177898], [57.885235594199685, 23.644481587423204], [57.885399172221376, 23.64442992002386], [57.88536592787979, 23.64425909946062], [57.88578841067802, 23.644150425548638], [57.8859880822388, 23.645111572241472], [57.885043342234226, 23.645331327661605]]]}, "properties": {"OBJECTID": 455, "Shape_Length": 417.5088456299715, "Shape_Area": 8500.443802502348, "Field_ID": "FI_331", "Gov_Name": "North Al Batinah", "Wil_Name": "Barka", "Pl_Type_EN": "Seasonal Crops", "Pl_Type_AR": "المحاصيل الموسمية", "Tree_Count": 0, "SurveyDate": 1785801600000, "Latitude": 23.64480552, "Longitude": 57.88549372}}, {"type": "Feature", "id": 456, "geometry": {"type": "Polygon", "coordinates": [[[57.88378935999048, 23.636413794345504], [57.8835985321727, 23.63553078073517], [57.88421197416564, 23.63538071487319], [57.884383049662915, 23.636305624018217], [57.88378935999048, 23.636413794345504]]]}, "properties": {"OBJECTID": 456, "Shape_Length": 330.04328594064276, "Shape_Area": 6425.895555027959, "Field_ID": "FI_332", "Gov_Name": "North Al Batinah", "Wil_Name": "Barka", "Pl_Type_EN": "Seasonal Crops", "Pl_Type_AR": "المحاصيل الموسمية", "Tree_Count": 0, "SurveyDate": 1784764800000, "Latitude": 23.63590393, "Longitude": 57.88399706}}, {"type": "Feature", "id": 457, "geometry": {"type": "Polygon", "coordinates": [[[57.88448064202209, 23.634096783635766], [57.88425026362927, 23.633071578903614], [57.884797741861554, 23.632981845791896], [57.88468332264312, 23.632411612063027], [57.885865562989686, 23.63220200954557], [57.88597056105662, 23.63270928630167], [57.88539005451759, 23.632830231466485], [57.885431962825834, 23.633039566734446], [57.885273684458696, 23.6330661046813], [57.88539225860662, 23.633447832962638], [57.88545605761413, 23.63343259041268], [57.88551744749003, 23.633901659973116], [57.88448064202209, 23.634096783635766]]]}, "properties": {"OBJECTID": 457, "Shape_Length": 728.4683622763882, "Shape_Area": 20056.95636266943, "Field_ID": "FI_333", "Gov_Name": "North Al Batinah", "Wil_Name": "Barka", "Pl_Type_EN": "Seasonal Crops", "Pl_Type_AR": "المحاصيل الموسمية", "Tree_Count": 0, "SurveyDate": 1784764800000, "Latitude": 23.63314807, "Longitude": 57.8850495}}, {"type": "Feature", "id": 458, "geometry": {"type": "Polygon", "coordinates": [[[57.88632360429584, 23.633822405528413], [57.885929326563755, 23.632011122982743], [57.88609900962168, 23.6319803564123], [57.886519779250605, 23.633792489624764], [57.88632360429584, 23.633822405528413]]]}, "properties": {"OBJECTID": 458, "Shape_Length": 447.64153696934943, "Shape_Area": 3882.733213225561, "Field_ID": "FI_334", "Gov_Name": "North Al Batinah", "Wil_Name": "Barka", "Pl_Type_EN": "Seasonal Crops", "Pl_Type_AR": "المحاصيل الموسمية", "Tree_Count": 0, "SurveyDate": 1784764800000, "Latitude": 23.63292251, "Longitude": 57.88622268}}, {"type": "Feature", "id": 459, "geometry": {"type": "Polygon", "coordinates": [[[57.8860534954728, 23.633104965182625], [57.88547585127314, 23.633229471017493], [57.885432142554485, 23.63304034426529], [57.88539005451759, 23.632830231466485], [57.88597056105662, 23.63270928630167], [57.8860534954728, 23.633104965182625]]]}, "properties": {"OBJECTID": 459, "Shape_Length": 210.9114677699903, "Shape_Area": 2723.327608430459, "Field_ID": "FI_335", "Gov_Name": "North Al Batinah", "Wil_Name": "Barka", "Pl_Type_EN": "Seasonal Crops", "Pl_Type_AR": "المحاصيل الموسمية", "Tree_Count": 0, "SurveyDate": 1784764800000, "Latitude": 23.63296864, "Longitude": 57.88572125}}, {"type": "Feature", "id": 460, "geometry": {"type": "Polygon", "coordinates": [[[57.882795929625466, 23.63248888694453], [57.88270015930397, 23.63207524311015], [57.8834253907844, 23.63191651778731], [57.883524449000944, 23.632309368837923], [57.882795929625466, 23.63248888694453]]]}, "properties": {"OBJECTID": 460, "Shape_Length": 244.4490612154427, "Shape_Area": 3496.561235438666, "Field_ID": "FI_336", "Gov_Name": "North Al Batinah", "Wil_Name": "Barka", "Pl_Type_EN": "Seasonal Crops", "Pl_Type_AR": "المحاصيل الموسمية", "Tree_Count": 0, "SurveyDate": 1784764800000, "Latitude": 23.63219853, "Longitude": 57.88310872}}, {"type": "Feature", "id": 461, "geometry": {"type": "Polygon", "coordinates": [[[57.883535813882574, 23.633282646737637], [57.883441857680836, 23.63293351763637], [57.8831947673267, 23.632998056431695], [57.88307750081704, 23.632550105355655], [57.88348095430176, 23.632436729103144], [57.88364096025965, 23.632393040445802], [57.8838159358168, 23.6332163105972], [57.883535813882574, 23.633282646737637]]]}, "properties": {"OBJECTID": 461, "Shape_Length": 299.4812685273983, "Shape_Area": 4261.0427567287625, "Field_ID": "FI_337", "Gov_Name": "North Al Batinah", "Wil_Name": "Barka", "Pl_Type_EN": "Seasonal Crops", "Pl_Type_AR": "المحاصيل الموسمية", "Tree_Count": 0, "SurveyDate": 1784764800000, "Latitude": 23.63280462, "Longitude": 57.8834769}}, {"type": "Feature", "id": 462, "geometry": {"type": "Polygon", "coordinates": [[[57.88227011393628, 23.63154019961155], [57.882178932641295, 23.63120844938514], [57.88289049329569, 23.631047953733823], [57.88296583673966, 23.63136955770432], [57.88227011393628, 23.63154019961155]]]}, "properties": {"OBJECTID": 462, "Shape_Length": 222.48947154534795, "Shape_Area": 2751.873363473292, "Field_ID": "FI_338", "Gov_Name": "North Al Batinah", "Wil_Name": "Barka", "Pl_Type_EN": "Seasonal Crops", "Pl_Type_AR": "المحاصيل الموسمية", "Tree_Count": 0, "SurveyDate": 1784764800000, "Latitude": 23.63129161, "Longitude": 57.88257387}}, {"type": "Feature", "id": 463, "geometry": {"type": "Polygon", "coordinates": [[[57.882108126259155, 23.631607005552084], [57.88190814062628, 23.631649470279342], [57.881876472305, 23.631535906869093], [57.881685081593716, 23.631582965792678], [57.88167215179438, 23.631514990469768], [57.88160265616606, 23.631529297406352], [57.88158334057831, 23.631475819482812], [57.88193653581228, 23.631398301761035], [57.88189356691038, 23.631221879438765], [57.8818423276149, 23.631044941418484], [57.88155589883612, 23.631115525896956], [57.881622123404135, 23.631346111062967], [57.881527438217915, 23.631360830271774], [57.881472468539705, 23.631136341830413], [57.881418049889426, 23.630948890418747], [57.88179969798194, 23.630855755830108], [57.88236232802492, 23.63071048080838], [57.88245298954935, 23.631084321159754], [57.88215536554969, 23.63115985130925], [57.88216205361551, 23.631201161720096], [57.882038866945294, 23.631235827882975], [57.88209161053331, 23.63152503030518], [57.882108126259155, 23.631607005552084]]]}, "properties": {"OBJECTID": 463, "Shape_Length": 499.26156467830793, "Shape_Area": 4842.433743374708, "Field_ID": "FI_339", "Gov_Name": "North Al Batinah", "Wil_Name": "Barka", "Pl_Type_EN": "Seasonal Crops", "Pl_Type_AR": "المحاصيل الموسمية", "Tree_Count": 0, "SurveyDate": 1784764800000, "Latitude": 23.63110829, "Longitude": 57.88195977}}, {"type": "Feature", "id": 464, "geometry": {"type": "Polygon", "coordinates": [[[57.880899626878055, 23.6319180973025], [57.88082450816754, 23.631274878943405], [57.88085150319016, 23.631267670775337], [57.88129378021726, 23.631117033279235], [57.88146121471155, 23.631784124952993], [57.880899626878055, 23.6319180973025]]]}, "properties": {"OBJECTID": 464, "Shape_Length": 257.5807152873075, "Shape_Area": 4008.855488695268, "Field_ID": "FI_340", "Gov_Name": "North Al Batinah", "Wil_Name": "Barka", "Pl_Type_EN": "Seasonal Crops", "Pl_Type_AR": "المحاصيل الموسمية", "Tree_Count": 0, "SurveyDate": 1784764800000, "Latitude": 23.63153188, "Longitude": 57.8811247}}, {"type": "Feature", "id": 465, "geometry": {"type": "Polygon", "coordinates": [[[57.88317447037136, 23.631971434873023], [57.883027274632674, 23.63148839951419], [57.883298658533285, 23.631419750447282], [57.8834253907844, 23.63191651778731], [57.88317447037136, 23.631971434873023]]]}, "properties": {"OBJECTID": 465, "Shape_Length": 167.06654391413286, "Shape_Area": 1540.5621253262077, "Field_ID": "FI_342", "Gov_Name": "North Al Batinah", "Wil_Name": "Barka", "Pl_Type_EN": "Seasonal Crops", "Pl_Type_AR": "المحاصيل الموسمية", "Tree_Count": 0, "SurveyDate": 1784764800000, "Latitude": 23.63169537, "Longitude": 57.88323082}}, {"type": "Feature", "id": 466, "geometry": {"type": "Polygon", "coordinates": [[[57.88967452169097, 23.634347579420066], [57.8895686513235, 23.63387255209226], [57.88965831971121, 23.63385577756966], [57.8905148850438, 23.633704891316047], [57.89064317324533, 23.634167744173272], [57.8903180425017, 23.634252780688456], [57.89030684519266, 23.634255419069813], [57.89029172489382, 23.63420606213371], [57.889724692768375, 23.63434567944204], [57.8897012358447, 23.634351455358036], [57.88967679726264, 23.634357472635447], [57.88967452169097, 23.634347579420066]]]}, "properties": {"OBJECTID": 466, "Shape_Length": 312.25728716980854, "Shape_Area": 5296.1471029772865, "Field_ID": "FI_343", "Gov_Name": "North Al Batinah", "Wil_Name": "Barka", "Pl_Type_EN": "Seasonal Crops", "Pl_Type_AR": "المحاصيل الموسمية", "Tree_Count": 0, "SurveyDate": 1784764800000, "Latitude": 23.6340237, "Longitude": 57.89010073}}, {"type": "Feature", "id": 467, "geometry": {"type": "Polygon", "coordinates": [[[57.90190392405884, 23.635793899940374], [57.90190211530419, 23.635815222247274], [57.901560946855525, 23.635812779122254], [57.90129262399672, 23.635805228904164], [57.90136017233626, 23.635590147803143], [57.90142346883997, 23.63555263425517], [57.90145761203664, 23.635449183461503], [57.90148895741464, 23.635336306016146], [57.901588900295536, 23.635261433704912], [57.90163350785102, 23.635161176260297], [57.90162052749838, 23.63510942276369], [57.90163026300994, 23.635059270454487], [57.90168796838336, 23.63506142602293], [57.90172115548933, 23.635000640443632], [57.90178363249309, 23.6348270796239], [57.90213796837206, 23.634910788391583], [57.90236542977852, 23.6349620068506], [57.90230497692621, 23.635128414546497], [57.90205957595537, 23.635803917121162], [57.90205255019729, 23.63578724164837], [57.9020410200476, 23.63578635402691], [57.90190392405884, 23.635793899940374]]]}, "properties": {"OBJECTID": 467, "Shape_Length": 368.89216532048476, "Shape_Area": 7308.061556205711, "Field_ID": "FI_344", "Gov_Name": "North Al Batinah", "Wil_Name": "Barka", "Pl_Type_EN": "Seasonal Crops", "Pl_Type_AR": "المحاصيل الموسمية", "Tree_Count": 0, "SurveyDate": 1785801600000, "Latitude": 23.63536835, "Longitude": 57.90185324}}, {"type": "Feature", "id": 468, "geometry": {"type": "Polygon", "coordinates": [[[57.90009844510493, 23.63525636956265], [57.90009932272174, 23.63506597268851], [57.90063354844702, 23.635058226531083], [57.900641336194234, 23.63525181283554], [57.90009844510493, 23.63525636956265]]]}, "properties": {"OBJECTID": 468, "Shape_Length": 152.4114527118385, "Shape_Area": 1168.0423839343928, "Field_ID": "FI_345", "Gov_Name": "North Al Batinah", "Wil_Name": "Barka", "Pl_Type_EN": "Seasonal Crops", "Pl_Type_AR": "المحاصيل الموسمية", "Tree_Count": 0, "SurveyDate": 1785801600000, "Latitude": 23.63516027, "Longitude": 57.90036708}}, {"type": "Feature", "id": 469, "geometry": {"type": "Polygon", "coordinates": [[[57.89999198171964, 23.636052968880456], [57.89909597668283, 23.636062887247093], [57.89855124425961, 23.635320155218896], [57.89854242090567, 23.635308923612932], [57.8986643391331, 23.635305150944664], [57.89894943768121, 23.63529632931889], [57.900013201698165, 23.635263406955417], [57.89999198171964, 23.636052968880456]]]}, "properties": {"OBJECTID": 469, "Shape_Length": 429.7484012752398, "Shape_Area": 10395.761030739935, "Field_ID": "FI_346", "Gov_Name": "North Al Batinah", "Wil_Name": "Barka", "Pl_Type_EN": "Seasonal Crops", "Pl_Type_AR": "المحاصيل الموسمية", "Tree_Count": 0, "SurveyDate": 1785801600000, "Latitude": 23.63564035, "Longitude": 57.89940294}}, {"type": "Feature", "id": 470, "geometry": {"type": "Polygon", "coordinates": [[[57.90237341984374, 23.634940012728435], [57.90171565640823, 23.634776012554934], [57.90168481988499, 23.634742703145147], [57.90156723124458, 23.634609854670515], [57.90157254137995, 23.63457085635214], [57.90158258555003, 23.634563775628454], [57.90168315681871, 23.634564716526487], [57.90168227863576, 23.63443863558231], [57.90192816704488, 23.634441691286813], [57.90255119375365, 23.634449432249806], [57.90237341984374, 23.634940012728435]]]}, "properties": {"OBJECTID": 470, "Shape_Length": 269.10607772562406, "Shape_Area": 3838.275986855423, "Field_ID": "FI_347", "Gov_Name": "North Al Batinah", "Wil_Name": "Barka", "Pl_Type_EN": "Seasonal Crops", "Pl_Type_AR": "المحاصيل الموسمية", "Tree_Count": 0, "SurveyDate": 1785801600000, "Latitude": 23.6346453, "Longitude": 57.90208527}}, {"type": "Feature", "id": 471, "geometry": {"type": "Polygon", "coordinates": [[[57.88812173354186, 23.628682292047017], [57.887606068537835, 23.628855308151884], [57.887400682111895, 23.628380934752702], [57.887989224363714, 23.628129016134714], [57.88812173354186, 23.628682292047017]]]}, "properties": {"OBJECTID": 471, "Shape_Length": 241.4633385891657, "Shape_Area": 3609.5526344051627, "Field_ID": "FI_348", "Gov_Name": "North Al Batinah", "Wil_Name": "Barka", "Pl_Type_EN": "Seasonal Crops", "Pl_Type_AR": "المحاصيل الموسمية", "Tree_Count": 0, "SurveyDate": 1784764800000, "Latitude": 23.62850353, "Longitude": 57.88778123}}, {"type": "Feature", "id": 472, "geometry": {"type": "Polygon", "coordinates": [[[57.887606068537835, 23.628855308151884], [57.8871952890955, 23.62899136274903], [57.887001708316944, 23.628555937648777], [57.88732390664706, 23.628413210716577], [57.887400682111895, 23.628380934752702], [57.887606068537835, 23.628855308151884]]]}, "properties": {"OBJECTID": 472, "Shape_Length": 198.25259921379813, "Shape_Area": 2433.802701494056, "Field_ID": "FI_349", "Gov_Name": "North Al Batinah", "Wil_Name": "Barka", "Pl_Type_EN": "Uncultivated Area", "Pl_Type_AR": "منطقة غير مزروعة", "Tree_Count": 0, "SurveyDate": 1784764800000, "Latitude": 23.62869409, "Longitude": 57.88730343}}, {"type": "Feature", "id": 473, "geometry": {"type": "Polygon", "coordinates": [[[57.88714027691513, 23.629015764729818], [57.886889664654255, 23.629090913941894], [57.886762173551084, 23.62871367408473], [57.886992948970494, 23.628621968173455], [57.88714027691513, 23.629015764729818]]]}, "properties": {"OBJECTID": 473, "Shape_Length": 142.3875634354639, "Shape_Area": 1177.5284834466963, "Field_ID": "FI_350", "Gov_Name": "North Al Batinah", "Wil_Name": "Barka", "Pl_Type_EN": "Seasonal Crops", "Pl_Type_AR": "المحاصيل الموسمية", "Tree_Count": 0, "SurveyDate": 1784764800000, "Latitude": 23.62886186, "Longitude": 57.88694794}}, {"type": "Feature", "id": 474, "geometry": {"type": "Polygon", "coordinates": [[[57.8833975605322, 23.629871031537313], [57.8833650967793, 23.629744082130284], [57.88426270238552, 23.629488993787433], [57.88426327265558, 23.629490559393098], [57.884270285624496, 23.629509804518392], [57.88429306326499, 23.629572305192355], [57.88430072740204, 23.629593336743937], [57.8843028986121, 23.629599295414184], [57.8833975605322, 23.629871031537313]]]}, "properties": {"OBJECTID": 474, "Shape_Length": 220.27600668350817, "Shape_Area": 1315.8975708563974, "Field_ID": "FI_351", "Gov_Name": "North Al Batinah", "Wil_Name": "Barka", "Pl_Type_EN": "Seasonal Crops", "Pl_Type_AR": "المحاصيل الموسمية", "Tree_Count": 0, "SurveyDate": 1784764800000, "Latitude": 23.62967842, "Longitude": 57.88382374}}, {"type": "Feature", "id": 475, "geometry": {"type": "Polygon", "coordinates": [[[57.88331076759936, 23.63408422177215], [57.88311194863035, 23.633430584669537], [57.88377003737655, 23.63326393040559], [57.88392159498482, 23.63392516357658], [57.88331076759936, 23.63408422177215]]]}, "properties": {"OBJECTID": 475, "Shape_Length": 284.3539334453765, "Shape_Area": 5033.213186439054, "Field_ID": "FI_352", "Gov_Name": "North Al Batinah", "Wil_Name": "Barka", "Pl_Type_EN": "Seasonal Crops", "Pl_Type_AR": "المحاصيل الموسمية", "Tree_Count": 0, "SurveyDate": 1784764800000, "Latitude": 23.63367208, "Longitude": 57.88352718}}, {"type": "Feature", "id": 476, "geometry": {"type": "Polygon", "coordinates": [[[57.882043870892815, 23.63218642610786], [57.881787084267046, 23.632248701980426], [57.881539461357654, 23.632308754971035], [57.88140576740708, 23.632333484664166], [57.88117535486243, 23.632376103292096], [57.88088532245704, 23.63242974950949], [57.88086807489194, 23.632282098557663], [57.88093923061658, 23.632277009592745], [57.880905020165635, 23.63196594254366], [57.88140278406743, 23.631848693365747], [57.88142241175733, 23.631913942733828], [57.88194240474237, 23.631790817575407], [57.882043870892815, 23.63218642610786]]]}, "properties": {"OBJECTID": 476, "Shape_Length": 339.2873142535516, "Shape_Area": 5457.545871636589, "Field_ID": "FI_353", "Gov_Name": "North Al Batinah", "Wil_Name": "Barka", "Pl_Type_EN": "Mixed Vegetation", "Pl_Type_AR": "غطاء نباتي مختلط", "Tree_Count": 0, "SurveyDate": 1784764800000, "Latitude": 23.63210401, "Longitude": 57.88143579}}, {"type": "Feature", "id": 477, "geometry": {"type": "Polygon", "coordinates": [[[57.882257115499776, 23.632328931326345], [57.88212654742173, 23.63236557963085], [57.88218830810564, 23.63265935145051], [57.88164235685954, 23.63277988021376], [57.88155232904901, 23.632355882112787], [57.88193876310607, 23.6322688896547], [57.88221793565741, 23.632206042750614], [57.882257115499776, 23.632328931326345]]]}, "properties": {"OBJECTID": 477, "Shape_Length": 236.23269984204518, "Shape_Area": 2938.775386863964, "Field_ID": "FI_354", "Gov_Name": "North Al Batinah", "Wil_Name": "Barka", "Pl_Type_EN": "Mixed Vegetation", "Pl_Type_AR": "غطاء نباتي مختلط", "Tree_Count": 0, "SurveyDate": 1784764800000, "Latitude": 23.63249235, "Longitude": 57.88189055}}, {"type": "Feature", "id": 478, "geometry": {"type": "Polygon", "coordinates": [[[57.8837893609708, 23.636413794339916], [57.88314179856871, 23.636532379571115], [57.88295140301035, 23.635689084369204], [57.8835985321727, 23.63553078073517], [57.8837893609708, 23.636413794339916]]]}, "properties": {"OBJECTID": 478, "Shape_Length": 330.6990233115993, "Shape_Area": 6608.671813840716, "Field_ID": "FI_355", "Gov_Name": "North Al Batinah", "Wil_Name": "Barka", "Pl_Type_EN": "Mixed Vegetation", "Pl_Type_AR": "غطاء نباتي مختلط", "Tree_Count": 0, "SurveyDate": 1784764800000, "Latitude": 23.63604012, "Longitude": 57.88337245}}, {"type": "Feature", "id": 479, "geometry": {"type": "Polygon", "coordinates": [[[57.88256934173694, 23.639581041937472], [57.882529986703226, 23.63935799628986], [57.8836063741253, 23.63920911699756], [57.883663607827174, 23.639200777734082], [57.883705450526975, 23.63941703941172], [57.88256934173694, 23.639581041937472]]]}, "properties": {"OBJECTID": 479, "Shape_Length": 283.5772552126392, "Shape_Area": 2886.3402166984492, "Field_ID": "FI_356", "Gov_Name": "North Al Batinah", "Wil_Name": "Barka", "Pl_Type_EN": "Mixed Vegetation", "Pl_Type_AR": "غطاء نباتي مختلط", "Tree_Count": 0, "SurveyDate": 1784764800000, "Latitude": 23.63938977, "Longitude": 57.88311427}}, {"type": "Feature", "id": 480, "geometry": {"type": "Polygon", "coordinates": [[[57.8848783340677, 23.643202237560505], [57.88479831783676, 23.642729924665854], [57.8856397216721, 23.642614952305582], [57.885724690725446, 23.643054021345893], [57.8848783340677, 23.643202237560505]]]}, "properties": {"OBJECTID": 480, "Shape_Length": 276.9442329217651, "Shape_Area": 4465.472686246813, "Field_ID": "FI_357", "Gov_Name": "North Al Batinah", "Wil_Name": "Barka", "Pl_Type_EN": "Seasonal Crops", "Pl_Type_AR": "المحاصيل الموسمية", "Tree_Count": 0, "SurveyDate": 1785801600000, "Latitude": 23.64290152, "Longitude": 57.88525548}}, {"type": "Feature", "id": 481, "geometry": {"type": "Polygon", "coordinates": [[[57.885195959989, 23.643951379717077], [57.8850455689278, 23.643499631716217], [57.885015696574065, 23.643368991287158], [57.885095617697246, 23.64335685047767], [57.885772920688076, 23.64325396112639], [57.885800197977346, 23.643382469318745], [57.88588419599505, 23.64377819843389], [57.885195959989, 23.643951379717077]]]}, "properties": {"OBJECTID": 481, "Shape_Length": 277.292603273548, "Shape_Area": 4788.148165078355, "Field_ID": "FI_358", "Gov_Name": "North Al Batinah", "Wil_Name": "Barka", "Pl_Type_EN": "Mixed Vegetation", "Pl_Type_AR": "غطاء نباتي مختلط", "Tree_Count": 0, "SurveyDate": 1785801600000, "Latitude": 23.64358651, "Longitude": 57.88545619}}, {"type": "Feature", "id": 482, "geometry": {"type": "Polygon", "coordinates": [[[57.88377951879324, 23.644308024466174], [57.88369265457158, 23.643932959318885], [57.883823616275805, 23.643909651072605], [57.88383452815855, 23.64394422287495], [57.883938137298706, 23.644274607059568], [57.88377951879324, 23.644308024466174]]]}, "properties": {"OBJECTID": 482, "Shape_Length": 114.72583372035508, "Shape_Area": 637.4110230876802, "Field_ID": "FI_359", "Gov_Name": "North Al Batinah", "Wil_Name": "Barka", "Pl_Type_EN": "Mixed Vegetation", "Pl_Type_AR": "غطاء نباتي مختلط", "Tree_Count": 0, "SurveyDate": 1785801600000, "Latitude": 23.64411247, "Longitude": 57.88381002}}, {"type": "Feature", "id": 483, "geometry": {"type": "Polygon", "coordinates": [[[57.88325134619548, 23.64391537387605], [57.88319427654451, 23.643740582536317], [57.88355702618951, 23.643680152347564], [57.88365084614642, 23.64366452260833], [57.883688539387386, 23.64383026215885], [57.883669847641414, 23.64383448454718], [57.8836371017876, 23.643840778570176], [57.88352950348237, 23.643861458910497], [57.88325134619548, 23.64391537387605]]]}, "properties": {"OBJECTID": 483, "Shape_Length": 131.86286620115618, "Shape_Area": 903.4961225109544, "Field_ID": "FI_360", "Gov_Name": "North Al Batinah", "Wil_Name": "Barka", "Pl_Type_EN": "Seasonal Crops", "Pl_Type_AR": "المحاصيل الموسمية", "Tree_Count": 0, "SurveyDate": 1785801600000, "Latitude": 23.64378773, "Longitude": 57.88344363}}, {"type": "Feature", "id": 484, "geometry": {"type": "Polygon", "coordinates": [[[57.884614412622376, 23.644960901325454], [57.88441692590393, 23.64450320290802], [57.88501152470166, 23.6443502599841], [57.885049567599566, 23.644448893234035], [57.8851824076983, 23.64441606154757], [57.8851519672981, 23.644314135232555], [57.88536592787979, 23.64425909946062], [57.885399172221376, 23.64442992002386], [57.88478392566564, 23.644624249313598], [57.88488342984805, 23.644893405897346], [57.884879494194294, 23.644894392971004], [57.885043342234226, 23.645331327661605], [57.884954262557315, 23.645352047821117], [57.88484355214639, 23.645377800241985], [57.88480041646503, 23.645388920879387], [57.88461404656421, 23.644960993733484], [57.884614412622376, 23.644960901325454]]]}, "properties": {"OBJECTID": 484, "Shape_Length": 422.7949009690663, "Shape_Area": 4239.556744014105, "Field_ID": "FI_361", "Gov_Name": "North Al Batinah", "Wil_Name": "Barka", "Pl_Type_EN": "Mixed Vegetation", "Pl_Type_AR": "غطاء نباتي مختلط", "Tree_Count": 0, "SurveyDate": 1785801600000, "Latitude": 23.64476298, "Longitude": 57.88482927}}, {"type": "Feature", "id": 485, "geometry": {"type": "Polygon", "coordinates": [[[57.88575958563219, 23.646432614973655], [57.88548518786638, 23.64648128395817], [57.88536383288235, 23.64598885237922], [57.885065679539146, 23.646052619506342], [57.88490552697026, 23.64563366271755], [57.88540073395471, 23.64549044110686], [57.88554113103661, 23.64595045931223], [57.88554923655084, 23.645949042871273], [57.88559267258125, 23.64594145180663], [57.88566843663851, 23.645928210835386], [57.88575958563219, 23.646432614973655]]]}, "properties": {"OBJECTID": 485, "Shape_Length": 340.49160801678875, "Shape_Area": 4318.232050126577, "Field_ID": "FI_362", "Gov_Name": "North Al Batinah", "Wil_Name": "Barka", "Pl_Type_EN": "Mixed Vegetation", "Pl_Type_AR": "غطاء نباتي مختلط", "Tree_Count": 0, "SurveyDate": 1785801600000, "Latitude": 23.64594557, "Longitude": 57.88536361}}, {"type": "Feature", "id": 486, "geometry": {"type": "Polygon", "coordinates": [[[57.87961433453197, 23.645312958027525], [57.87880597430522, 23.64548415716245], [57.8784566255208, 23.64433319197074], [57.87925077283596, 23.644191180030376], [57.87961433453197, 23.645312958027525]]]}, "properties": {"OBJECTID": 486, "Shape_Length": 429.05936791706546, "Shape_Area": 10913.168240867377, "Field_ID": "FI_365", "Gov_Name": "North Al Batinah", "Wil_Name": "Barka", "Pl_Type_EN": "Seasonal Crops", "Pl_Type_AR": "المحاصيل الموسمية", "Tree_Count": 0, "SurveyDate": 1785801600000, "Latitude": 23.64483326, "Longitude": 57.87903128}}, {"type": "Feature", "id": 487, "geometry": {"type": "Polygon", "coordinates": [[[57.88264675934994, 23.643174976478207], [57.882436328760576, 23.64321232005358], [57.88237799382882, 23.64286644106108], [57.88241984144677, 23.642877371876455], [57.882604677788855, 23.642881970373992], [57.88264675934994, 23.643174976478207]]]}, "properties": {"OBJECTID": 487, "Shape_Length": 116.63486937620684, "Shape_Area": 784.3290934594033, "Field_ID": "FI_366", "Gov_Name": "North Al Batinah", "Wil_Name": "Barka", "Pl_Type_EN": "Uncultivated Area", "Pl_Type_AR": "منطقة غير مزروعة", "Tree_Count": 0, "SurveyDate": 1785801600000, "Latitude": 23.6430352, "Longitude": 57.88251385}}, {"type": "Feature", "id": 488, "geometry": {"type": "Polygon", "coordinates": [[[57.89064317324533, 23.634167744173272], [57.8905148850438, 23.633704891316047], [57.891044874606386, 23.633611528971315], [57.891103887379614, 23.633599681433914], [57.89121478622813, 23.63401923054127], [57.89064317324533, 23.634167744173272]]]}, "properties": {"OBJECTID": 488, "Shape_Length": 222.4875346340036, "Shape_Area": 3058.6967519082436, "Field_ID": "FI_369", "Gov_Name": "North Al Batinah", "Wil_Name": "Barka", "Pl_Type_EN": "Uncultivated Area", "Pl_Type_AR": "منطقة غير مزروعة", "Tree_Count": 0, "SurveyDate": 1784764800000, "Latitude": 23.63387395, "Longitude": 57.89086418}}, {"type": "Feature", "id": 489, "geometry": {"type": "Polygon", "coordinates": [[[57.90009932272174, 23.63506597268851], [57.9000754574385, 23.63452598134047], [57.900102773387424, 23.63450441348578], [57.900416882526905, 23.634581336417483], [57.900662960554826, 23.634780452345126], [57.90066320989396, 23.63505779598732], [57.90009932272174, 23.63506597268851]]]}, "properties": {"OBJECTID": 489, "Shape_Length": 218.30437510540605, "Shape_Area": 2997.5008431608794, "Field_ID": "FI_370", "Gov_Name": "North Al Batinah", "Wil_Name": "Barka", "Pl_Type_EN": "Seasonal Crops", "Pl_Type_AR": "المحاصيل الموسمية", "Tree_Count": 0, "SurveyDate": 1785801600000, "Latitude": 23.63482225, "Longitude": 57.90034646}}, {"type": "Feature", "id": 490, "geometry": {"type": "Polygon", "coordinates": [[[57.901252865813674, 23.635824434249674], [57.90078381111309, 23.635843503233573], [57.90077454578152, 23.635638036779035], [57.90090714723477, 23.635638579892404], [57.90090671167465, 23.635687677403418], [57.90125875128719, 23.63568629971082], [57.901252865813674, 23.635824434249674]]]}, "properties": {"OBJECTID": 490, "Shape_Length": 140.84091404542744, "Shape_Area": 861.5969774663399, "Field_ID": "FI_371", "Gov_Name": "North Al Batinah", "Wil_Name": "Barka", "Pl_Type_EN": "Seasonal Crops", "Pl_Type_AR": "المحاصيل الموسمية", "Tree_Count": 0, "SurveyDate": 1785801600000, "Latitude": 23.6357517, "Longitude": 57.90099589}}, {"type": "Feature", "id": 491, "geometry": {"type": "Polygon", "coordinates": [[[57.901513664332114, 23.63462834823449], [57.90145730352719, 23.634621085341934], [57.90140955351667, 23.63462089859899], [57.90126615922667, 23.634683329763092], [57.90113692958541, 23.63476233974986], [57.90113464383496, 23.634957337528594], [57.90112390046711, 23.635031857551944], [57.901062645292306, 23.635103904528805], [57.90096492036002, 23.635104656453915], [57.90096022452875, 23.634648815785596], [57.90096360145568, 23.634579997978175], [57.901514785163734, 23.63456740042965], [57.901513664332114, 23.63462834823449]]]}, "properties": {"OBJECTID": 491, "Shape_Length": 213.78311933595418, "Shape_Area": 1403.4327475222724, "Field_ID": "FI_372", "Gov_Name": "North Al Batinah", "Wil_Name": "Barka", "Pl_Type_EN": "Uncultivated Area", "Pl_Type_AR": "منطقة غير مزروعة", "Tree_Count": 0, "SurveyDate": 1785801600000, "Latitude": 23.63477176, "Longitude": 57.90111521}}, {"type": "Feature", "id": 492, "geometry": {"type": "Polygon", "coordinates": [[[57.89877090119187, 23.63692981214344], [57.898545515371666, 23.636936245478484], [57.898542820136704, 23.636866408859657], [57.89836027926583, 23.63687026255658], [57.89827204218863, 23.636872063373307], [57.89827197270365, 23.63682754165653], [57.898250023738605, 23.63682702298829], [57.8982516594335, 23.636704243051796], [57.898853001142, 23.63670113953521], [57.89885385886323, 23.636810105091573], [57.89877428868584, 23.636814411105494], [57.89877090119187, 23.63692981214344]]]}, "properties": {"OBJECTID": 492, "Shape_Length": 173.44923340044556, "Shape_Area": 1236.029856687832, "Field_ID": "FI_373", "Gov_Name": "North Al Batinah", "Wil_Name": "Barka", "Pl_Type_EN": "Mixed Vegetation", "Pl_Type_AR": "غطاء نباتي مختلط", "Tree_Count": 0, "SurveyDate": 1785801600000, "Latitude": 23.63679848, "Longitude": 57.89855793}}, {"type": "Feature", "id": 493, "geometry": {"type": "Polygon", "coordinates": [[[57.89823917384668, 23.63667713188421], [57.8982432555481, 23.63658696662192], [57.90005131115323, 23.636579111582304], [57.90005230556272, 23.636631353849545], [57.89885265428467, 23.63665708728524], [57.8988528282034, 23.636679113407418], [57.89823917384668, 23.63667713188421]]]}, "properties": {"OBJECTID": 493, "Shape_Length": 387.649145314097, "Shape_Area": 1485.2319463706103, "Field_ID": "FI_374", "Gov_Name": "North Al Batinah", "Wil_Name": "Barka", "Pl_Type_EN": "Mixed Vegetation", "Pl_Type_AR": "غطاء نباتي مختلط", "Tree_Count": 0, "SurveyDate": 1785801600000, "Latitude": 23.63662137, "Longitude": 57.89904537}}, {"type": "Feature", "id": 494, "geometry": {"type": "Polygon", "coordinates": [[[57.891954225152396, 23.645860685932348], [57.89178668262521, 23.644635237292643], [57.89278695611005, 23.644528962901035], [57.8929923032101, 23.64571870598795], [57.891954225152396, 23.645860685932348]]]}, "properties": {"OBJECTID": 494, "Shape_Length": 479.8826349813444, "Shape_Area": 14160.593338346662, "Field_ID": "FI_375", "Gov_Name": "North Al Batinah", "Wil_Name": "Barka", "Pl_Type_EN": "Seasonal Crops", "Pl_Type_AR": "المحاصيل الموسمية", "Tree_Count": 0, "SurveyDate": 1785801600000, "Latitude": 23.64519036, "Longitude": 57.89237854}}, {"type": "Feature", "id": 495, "geometry": {"type": "Polygon", "coordinates": [[[57.89207343252308, 23.64435825500444], [57.8920551943297, 23.644148039967423], [57.892098319364734, 23.644143606463], [57.89207831072567, 23.643984184692332], [57.89250468706205, 23.643933682093422], [57.892567919629876, 23.644297604032978], [57.89207343252308, 23.64435825500444]]]}, "properties": {"OBJECTID": 495, "Shape_Length": 181.08092659590835, "Shape_Area": 1942.020642161816, "Field_ID": "FI_376", "Gov_Name": "North Al Batinah", "Wil_Name": "Barka", "Pl_Type_EN": "Mixed Vegetation", "Pl_Type_AR": "غطاء نباتي مختلط", "Tree_Count": 0, "SurveyDate": 1785801600000, "Latitude": 23.6441495, "Longitude": 57.89230547}}, {"type": "Feature", "id": 496, "geometry": {"type": "Polygon", "coordinates": [[[57.88058782293761, 23.64599544958942], [57.880766799835996, 23.646867940485805], [57.880175377642, 23.64699728231116], [57.87992172121026, 23.646221629903522], [57.88058782293761, 23.64599544958942]]]}, "properties": {"OBJECTID": 496, "Shape_Length": 322.4132216908022, "Shape_Area": 6285.716420596563, "Field_ID": "FI_377", "Gov_Name": "North Al Batinah", "Wil_Name": "Barka", "Pl_Type_EN": "Uncultivated Area", "Pl_Type_AR": "منطقة غير مزروعة", "Tree_Count": 0, "SurveyDate": 1785801600000, "Latitude": 23.64650913, "Longitude": 57.88036474}}, {"type": "Feature", "id": 497, "geometry": {"type": "Polygon", "coordinates": [[[57.880175377642, 23.64699728231116], [57.880766799835996, 23.646867940485805], [57.88109340630353, 23.64841817858447], [57.88066749064647, 23.64850208035246], [57.880175377642, 23.64699728231116]]]}, "properties": {"OBJECTID": 497, "Shape_Length": 455.27605552597316, "Shape_Area": 9267.589305220492, "Field_ID": "FI_378", "Gov_Name": "North Al Batinah", "Wil_Name": "Barka", "Pl_Type_EN": "Citrus", "Pl_Type_AR": "حمضيات", "Tree_Count": 69, "SurveyDate": 1785801600000, "Latitude": 23.64765421, "Longitude": 57.88066477}}, {"type": "Feature", "id": 498, "geometry": {"type": "Polygon", "coordinates": [[[57.88547833272712, 23.64645346762168], [57.885417374268, 23.646468361711833], [57.8850701189942, 23.646557991395145], [57.88496130778695, 23.646187086140724], [57.88492966776137, 23.646076081401763], [57.885065679539146, 23.646052619506342], [57.88507941331458, 23.646049682495036], [57.88508457963168, 23.6460485772976], [57.885093729605146, 23.64604662022583], [57.88536383288235, 23.64598885237922], [57.88547833272712, 23.64645346762168]], [[57.88521014865307, 23.646071447456187], [57.885167415261854, 23.646080165206115], [57.885179262673404, 23.6461173074676], [57.885223589121004, 23.646107108408728], [57.88521014865307, 23.646071447456187]]]}, "properties": {"OBJECTID": 498, "Shape_Length": 214.13779005536742, "Shape_Area": 2360.6958306269253, "Field_ID": "FI_379", "Gov_Name": "North Al Batinah", "Wil_Name": "Barka", "Pl_Type_EN": "Citrus", "Pl_Type_AR": "حمضيات", "Tree_Count": 16, "SurveyDate": 1785801600000, "Latitude": 23.64626977, "Longitude": 57.88520856}}, {"type": "Feature", "id": 499, "geometry": {"type": "Polygon", "coordinates": [[[57.88224299138464, 23.643305943683036], [57.88216370224101, 23.64324903179218], [57.88214142055659, 23.643066956518258], [57.88233112203522, 23.64303749156613], [57.8823738448582, 23.643287891183853], [57.88224299138464, 23.643305943683036]]]}, "properties": {"OBJECTID": 499, "Shape_Length": 91.72258642662246, "Shape_Area": 536.6307518014814, "Field_ID": "FI_385", "Gov_Name": "North Al Batinah", "Wil_Name": "Barka", "Pl_Type_EN": "Seasonal Crops", "Pl_Type_AR": "المحاصيل الموسمية", "Tree_Count": 0, "SurveyDate": 1785801600000, "Latitude": 23.64317256, "Longitude": 57.88225812}}, {"type": "Feature", "id": 500, "geometry": {"type": "Polygon", "coordinates": [[[57.88248131693309, 23.63972071749867], [57.88269826167418, 23.639690119920488], [57.88271081503213, 23.639754808655184], [57.882493772075954, 23.63978276315207], [57.88248131693309, 23.63972071749867]]]}, "properties": {"OBJECTID": 500, "Shape_Length": 59.002984280109715, "Shape_Area": 159.42588488080014, "Field_ID": "FI_386", "Gov_Name": "North Al Batinah", "Wil_Name": "Barka", "Pl_Type_EN": "Banana", "Pl_Type_AR": "موز", "Tree_Count": 19, "SurveyDate": 1784764800000, "Latitude": 23.63973699, "Longitude": 57.88259678}}, {"type": "Feature", "id": 501, "geometry": {"type": "Polygon", "coordinates": [[[57.88897692568257, 23.62848105508799], [57.88882598807639, 23.628617528757488], [57.88867919294579, 23.62867541206867], [57.888782366066884, 23.629077342973478], [57.888296125469516, 23.629250659760586], [57.888201267361865, 23.628843600414644], [57.8881694118997, 23.628706899500095], [57.888962374484976, 23.628445389888757], [57.88897692568257, 23.62848105508799]]]}, "properties": {"OBJECTID": 501, "Shape_Length": 288.48797950667654, "Shape_Area": 3544.218095999153, "Field_ID": "FI_388", "Gov_Name": "North Al Batinah", "Wil_Name": "Barka", "Pl_Type_EN": "Sidr", "Pl_Type_AR": "السدر", "Tree_Count": 158, "SurveyDate": 1784764800000, "Latitude": 23.62886077, "Longitude": 57.88850791}}, {"type": "Feature", "id": 502, "geometry": {"type": "Polygon", "coordinates": [[[57.88827036083359, 23.64464503718425], [57.8884008643411, 23.644624760633402], [57.88845605612832, 23.644915610498323], [57.88839374851896, 23.64500672155268], [57.88832124536899, 23.64501780638799], [57.8883052197213, 23.64491576024742], [57.88827036083359, 23.64464503718425]]]}, "properties": {"OBJECTID": 502, "Shape_Length": 107.21043123213039, "Shape_Area": 571.587286750066, "Field_ID": "FI_395", "Gov_Name": "North Al Batinah", "Wil_Name": "Barka", "Pl_Type_EN": "Grass", "Pl_Type_AR": "عشب", "Tree_Count": 0, "SurveyDate": 1785801600000, "Latitude": 23.64481595, "Longitude": 57.88836148}}, {"type": "Feature", "id": 503, "geometry": {"type": "Polygon", "coordinates": [[[57.8847328786979, 23.64152266379732], [57.8852654288914, 23.6414236382638], [57.88529582642947, 23.64156913869548], [57.88543994089601, 23.64156381619072], [57.88553041661832, 23.64205013002982], [57.88483252605548, 23.642157232564678], [57.88473292424358, 23.641529439323186], [57.8847328786979, 23.64152266379732]]]}, "properties": {"OBJECTID": 503, "Shape_Length": 284.3272405601854, "Shape_Area": 4885.083330675422, "Field_ID": "FI_407", "Gov_Name": "North Al Batinah", "Wil_Name": "Barka", "Pl_Type_EN": "Seasonal Crops", "Pl_Type_AR": "المحاصيل الموسمية", "Tree_Count": 0, "SurveyDate": 1785801600000, "Latitude": 23.64179845, "Longitude": 57.8851161}}, {"type": "Feature", "id": 504, "geometry": {"type": "Polygon", "coordinates": [[[57.888563470426355, 23.64547634950116], [57.88853975216086, 23.64535485831199], [57.88884215970786, 23.64529553913959], [57.889045244545805, 23.645255922196267], [57.88906987177917, 23.64538055662839], [57.88898821232353, 23.645396003427198], [57.88886104166081, 23.645420060224595], [57.88878638229282, 23.645434182445648], [57.888563470426355, 23.64547634950116]]]}, "properties": {"OBJECTID": 504, "Shape_Length": 133.13348175372136, "Shape_Area": 730.1082592179795, "Field_ID": "FI_408", "Gov_Name": "North Al Batinah", "Wil_Name": "Barka", "Pl_Type_EN": "Palm", "Pl_Type_AR": "نخيل", "Tree_Count": 16, "SurveyDate": 1784505600000, "Latitude": 23.64536668, "Longitude": 57.88880568}}, {"type": "Feature", "id": 505, "geometry": {"type": "Polygon", "coordinates": [[[57.889310496913, 23.64523890047162], [57.88918472330879, 23.644490416974126], [57.88923717192706, 23.644484754834483], [57.88939434505319, 23.645224544657673], [57.889310496913, 23.64523890047162]]]}, "properties": {"OBJECTID": 505, "Shape_Length": 181.40803608986653, "Shape_Area": 588.6931887833824, "Field_ID": "FI_409", "Gov_Name": "North Al Batinah", "Wil_Name": "Barka", "Pl_Type_EN": "Palm", "Pl_Type_AR": "نخيل", "Tree_Count": 12, "SurveyDate": 1784505600000, "Latitude": 23.64488892, "Longitude": 57.88928722}}, {"type": "Feature", "id": 506, "geometry": {"type": "Polygon", "coordinates": [[[57.88769940788219, 23.645023706846672], [57.8876330095252, 23.644744052723365], [57.88803627916094, 23.644676452570067], [57.888069304510054, 23.645020880692602], [57.88801422766957, 23.645026627944016], [57.88800632426399, 23.644976619873113], [57.88769940788219, 23.645023706846672]]]}, "properties": {"OBJECTID": 506, "Shape_Length": 154.77241466721995, "Shape_Area": 1304.433584269183, "Field_ID": "FI_410", "Gov_Name": "North Al Batinah", "Wil_Name": "Barka", "Pl_Type_EN": "Palm", "Pl_Type_AR": "نخيل", "Tree_Count": 31, "SurveyDate": 1784505600000, "Latitude": 23.64485423, "Longitude": 57.88786304}}, {"type": "Feature", "id": 507, "geometry": {"type": "Polygon", "coordinates": [[[57.88735173450817, 23.645535122176792], [57.88706265927228, 23.645578116404227], [57.88703290548372, 23.645581216587644], [57.88700606511807, 23.645379315156987], [57.88719584208507, 23.645358269693155], [57.8872069341172, 23.645425373330564], [57.88732464838321, 23.645413164129216], [57.88735173450817, 23.645535122176792]]]}, "properties": {"OBJECTID": 507, "Shape_Length": 108.32005531034297, "Shape_Area": 615.6124550136146, "Field_ID": "FI_411", "Gov_Name": "North Al Batinah", "Wil_Name": "Barka", "Pl_Type_EN": "Palm", "Pl_Type_AR": "نخيل", "Tree_Count": 18, "SurveyDate": 1784505600000, "Latitude": 23.64547279, "Longitude": 57.88716132}}, {"type": "Feature", "id": 508, "geometry": {"type": "Polygon", "coordinates": [[[57.88693963065118, 23.6453415495797], [57.88693593567555, 23.64529503984057], [57.88748656440726, 23.64524077287584], [57.88749119440082, 23.64528241082388], [57.88693963065118, 23.6453415495797]]]}, "properties": {"OBJECTID": 508, "Shape_Length": 122.91954212825232, "Shape_Area": 276.9663657991053, "Field_ID": "FI_412", "Gov_Name": "North Al Batinah", "Wil_Name": "Barka", "Pl_Type_EN": "Palm", "Pl_Type_AR": "نخيل", "Tree_Count": 10, "SurveyDate": 1784505600000, "Latitude": 23.64529046, "Longitude": 57.8872084}}, {"type": "Feature", "id": 509, "geometry": {"type": "Polygon", "coordinates": [[[57.887354615416115, 23.645401710813704], [57.88734567922592, 23.645340561366602], [57.88754782105207, 23.645320216044034], [57.88755064706705, 23.64538292956335], [57.887354615416115, 23.645401710813704]]]}, "properties": {"OBJECTID": 509, "Shape_Length": 54.62467234843997, "Shape_Area": 140.5420271207934, "Field_ID": "FI_413", "Gov_Name": "North Al Batinah", "Wil_Name": "Barka", "Pl_Type_EN": "Palm", "Pl_Type_AR": "نخيل", "Tree_Count": 3, "SurveyDate": 1784505600000, "Latitude": 23.64536117, "Longitude": 57.88744993}}, {"type": "Feature", "id": 510, "geometry": {"type": "Polygon", "coordinates": [[[57.884434211953526, 23.64354084906022], [57.88442942400216, 23.643518441856468], [57.88442684579356, 23.643499081177758], [57.884580591326845, 23.643480666840926], [57.8845890854332, 23.643523226706822], [57.884434211953526, 23.64354084906022]]]}, "properties": {"OBJECTID": 510, "Shape_Length": 41.210450097047364, "Shape_Area": 75.28889860785328, "Field_ID": "FI_414", "Gov_Name": "North Al Batinah", "Wil_Name": "Barka", "Pl_Type_EN": "Palm", "Pl_Type_AR": "نخيل", "Tree_Count": 3, "SurveyDate": 1785801600000, "Latitude": 23.64351097, "Longitude": 57.88450776}}, {"type": "Feature", "id": 511, "geometry": {"type": "Polygon", "coordinates": [[[57.88594318138687, 23.632074769902903], [57.88596711783949, 23.632184733948403], [57.8858655982438, 23.63220200392505], [57.885865562989686, 23.63220200954557], [57.884619568145375, 23.6324229151856], [57.88409294285888, 23.63250696326691], [57.884206347745376, 23.633078776637777], [57.88413618928737, 23.63309474767374], [57.88405775512073, 23.632759322340934], [57.88401622183865, 23.632581705732154], [57.88398250275129, 23.632437505367182], [57.884032406339585, 23.63242841389202], [57.88448976394593, 23.63234376927867], [57.88594318138687, 23.632074769902903]]]}, "properties": {"OBJECTID": 511, "Shape_Length": 557.0743786694168, "Shape_Area": 2851.0928339709653, "Field_ID": "FI_415", "Gov_Name": "North Al Batinah", "Wil_Name": "Barka", "Pl_Type_EN": "Palm", "Pl_Type_AR": "نخيل", "Tree_Count": 40, "SurveyDate": 1784764800000, "Latitude": 23.63239265, "Longitude": 57.8848392}}, {"type": "Feature", "id": 512, "geometry": {"type": "Polygon", "coordinates": [[[57.885865562989686, 23.63220200954557], [57.88596711783949, 23.632184733948403], [57.88604034776759, 23.63252115347474], [57.88615545394189, 23.63306715654934], [57.88619237973582, 23.633219574311006], [57.88621996555009, 23.633346301569745], [57.886281609699296, 23.633629486677048], [57.886315461716535, 23.633785000052026], [57.886321955328086, 23.633814828088518], [57.88632285972445, 23.633818983050183], [57.88632314502877, 23.633820297379252], [57.88632351730231, 23.633822006812043], [57.88632360429584, 23.633822405528413], [57.886519779250605, 23.633792489624764], [57.88652839434897, 23.63382959433314], [57.886215676447705, 23.63389348968055], [57.885865562989686, 23.63220200954557]]]}, "properties": {"OBJECTID": 512, "Shape_Length": 443.28745572130396, "Shape_Area": 2259.812688866903, "Field_ID": "FI_416", "Gov_Name": "North Al Batinah", "Wil_Name": "Barka", "Pl_Type_EN": "Palm", "Pl_Type_AR": "نخيل", "Tree_Count": 52, "SurveyDate": 1784764800000, "Latitude": 23.63309327, "Longitude": 57.88611381}}, {"type": "Feature", "id": 513, "geometry": {"type": "Polygon", "coordinates": [[[57.88652839434897, 23.63382959433314], [57.88609900962168, 23.6319803564123], [57.88618454637394, 23.63196624124104], [57.88658944837028, 23.633814778862753], [57.88652839434897, 23.63382959433314]]]}, "properties": {"OBJECTID": 513, "Shape_Length": 433.48035663789074, "Shape_Area": 1598.6976639943102, "Field_ID": "FI_417", "Gov_Name": "North Al Batinah", "Wil_Name": "Barka", "Pl_Type_EN": "Palm", "Pl_Type_AR": "نخيل", "Tree_Count": 26, "SurveyDate": 1784764800000, "Latitude": 23.63284879, "Longitude": 57.88633929}}, {"type": "Feature", "id": 514, "geometry": {"type": "Polygon", "coordinates": [[[57.88608413784873, 23.63364627989572], [57.885916571131894, 23.633678060441525], [57.885836301578934, 23.633399727843095], [57.88601981185238, 23.633362795705924], [57.88608413784873, 23.63364627989572]]]}, "properties": {"OBJECTID": 514, "Shape_Length": 100.56431158168965, "Shape_Area": 584.974925576485, "Field_ID": "FI_418", "Gov_Name": "North Al Batinah", "Wil_Name": "Barka", "Pl_Type_EN": "Palm", "Pl_Type_AR": "نخيل", "Tree_Count": 13, "SurveyDate": 1784764800000, "Latitude": 23.6335195, "Longitude": 57.88596374}}, {"type": "Feature", "id": 515, "geometry": {"type": "Polygon", "coordinates": [[[57.8862115513366, 23.633873561607437], [57.88441228661969, 23.634201884762277], [57.88438890914958, 23.634099554738526], [57.88432670299101, 23.633830797887594], [57.884221410057286, 23.633427729943772], [57.88432669084726, 23.633411687795544], [57.884465066340844, 23.63402747070435], [57.88448064202209, 23.634096783635766], [57.884814687820494, 23.634033918063665], [57.88518903324637, 23.633963467067396], [57.88551744749003, 23.633901659973116], [57.88619515320521, 23.633794337358637], [57.8862115513366, 23.633873561607437]]]}, "properties": {"OBJECTID": 515, "Shape_Length": 550.3758416525408, "Shape_Area": 2661.6915802795174, "Field_ID": "FI_419", "Gov_Name": "North Al Batinah", "Wil_Name": "Barka", "Pl_Type_EN": "Palm", "Pl_Type_AR": "نخيل", "Tree_Count": 38, "SurveyDate": 1784764800000, "Latitude": 23.6339253, "Longitude": 57.88502332}}, {"type": "Feature", "id": 516, "geometry": {"type": "Polygon", "coordinates": [[[57.88599570210375, 23.631998940901262], [57.88502631609957, 23.632176875179905], [57.883979266929295, 23.632369057754914], [57.883967022960064, 23.63237130513862], [57.883927575583755, 23.632378493583044], [57.88392171990224, 23.632351161844184], [57.885983689682206, 23.631955310978093], [57.88599570210375, 23.631998940901262]]]}, "properties": {"OBJECTID": 516, "Shape_Length": 438.0351545655492, "Shape_Area": 867.2447618241648, "Field_ID": "FI_420", "Gov_Name": "North Al Batinah", "Wil_Name": "Barka", "Pl_Type_EN": "Palm", "Pl_Type_AR": "نخيل", "Tree_Count": 23, "SurveyDate": 1784764800000, "Latitude": 23.63215587, "Longitude": 57.88503773}}, {"type": "Feature", "id": 517, "geometry": {"type": "Polygon", "coordinates": [[[57.883927575583755, 23.632378493583044], [57.883967022960064, 23.63237130513862], [57.884139494821795, 23.6331088846601], [57.88408929058883, 23.633117038562286], [57.883927575583755, 23.632378493583044]]]}, "properties": {"OBJECTID": 517, "Shape_Length": 176.25923396838107, "Shape_Area": 388.13981861175733, "Field_ID": "FI_421", "Gov_Name": "North Al Batinah", "Wil_Name": "Barka", "Pl_Type_EN": "Palm", "Pl_Type_AR": "نخيل", "Tree_Count": 10, "SurveyDate": 1784764800000, "Latitude": 23.63275843, "Longitude": 57.88403413}}, {"type": "Feature", "id": 518, "geometry": {"type": "Polygon", "coordinates": [[[57.885431962825834, 23.633039566734446], [57.885519738875985, 23.633419375285346], [57.88545605761413, 23.63343259041268], [57.88543403925925, 23.63343785077858], [57.885395001114446, 23.633447177844566], [57.885273684458696, 23.6330661046813], [57.885431962825834, 23.633039566734446]]]}, "properties": {"OBJECTID": 518, "Shape_Length": 116.46847906671502, "Shape_Area": 639.423769211146, "Field_ID": "FI_422", "Gov_Name": "North Al Batinah", "Wil_Name": "Barka", "Pl_Type_EN": "Palm", "Pl_Type_AR": "نخيل", "Tree_Count": 7, "SurveyDate": 1784764800000, "Latitude": 23.63323582, "Longitude": 57.88540287}}, {"type": "Feature", "id": 519, "geometry": {"type": "Polygon", "coordinates": [[[57.885304722805714, 23.634286427180754], [57.88532021131013, 23.63437886147623], [57.885326937786765, 23.634419000942056], [57.885334586565, 23.634464649166546], [57.885367036778945, 23.63465718832197], [57.8852770745699, 23.63467053262232], [57.88520858592693, 23.63430229318154], [57.885304722805714, 23.634286427180754]]]}, "properties": {"OBJECTID": 519, "Shape_Length": 102.16306536109505, "Shape_Area": 398.9131463704152, "Field_ID": "FI_423", "Gov_Name": "North Al Batinah", "Wil_Name": "Barka", "Pl_Type_EN": "Palm", "Pl_Type_AR": "نخيل", "Tree_Count": 7, "SurveyDate": 1784764800000, "Latitude": 23.63447698, "Longitude": 57.88528899}}, {"type": "Feature", "id": 520, "geometry": {"type": "Polygon", "coordinates": [[[57.88668292970628, 23.63399030487272], [57.88649357328842, 23.63402524444377], [57.8861679314029, 23.634069387470035], [57.88589383063045, 23.634112176012707], [57.885881955988566, 23.634074334808762], [57.886047168072864, 23.63404221007328], [57.8866655940621, 23.63392913102969], [57.88668292970628, 23.63399030487272]]]}, "properties": {"OBJECTID": 520, "Shape_Length": 174.53306503148994, "Shape_Area": 483.43168108535156, "Field_ID": "FI_424", "Gov_Name": "North Al Batinah", "Wil_Name": "Barka", "Pl_Type_EN": "Palm", "Pl_Type_AR": "نخيل", "Tree_Count": 15, "SurveyDate": 1784764800000, "Latitude": 23.6340213, "Longitude": 57.88631517}}, {"type": "Feature", "id": 521, "geometry": {"type": "Polygon", "coordinates": [[[57.88502682994938, 23.63425726993591], [57.88504443735345, 23.634323975417473], [57.88457080467898, 23.634435940619866], [57.88478202195985, 23.635261817844043], [57.88470107015632, 23.63527887675822], [57.88457282105534, 23.634736057319504], [57.88449120767115, 23.634401847193548], [57.88452548077829, 23.634383776563595], [57.88502682994938, 23.63425726993591]]]}, "properties": {"OBJECTID": 521, "Shape_Length": 316.38476651813517, "Shape_Area": 1127.9008572524249, "Field_ID": "FI_425", "Gov_Name": "North Al Batinah", "Wil_Name": "Barka", "Pl_Type_EN": "Palm", "Pl_Type_AR": "نخيل", "Tree_Count": 20, "SurveyDate": 1784764800000, "Latitude": 23.63468515, "Longitude": 57.88468952}}, {"type": "Feature", "id": 522, "geometry": {"type": "Polygon", "coordinates": [[[57.885448534068296, 23.63629425778298], [57.88514705610827, 23.636359993594283], [57.88513008769447, 23.636305705278538], [57.88543340288588, 23.63623882550138], [57.885448534068296, 23.63629425778298]]]}, "properties": {"OBJECTID": 522, "Shape_Length": 75.99895075218475, "Shape_Area": 199.38185407723276, "Field_ID": "FI_426", "Gov_Name": "North Al Batinah", "Wil_Name": "Barka", "Pl_Type_EN": "Palm", "Pl_Type_AR": "نخيل", "Tree_Count": 5, "SurveyDate": 1784764800000, "Latitude": 23.63629959, "Longitude": 57.88529008}}, {"type": "Feature", "id": 523, "geometry": {"type": "Polygon", "coordinates": [[[57.88546098821223, 23.636350465837662], [57.885165546081076, 23.636415889044795], [57.88515960412691, 23.636386001819847], [57.88545668765107, 23.636318004173486], [57.88546098821223, 23.636350465837662]]]}, "properties": {"OBJECTID": 523, "Shape_Length": 69.20514901162683, "Shape_Area": 108.16784821081376, "Field_ID": "FI_427", "Gov_Name": "North Al Batinah", "Wil_Name": "Barka", "Pl_Type_EN": "Palm", "Pl_Type_AR": "نخيل", "Tree_Count": 5, "SurveyDate": 1784764800000, "Latitude": 23.63636719, "Longitude": 57.88531239}}, {"type": "Feature", "id": 524, "geometry": {"type": "Polygon", "coordinates": [[[57.884039386978635, 23.63065451123852], [57.88406546607352, 23.630761492811725], [57.883688739859664, 23.630823892528927], [57.88366554608322, 23.6307136889987], [57.884039386978635, 23.63065451123852]]]}, "properties": {"OBJECTID": 524, "Shape_Length": 102.30882239157192, "Shape_Area": 477.1977863969482, "Field_ID": "FI_428", "Gov_Name": "North Al Batinah", "Wil_Name": "Barka", "Pl_Type_EN": "Palm", "Pl_Type_AR": "نخيل", "Tree_Count": 67, "SurveyDate": 1784764800000, "Latitude": 23.6307386, "Longitude": 57.88386404}}, {"type": "Feature", "id": 525, "geometry": {"type": "Polygon", "coordinates": [[[57.88539019449246, 23.63035077079909], [57.88499920876565, 23.630431151015937], [57.88496665611621, 23.630333383037396], [57.884552270880675, 23.630435644635355], [57.8843028986121, 23.629599295414184], [57.88425497035937, 23.629467777464622], [57.88431369231993, 23.629453525361996], [57.88458265176957, 23.63036820027417], [57.884805298332026, 23.63032411173349], [57.88496881033906, 23.630291732395527], [57.88534943309809, 23.630216360932526], [57.88539019449246, 23.63035077079909]], [[57.885075803391615, 23.630294840479905], [57.8850401524575, 23.63030275357492], [57.885055267665244, 23.63035200997694], [57.88506960810743, 23.63034900089621], [57.88514718688154, 23.630332725205157], [57.885139155894635, 23.6302998756367], [57.88508317985918, 23.630313302222063], [57.885075803391615, 23.630294840479905]]]}, "properties": {"OBJECTID": 525, "Shape_Length": 444.74776574300114, "Shape_Area": 1386.8658974221892, "Field_ID": "FI_429", "Gov_Name": "North Al Batinah", "Wil_Name": "Barka", "Pl_Type_EN": "Palm", "Pl_Type_AR": "نخيل", "Tree_Count": 30, "SurveyDate": 1784764800000, "Latitude": 23.63016588, "Longitude": 57.8848024}}, {"type": "Feature", "id": 526, "geometry": {"type": "Polygon", "coordinates": [[[57.88483699099475, 23.62939196464342], [57.88482373906008, 23.62934277977356], [57.88533045084674, 23.62922736486132], [57.88612003707402, 23.63173145218601], [57.886052095020254, 23.631746533499214], [57.885893406007604, 23.631230194471907], [57.88583686320232, 23.631034382442532], [57.88574290454509, 23.630716126077765], [57.885591516037906, 23.630206558661115], [57.88558017054889, 23.630169780158234], [57.88547960357052, 23.6298745061454], [57.88538328727245, 23.629591708956795], [57.88535419377988, 23.6295062897098], [57.885279302064916, 23.62928639716332], [57.88483699099475, 23.62939196464342]]]}, "properties": {"OBJECTID": 526, "Shape_Length": 684.9175164735108, "Shape_Area": 1963.1609617346205, "Field_ID": "FI_430", "Gov_Name": "North Al Batinah", "Wil_Name": "Barka", "Pl_Type_EN": "Palm", "Pl_Type_AR": "نخيل", "Tree_Count": 36, "SurveyDate": 1784764800000, "Latitude": 23.63037086, "Longitude": 57.88562471}}, {"type": "Feature", "id": 527, "geometry": {"type": "Polygon", "coordinates": [[[57.88250625306397, 23.631580284339876], [57.88263741077854, 23.632030414025937], [57.88219873216351, 23.632148571237643], [57.882043870892815, 23.63218642610786], [57.88194240374393, 23.63179081487149], [57.88194128098121, 23.631786527447595], [57.88193336227067, 23.631756286404947], [57.881925983808244, 23.631728107002807], [57.88192434193299, 23.631721839105353], [57.881924040109055, 23.63172068562998], [57.88250625306397, 23.631580284339876]]]}, "properties": {"OBJECTID": 527, "Shape_Length": 228.95575291415528, "Shape_Area": 3259.320250906976, "Field_ID": "FI_431", "Gov_Name": "North Al Batinah", "Wil_Name": "Barka", "Pl_Type_EN": "Palm", "Pl_Type_AR": "نخيل", "Tree_Count": 65, "SurveyDate": 1784764800000, "Latitude": 23.63188142, "Longitude": 57.882277}}, {"type": "Feature", "id": 528, "geometry": {"type": "Polygon", "coordinates": [[[57.88364096025965, 23.632393040445802], [57.883521050962706, 23.63242578067086], [57.883514452666034, 23.63242758219863], [57.883484049425626, 23.632435884145494], [57.88347025453735, 23.63243973627511], [57.88346906469162, 23.63244007000946], [57.88346787680646, 23.632440403732637], [57.883304825407755, 23.632486223943054], [57.883243042636934, 23.63250358567311], [57.88320134236776, 23.63251530456114], [57.883176683454266, 23.63252223339626], [57.88314177290976, 23.632532043990786], [57.883121468276386, 23.632537750386255], [57.88311596329335, 23.632539297293423], [57.883096763240495, 23.632481527829622], [57.88362297568975, 23.632333091031786], [57.88364096025965, 23.632393040445802]]]}, "properties": {"OBJECTID": 528, "Shape_Length": 125.66242320023562, "Shape_Area": 377.7210645232772, "Field_ID": "FI_432", "Gov_Name": "North Al Batinah", "Wil_Name": "Barka", "Pl_Type_EN": "Palm", "Pl_Type_AR": "نخيل", "Tree_Count": 7, "SurveyDate": 1784764800000, "Latitude": 23.63243623, "Longitude": 57.88337012}}, {"type": "Feature", "id": 529, "geometry": {"type": "Polygon", "coordinates": [[[57.883134987212784, 23.632897331583887], [57.88315473673811, 23.632972115072253], [57.88272640123309, 23.633083576430668], [57.8825488640705, 23.633132000030564], [57.88229736072398, 23.63319878709964], [57.88227706077106, 23.6331275263889], [57.8825456708503, 23.63305488323449], [57.883134987212784, 23.632897331583887]]]}, "properties": {"OBJECTID": 529, "Shape_Length": 198.8193096717239, "Shape_Area": 754.9500998382267, "Field_ID": "FI_433", "Gov_Name": "North Al Batinah", "Wil_Name": "Barka", "Pl_Type_EN": "Palm", "Pl_Type_AR": "نخيل", "Tree_Count": 12, "SurveyDate": 1784764800000, "Latitude": 23.63304783, "Longitude": 57.88271832}}, {"type": "Feature", "id": 530, "geometry": {"type": "Polygon", "coordinates": [[[57.88997684319595, 23.629721492260735], [57.89002123132448, 23.62983051279129], [57.890050463092216, 23.629907506165836], [57.89007867291123, 23.62997572360579], [57.890111164930886, 23.630064269125405], [57.890179643047276, 23.630240359216003], [57.89020461674131, 23.630309265368776], [57.8902492225296, 23.630425771172348], [57.89029244143203, 23.63053911379203], [57.890333853135544, 23.63065657992974], [57.89038776881621, 23.63080056713045], [57.89042504394898, 23.630902696298207], [57.89045742165089, 23.630988472273174], [57.89049905768558, 23.631103405402914], [57.89054504359617, 23.631225022497528], [57.890590167018985, 23.63134897477544], [57.89063014566222, 23.631454935979303], [57.89070236409306, 23.631656949547036], [57.89064491228332, 23.63167248564209], [57.88930301641791, 23.63200474734035], [57.88928022533622, 23.63191759388547], [57.889743822167866, 23.63180830315747], [57.890190020614675, 23.631703112969774], [57.890532137417964, 23.631622458293062], [57.89050228334981, 23.631523564270633], [57.8903641686673, 23.631066046656468], [57.89035151756747, 23.631024137743815], [57.89013687644561, 23.630313112412132], [57.88968135874732, 23.629119750713166], [57.88973443690495, 23.629107187212142], [57.88997684319595, 23.629721492260735]]]}, "properties": {"OBJECTID": 530, "Shape_Length": 884.8247355017244, "Shape_Area": 3888.5878433859048, "Field_ID": "FI_434", "Gov_Name": "North Al Batinah", "Wil_Name": "Barka", "Pl_Type_EN": "Palm", "Pl_Type_AR": "نخيل", "Tree_Count": 61, "SurveyDate": 1784764800000, "Latitude": 23.63100241, "Longitude": 57.89015597}}, {"type": "Feature", "id": 531, "geometry": {"type": "Polygon", "coordinates": [[[57.887205517273316, 23.631479186943473], [57.88706127941387, 23.630747679863372], [57.88712492353611, 23.630743139537707], [57.88719228386989, 23.63109185932986], [57.887218275316094, 23.631242911447153], [57.887233767368635, 23.631316823661574], [57.88726555428618, 23.631472194225687], [57.887205517273316, 23.631479186943473]]]}, "properties": {"OBJECTID": 531, "Shape_Length": 176.99323198292979, "Shape_Area": 513.3825407831258, "Field_ID": "FI_435", "Gov_Name": "North Al Batinah", "Wil_Name": "Barka", "Pl_Type_EN": "Palm", "Pl_Type_AR": "نخيل", "Tree_Count": 15, "SurveyDate": 1784764800000, "Latitude": 23.63110557, "Longitude": 57.88716298}}, {"type": "Feature", "id": 532, "geometry": {"type": "Polygon", "coordinates": [[[57.88691269985756, 23.62993121725305], [57.886906494738376, 23.62980578585224], [57.88794629989289, 23.629532344009036], [57.887990195860226, 23.62967141828522], [57.88691269985756, 23.62993121725305]]]}, "properties": {"OBJECTID": 532, "Shape_Length": 253.8624808124973, "Shape_Area": 1656.7831572298014, "Field_ID": "FI_436", "Gov_Name": "North Al Batinah", "Wil_Name": "Barka", "Pl_Type_EN": "Palm", "Pl_Type_AR": "نخيل", "Tree_Count": 35, "SurveyDate": 1784764800000, "Latitude": 23.62973183, "Longitude": 57.88745372}}, {"type": "Feature", "id": 533, "geometry": {"type": "Polygon", "coordinates": [[[57.88724371610512, 23.631684254529166], [57.88805580753993, 23.631543637563205], [57.888214948779144, 23.632277140929702], [57.88740512015673, 23.632486211885453], [57.88724371610512, 23.631684254529166]]]}, "properties": {"OBJECTID": 533, "Shape_Length": 343.2081751858361, "Shape_Area": 7348.359046186604, "Field_ID": "FI_437", "Gov_Name": "North Al Batinah", "Wil_Name": "Barka", "Pl_Type_EN": "Palm", "Pl_Type_AR": "نخيل", "Tree_Count": 122, "SurveyDate": 1784764800000, "Latitude": 23.63199997, "Longitude": 57.88772428}}, {"type": "Feature", "id": 534, "geometry": {"type": "Polygon", "coordinates": [[[57.887632387715406, 23.634554921434397], [57.88760701877755, 23.634334981745138], [57.88831739582649, 23.634231885848596], [57.88834093489181, 23.634426291645713], [57.887632387715406, 23.634554921434397]]]}, "properties": {"OBJECTID": 534, "Shape_Length": 193.1700334952995, "Shape_Area": 1692.030783221681, "Field_ID": "FI_438", "Gov_Name": "North Al Batinah", "Wil_Name": "Barka", "Pl_Type_EN": "Palm", "Pl_Type_AR": "نخيل", "Tree_Count": 34, "SurveyDate": 1784764800000, "Latitude": 23.63438823, "Longitude": 57.88796721}}, {"type": "Feature", "id": 535, "geometry": {"type": "Polygon", "coordinates": [[[57.889693492956006, 23.634427167826722], [57.88967679726264, 23.634357472635447], [57.89029172489382, 23.63420606213371], [57.89030684519266, 23.634255419069813], [57.889693492956006, 23.634427167826722]]]}, "properties": {"OBJECTID": 535, "Shape_Length": 143.90106190429265, "Shape_Area": 441.9160619503204, "Field_ID": "FI_439", "Gov_Name": "North Al Batinah", "Wil_Name": "Barka", "Pl_Type_EN": "Palm", "Pl_Type_AR": "نخيل", "Tree_Count": 12, "SurveyDate": 1784764800000, "Latitude": 23.63431595, "Longitude": 57.88997555}}, {"type": "Feature", "id": 536, "geometry": {"type": "Polygon", "coordinates": [[[57.88575878677817, 23.640156522153895], [57.88570665344135, 23.64016320731296], [57.885594090161696, 23.639624675676732], [57.88565407119363, 23.6396194342138], [57.88575878677817, 23.640156522153895]]]}, "properties": {"OBJECTID": 536, "Shape_Length": 132.65423197261592, "Shape_Area": 347.8001342343497, "Field_ID": "FI_440", "Gov_Name": "North Al Batinah", "Wil_Name": "Barka", "Pl_Type_EN": "Palm", "Pl_Type_AR": "نخيل", "Tree_Count": 7, "SurveyDate": 1784764800000, "Latitude": 23.63988505, "Longitude": 57.88567719}}, {"type": "Feature", "id": 537, "geometry": {"type": "Polygon", "coordinates": [[[57.88571508756189, 23.64023661075599], [57.88570865053741, 23.640188855740703], [57.887248258157385, 23.639953370813714], [57.88725988406128, 23.63999765308024], [57.88571508756189, 23.64023661075599]]]}, "properties": {"OBJECTID": 537, "Shape_Length": 329.34385531407776, "Shape_Area": 825.7095129766137, "Field_ID": "FI_441", "Gov_Name": "North Al Batinah", "Wil_Name": "Barka", "Pl_Type_EN": "Palm", "Pl_Type_AR": "نخيل", "Tree_Count": 17, "SurveyDate": 1784764800000, "Latitude": 23.64009525, "Longitude": 57.88647572}}, {"type": "Feature", "id": 538, "geometry": {"type": "Polygon", "coordinates": [[[57.885725945885476, 23.640301662938906], [57.88571752027136, 23.640261432076386], [57.88672000100689, 23.64011135992889], [57.886728100932395, 23.640151517627313], [57.885725945885476, 23.640301662938906]]]}, "properties": {"OBJECTID": 538, "Shape_Length": 216.2201900078512, "Shape_Area": 469.0008366573904, "Field_ID": "FI_442", "Gov_Name": "North Al Batinah", "Wil_Name": "Barka", "Pl_Type_EN": "Palm", "Pl_Type_AR": "نخيل", "Tree_Count": 12, "SurveyDate": 1784764800000, "Latitude": 23.64020653, "Longitude": 57.88622265}}, {"type": "Feature", "id": 539, "geometry": {"type": "Polygon", "coordinates": [[[57.88572780891101, 23.6403502199224], [57.88578331598329, 23.6403437006405], [57.88593221930344, 23.64106097761351], [57.88683611480953, 23.640905015306455], [57.88684449831226, 23.64097109493011], [57.88606315327529, 23.641094038943088], [57.8858986164994, 23.641117100054075], [57.885815876515466, 23.640772387904928], [57.88572780891101, 23.6403502199224]]]}, "properties": {"OBJECTID": 539, "Shape_Length": 372.2467515542851, "Shape_Area": 1084.964023618805, "Field_ID": "FI_443", "Gov_Name": "North Al Batinah", "Wil_Name": "Barka", "Pl_Type_EN": "Palm", "Pl_Type_AR": "نخيل", "Tree_Count": 17, "SurveyDate": 1784764800000, "Latitude": 23.64088344, "Longitude": 57.88615944}}, {"type": "Feature", "id": 540, "geometry": {"type": "Polygon", "coordinates": [[[57.88716059088087, 23.63960267410258], [57.88709797178405, 23.63934476941243], [57.88714521693046, 23.639335817635498], [57.88719736581662, 23.639597245961905], [57.88716059088087, 23.63960267410258]]]}, "properties": {"OBJECTID": 540, "Shape_Length": 67.40987089875074, "Shape_Area": 127.85855242006434, "Field_ID": "FI_444", "Gov_Name": "North Al Batinah", "Wil_Name": "Barka", "Pl_Type_EN": "Palm", "Pl_Type_AR": "نخيل", "Tree_Count": 4, "SurveyDate": 1784764800000, "Latitude": 23.63946454, "Longitude": 57.88714908}}, {"type": "Feature", "id": 541, "geometry": {"type": "Polygon", "coordinates": [[[57.88697178565765, 23.628569201486872], [57.88695576361432, 23.628536165577415], [57.88854538540657, 23.62784765137032], [57.8889336893306, 23.627678753539104], [57.888954858379556, 23.627715575759186], [57.88821279781533, 23.628031096827243], [57.8877330850456, 23.628241197816443], [57.887319782429955, 23.628414944058893], [57.88698974609514, 23.6285612400747], [57.88697178565765, 23.628569201486872]]]}, "properties": {"OBJECTID": 541, "Shape_Length": 454.9006598102428, "Shape_Area": 906.9926786927612, "Field_ID": "FI_445", "Gov_Name": "North Al Batinah", "Wil_Name": "Barka", "Pl_Type_EN": "Palm", "Pl_Type_AR": "نخيل", "Tree_Count": 55, "SurveyDate": 1784764800000, "Latitude": 23.62811275, "Longitude": 57.88798015}}, {"type": "Feature", "id": 542, "geometry": {"type": "Polygon", "coordinates": [[[57.88906705308712, 23.62828202021974], [57.889058056496744, 23.628252196694156], [57.88889580811139, 23.627740684300715], [57.88893574353, 23.62772370297132], [57.88910621437744, 23.62827276020423], [57.88906705308712, 23.62828202021974]]]}, "properties": {"OBJECTID": 542, "Shape_Length": 134.27185873614295, "Shape_Area": 267.51429341819266, "Field_ID": "FI_446", "Gov_Name": "North Al Batinah", "Wil_Name": "Barka", "Pl_Type_EN": "Palm", "Pl_Type_AR": "نخيل", "Tree_Count": 24, "SurveyDate": 1784764800000, "Latitude": 23.628001, "Longitude": 57.88900017}}, {"type": "Feature", "id": 543, "geometry": {"type": "Polygon", "coordinates": [[[57.88915481944787, 23.627800972532075], [57.88919366804846, 23.627790867089836], [57.88930467640289, 23.628101322933148], [57.88927016200911, 23.628112211020778], [57.88915481944787, 23.627800972532075]]]}, "properties": {"OBJECTID": 543, "Shape_Length": 80.44405878448651, "Shape_Area": 142.20409771474672, "Field_ID": "FI_447", "Gov_Name": "North Al Batinah", "Wil_Name": "Barka", "Pl_Type_EN": "Palm", "Pl_Type_AR": "نخيل", "Tree_Count": 18, "SurveyDate": 1784764800000, "Latitude": 23.62794876, "Longitude": 57.88922987}}, {"type": "Feature", "id": 544, "geometry": {"type": "Polygon", "coordinates": [[[57.900642008166, 23.63557503000479], [57.90008807211156, 23.63556926953411], [57.90008781309279, 23.635538553363507], [57.90009357696159, 23.635256410457217], [57.900641336194234, 23.63525181283554], [57.90064345714199, 23.635336858935748], [57.90064398081349, 23.635413408016625], [57.900642008166, 23.63557503000479]]]}, "properties": {"OBJECTID": 544, "Shape_Length": 182.8215826441866, "Shape_Area": 1984.9356093912193, "Field_ID": "FI_448", "Gov_Name": "North Al Batinah", "Wil_Name": "Barka", "Pl_Type_EN": "Palm", "Pl_Type_AR": "نخيل", "Tree_Count": 78, "SurveyDate": 1785801600000, "Latitude": 23.63541871, "Longitude": 57.90036523}}, {"type": "Feature", "id": 545, "geometry": {"type": "Polygon", "coordinates": [[[57.88447501770029, 23.645688214504954], [57.88452750743471, 23.645809914392167], [57.88415032856968, 23.645907443154787], [57.884071488332154, 23.645931423679748], [57.88402134045063, 23.64582245258088], [57.88447501770029, 23.645688214504954]]]}, "properties": {"OBJECTID": 545, "Shape_Length": 124.63304625777673, "Shape_Area": 658.8960443386441, "Field_ID": "FI_449", "Gov_Name": "North Al Batinah", "Wil_Name": "Barka", "Pl_Type_EN": "Palm", "Pl_Type_AR": "نخيل", "Tree_Count": 13, "SurveyDate": 1785801600000, "Latitude": 23.64581101, "Longitude": 57.88427805}}, {"type": "Feature", "id": 546, "geometry": {"type": "Polygon", "coordinates": [[[57.88284725063721, 23.64253216398866], [57.88273161827529, 23.64175085011114], [57.88339535540163, 23.641641994368676], [57.884545155500554, 23.6414615350768], [57.88520456534027, 23.641358136294773], [57.8852156547959, 23.641417050867208], [57.88506105423834, 23.641444114255034], [57.88495142106119, 23.641461470738545], [57.884950792829684, 23.641439046130298], [57.88365334087019, 23.64164617856063], [57.88302774224995, 23.641751912655643], [57.88279457464586, 23.641795843091554], [57.882852728149096, 23.642133452412402], [57.88292005099278, 23.642524292713265], [57.88284725063721, 23.64253216398866]]]}, "properties": {"OBJECTID": 546, "Shape_Length": 692.3801060822823, "Shape_Area": 1860.6365689894708, "Field_ID": "FI_450", "Gov_Name": "North Al Batinah", "Wil_Name": "Barka", "Pl_Type_EN": "Palm", "Pl_Type_AR": "نخيل", "Tree_Count": 51, "SurveyDate": 1785801600000, "Latitude": 23.64175055, "Longitude": 57.88364203}}, {"type": "Feature", "id": 547, "geometry": {"type": "Polygon", "coordinates": [[[57.88390490137525, 23.64340073202204], [57.88389768803887, 23.643352350931824], [57.88468497503399, 23.64323898638571], [57.88573116806196, 23.643087490244167], [57.885464802364766, 23.641711069683993], [57.885426035754094, 23.641481458975424], [57.88548410621477, 23.64147350171516], [57.88581259266307, 23.64311245916512], [57.88390490137525, 23.64340073202204]]]}, "properties": {"OBJECTID": 547, "Shape_Length": 762.9405966492453, "Shape_Area": 2201.0872719820145, "Field_ID": "FI_451", "Gov_Name": "North Al Batinah", "Wil_Name": "Barka", "Pl_Type_EN": "Palm", "Pl_Type_AR": "نخيل", "Tree_Count": 54, "SurveyDate": 1785801600000, "Latitude": 23.64269904, "Longitude": 57.88527638}}, {"type": "Feature", "id": 548, "geometry": {"type": "Polygon", "coordinates": [[[57.89981324204316, 23.64401859244126], [57.90005135268913, 23.64257614299398], [57.9012763920643, 23.642761150012262], [57.90156182784102, 23.640862511626416], [57.90183446714384, 23.640884833955425], [57.90134771745354, 23.64353842365178], [57.90032207348534, 23.643393523181153], [57.900192524331416, 23.644062367280107], [57.89981324204316, 23.64401859244126]]]}, "properties": {"OBJECTID": 548, "Shape_Length": 1046.3349062783773, "Shape_Area": 20747.409098677184, "Field_ID": "FI_452", "Gov_Name": "North Al Batinah", "Wil_Name": "Barka", "Pl_Type_EN": "Palm", "Pl_Type_AR": "نخيل", "Tree_Count": 337, "SurveyDate": 1785801600000, "Latitude": 23.64282991, "Longitude": 57.90082206}}, {"type": "Feature", "id": 549, "geometry": {"type": "Polygon", "coordinates": [[[57.9004548091512, 23.642050820443625], [57.90046512505435, 23.64197761352633], [57.90070414108107, 23.642011301925486], [57.90069668758117, 23.642083432782787], [57.9004548091512, 23.642050820443625]]]}, "properties": {"OBJECTID": 549, "Shape_Length": 65.79422922257112, "Shape_Area": 200.659601017139, "Field_ID": "FI_453", "Gov_Name": "North Al Batinah", "Wil_Name": "Barka", "Pl_Type_EN": "Palm", "Pl_Type_AR": "نخيل", "Tree_Count": 4, "SurveyDate": 1785801600000, "Latitude": 23.64202881, "Longitude": 57.90058244}}, {"type": "Feature", "id": 550, "geometry": {"type": "Polygon", "coordinates": [[[57.900473951000606, 23.641244991981903], [57.900403288658744, 23.6412212969086], [57.9005196421037, 23.640911946406856], [57.900920587496245, 23.64098126269194], [57.900907918113106, 23.641041598338763], [57.90056958597217, 23.640987988074947], [57.900473951000606, 23.641244991981903]]]}, "properties": {"OBJECTID": 550, "Shape_Length": 157.43335823102873, "Shape_Area": 524.2735034042237, "Field_ID": "FI_454", "Gov_Name": "North Al Batinah", "Wil_Name": "Barka", "Pl_Type_EN": "Palm", "Pl_Type_AR": "نخيل", "Tree_Count": 12, "SurveyDate": 1785801600000, "Latitude": 23.64103318, "Longitude": 57.90061293}}, {"type": "Feature", "id": 551, "geometry": {"type": "Polygon", "coordinates": [[[57.88263046063351, 23.6425153295806], [57.88273269499668, 23.64320150375464], [57.882651135350116, 23.643205444417628], [57.88255322953176, 23.642523746178448], [57.88246173660002, 23.641765414727416], [57.88214210103171, 23.641811816920466], [57.88206690607954, 23.64182878670836], [57.881995914280786, 23.641584639783726], [57.882091120309326, 23.64156653469349], [57.882125336552704, 23.64171635939111], [57.88252113297794, 23.641651172667686], [57.88263046063351, 23.6425153295806]]]}, "properties": {"OBJECTID": 551, "Shape_Length": 478.7240422023493, "Shape_Area": 1977.607682169878, "Field_ID": "FI_455", "Gov_Name": "North Al Batinah", "Wil_Name": "Barka", "Pl_Type_EN": "Palm", "Pl_Type_AR": "نخيل", "Tree_Count": 42, "SurveyDate": 1785801600000, "Latitude": 23.64221811, "Longitude": 57.88246706}}, {"type": "Feature", "id": 552, "geometry": {"type": "Polygon", "coordinates": [[[57.89135541361627, 23.6438912599585], [57.8914160415619, 23.644204467620522], [57.89137374069301, 23.644213630751057], [57.89129500153253, 23.643897373212017], [57.89135541361627, 23.6438912599585]]]}, "properties": {"OBJECTID": 552, "Shape_Length": 81.78214629436354, "Shape_Area": 188.5520854462241, "Field_ID": "FI_456", "Gov_Name": "North Al Batinah", "Wil_Name": "Barka", "Pl_Type_EN": "Palm", "Pl_Type_AR": "نخيل", "Tree_Count": 7, "SurveyDate": 1785801600000, "Latitude": 23.64404307, "Longitude": 57.89135807}}, {"type": "Feature", "id": 553, "geometry": {"type": "Polygon", "coordinates": [[[57.89153075765608, 23.644483367981344], [57.89146328924265, 23.644192933149576], [57.89153216998767, 23.644183009327296], [57.89158387470051, 23.64447262705331], [57.89153075765608, 23.644483367981344]]]}, "properties": {"OBJECTID": 553, "Shape_Length": 78.04043828079625, "Shape_Area": 206.74685291914597, "Field_ID": "FI_457", "Gov_Name": "North Al Batinah", "Wil_Name": "Barka", "Pl_Type_EN": "Palm", "Pl_Type_AR": "نخيل", "Tree_Count": 5, "SurveyDate": 1785801600000, "Latitude": 23.64432702, "Longitude": 57.89152624}}, {"type": "Feature", "id": 554, "geometry": {"type": "Polygon", "coordinates": [[[57.89154168577129, 23.64418182742834], [57.89160416721389, 23.644174060167465], [57.89171449439558, 23.644996993043105], [57.891864141861035, 23.64585905540452], [57.89181267720248, 23.645872820769974], [57.89158274391315, 23.6444194651299], [57.8915434929798, 23.64419142252517], [57.89154168577129, 23.64418182742834]]]}, "properties": {"OBJECTID": 554, "Shape_Length": 389.62327202010266, "Shape_Area": 931.4150303445441, "Field_ID": "FI_458", "Gov_Name": "North Al Batinah", "Wil_Name": "Barka", "Pl_Type_EN": "Palm", "Pl_Type_AR": "نخيل", "Tree_Count": 22, "SurveyDate": 1785801600000, "Latitude": 23.64500115, "Longitude": 57.89169921}}, {"type": "Feature", "id": 555, "geometry": {"type": "Polygon", "coordinates": [[[57.891757579731085, 23.64465707865269], [57.89177496148845, 23.64475746192156], [57.891822210000846, 23.645098582793214], [57.891954225152396, 23.645860685932348], [57.89188074108928, 23.64586998162225], [57.89175167833486, 23.645109313770618], [57.89161026399611, 23.644169074695363], [57.891678567039534, 23.644160422217215], [57.891757579731085, 23.64465707865269]]]}, "properties": {"OBJECTID": 555, "Shape_Length": 395.29498242868465, "Shape_Area": 1408.239605647224, "Field_ID": "FI_459", "Gov_Name": "North Al Batinah", "Wil_Name": "Barka", "Pl_Type_EN": "Palm", "Pl_Type_AR": "نخيل", "Tree_Count": 26, "SurveyDate": 1785801600000, "Latitude": 23.64502067, "Longitude": 57.89177829}}, {"type": "Feature", "id": 556, "geometry": {"type": "Polygon", "coordinates": [[[57.890908639558255, 23.64603019629375], [57.89067639385849, 23.644745975818193], [57.890796087262935, 23.6447287958951], [57.89086461367106, 23.645222748382867], [57.8909890052827, 23.646022323791158], [57.89094946638311, 23.646025943390104], [57.890908639558255, 23.64603019629375]]]}, "properties": {"OBJECTID": 556, "Shape_Length": 309.3171533091241, "Shape_Area": 1448.3926819341068, "Field_ID": "FI_460", "Gov_Name": "North Al Batinah", "Wil_Name": "Barka", "Pl_Type_EN": "Palm", "Pl_Type_AR": "نخيل", "Tree_Count": 23, "SurveyDate": 1785801600000, "Latitude": 23.64533914, "Longitude": 57.89083422}}, {"type": "Feature", "id": 557, "geometry": {"type": "Polygon", "coordinates": [[[57.89207831072567, 23.643984184692332], [57.89207324277572, 23.643943806676727], [57.89249815529658, 23.64388883357243], [57.89250468706205, 23.643933682093422], [57.89207831072567, 23.643984184692332]]]}, "properties": {"OBJECTID": 557, "Shape_Length": 97.1248243958621, "Shape_Area": 208.29491993041876, "Field_ID": "FI_461", "Gov_Name": "North Al Batinah", "Wil_Name": "Barka", "Pl_Type_EN": "Palm", "Pl_Type_AR": "نخيل", "Tree_Count": 5, "SurveyDate": 1785801600000, "Latitude": 23.64393716, "Longitude": 57.89229241}}, {"type": "Feature", "id": 558, "geometry": {"type": "Polygon", "coordinates": [[[57.89192135141123, 23.643852493028085], [57.892704386831774, 23.643768136503063], [57.89281273112929, 23.64438051249566], [57.89273226052852, 23.64439226845668], [57.89265589527847, 23.643847460631637], [57.89192975647491, 23.643929877462874], [57.89192135141123, 23.643852493028085]]]}, "properties": {"OBJECTID": 558, "Shape_Length": 301.4796127310284, "Shape_Area": 1117.6814043186134, "Field_ID": "FI_462", "Gov_Name": "North Al Batinah", "Wil_Name": "Barka", "Pl_Type_EN": "Palm", "Pl_Type_AR": "نخيل", "Tree_Count": 20, "SurveyDate": 1785801600000, "Latitude": 23.64395904, "Longitude": 57.89247974}}, {"type": "Feature", "id": 559, "geometry": {"type": "Polygon", "coordinates": [[[57.89185469844206, 23.644587207954196], [57.89184582142106, 23.64452177732184], [57.89189680636665, 23.644516726941045], [57.89189062438234, 23.644448095238378], [57.891946899908845, 23.64444380651404], [57.89197177704713, 23.64456920581021], [57.89185469844206, 23.644587207954196]]]}, "properties": {"OBJECTID": 559, "Shape_Length": 52.1371983388841, "Shape_Area": 129.07797241645434, "Field_ID": "FI_463", "Gov_Name": "North Al Batinah", "Wil_Name": "Barka", "Pl_Type_EN": "Palm", "Pl_Type_AR": "نخيل", "Tree_Count": 4, "SurveyDate": 1785801600000, "Latitude": 23.64452345, "Longitude": 57.89191306}}, {"type": "Feature", "id": 560, "geometry": {"type": "Polygon", "coordinates": [[[57.879767782209974, 23.64868003126513], [57.87910296863766, 23.646646931156], [57.87900683539607, 23.646376560239865], [57.87925776406432, 23.646296354294897], [57.87918207740317, 23.64605968054176], [57.8797986485345, 23.645845283949], [57.88066749064647, 23.64850208035246], [57.879767782209974, 23.64868003126513]]]}, "properties": {"OBJECTID": 560, "Shape_Length": 789.3012629392265, "Shape_Area": 27384.388147278918, "Field_ID": "FI_464", "Gov_Name": "North Al Batinah", "Wil_Name": "Barka", "Pl_Type_EN": "Palm", "Pl_Type_AR": "نخيل", "Tree_Count": 851, "SurveyDate": 1785801600000, "Latitude": 23.64731956, "Longitude": 57.87981436}}, {"type": "Feature", "id": 561, "geometry": {"type": "Polygon", "coordinates": [[[57.8780576585343, 23.648383757599554], [57.87788463459486, 23.64792638536642], [57.87860369666624, 23.647713415362993], [57.878745471007385, 23.648177703527796], [57.8780576585343, 23.648383757599554]]]}, "properties": {"OBJECTID": 561, "Shape_Length": 257.8374220049716, "Shape_Area": 4033.194761169597, "Field_ID": "FI_465", "Gov_Name": "North Al Batinah", "Wil_Name": "Barka", "Pl_Type_EN": "Palm", "Pl_Type_AR": "نخيل", "Tree_Count": 275, "SurveyDate": 1785801600000, "Latitude": 23.64804873, "Longitude": 57.87832202}}, {"type": "Feature", "id": 562, "geometry": {"type": "Polygon", "coordinates": [[[57.87880410061958, 23.648168104416683], [57.87871125579423, 23.64790707277163], [57.878950626408496, 23.647828087957993], [57.879023034878664, 23.648098326902012], [57.87880410061958, 23.648168104416683]]]}, "properties": {"OBJECTID": 562, "Shape_Length": 110.79498435434061, "Shape_Area": 756.8195260125826, "Field_ID": "FI_466", "Gov_Name": "North Al Batinah", "Wil_Name": "Barka", "Pl_Type_EN": "Palm", "Pl_Type_AR": "نخيل", "Tree_Count": 15, "SurveyDate": 1785801600000, "Latitude": 23.6479983, "Longitude": 57.87887179}}, {"type": "Feature", "id": 563, "geometry": {"type": "Polygon", "coordinates": [[[57.87841848378934, 23.64735016455675], [57.877844262361165, 23.647512957543892], [57.877723299489354, 23.647161780000644], [57.87756491134801, 23.64671246584772], [57.87763349686688, 23.646680388956362], [57.87775042635153, 23.6469605619675], [57.87827479810837, 23.646793681174305], [57.87837818085138, 23.6471940746624], [57.87841848378934, 23.64735016455675]], [[57.87825553763423, 23.647061214466596], [57.87780623101332, 23.647205238436726], [57.87789270093281, 23.647426788284957], [57.87833996672963, 23.647303005434242], [57.87825553763423, 23.647061214466596]]]}, "properties": {"OBJECTID": 563, "Shape_Length": 465.72174661366523, "Shape_Area": 2928.029987480104, "Field_ID": "FI_467", "Gov_Name": "North Al Batinah", "Wil_Name": "Barka", "Pl_Type_EN": "Palm", "Pl_Type_AR": "نخيل", "Tree_Count": 61, "SurveyDate": 1785801600000, "Latitude": 23.64708662, "Longitude": 57.87800135}}, {"type": "Feature", "id": 564, "geometry": {"type": "Polygon", "coordinates": [[[57.878916559718604, 23.64760307510146], [57.87879529954966, 23.647305150877322], [57.87887088491042, 23.647281069515188], [57.87898325560749, 23.64758150257675], [57.878916559718604, 23.64760307510146]]]}, "properties": {"OBJECTID": 564, "Shape_Length": 85.77905252585532, "Shape_Area": 270.4712304402573, "Field_ID": "FI_468", "Gov_Name": "North Al Batinah", "Wil_Name": "Barka", "Pl_Type_EN": "Palm", "Pl_Type_AR": "نخيل", "Tree_Count": 6, "SurveyDate": 1785801600000, "Latitude": 23.64743963, "Longitude": 57.87889029}}, {"type": "Feature", "id": 565, "geometry": {"type": "Polygon", "coordinates": [[[57.87923174183287, 23.647406880277096], [57.879150710356235, 23.64720942299215], [57.87922489996498, 23.64717823037125], [57.879302192454105, 23.647384101331234], [57.87923174183287, 23.647406880277096]]]}, "properties": {"OBJECTID": 565, "Shape_Length": 63.42477157340092, "Shape_Area": 188.82657934330086, "Field_ID": "FI_469", "Gov_Name": "North Al Batinah", "Wil_Name": "Barka", "Pl_Type_EN": "Palm", "Pl_Type_AR": "نخيل", "Tree_Count": 3, "SurveyDate": 1785801600000, "Latitude": 23.64729316, "Longitude": 57.87922701}}, {"type": "Feature", "id": 566, "geometry": {"type": "Polygon", "coordinates": [[[57.87807932127112, 23.64850358316431], [57.878061411948515, 23.648448730439558], [57.879044098826334, 23.64813339334193], [57.8790781143846, 23.648253402512417], [57.878839403344216, 23.648310284361685], [57.87883910875902, 23.64830918954978], [57.87883870376698, 23.648308152265137], [57.878823475055626, 23.648261717594192], [57.87866048459077, 23.64831469354508], [57.87862934340838, 23.64832481513143], [57.878546457415325, 23.648351754829775], [57.878411500760485, 23.64839561827228], [57.87835671623463, 23.648413424487092], [57.8783038137573, 23.648430582363872], [57.87827333240874, 23.648441004519555], [57.878244603474286, 23.648449863243055], [57.87822531861866, 23.648456131384908], [57.87821019068819, 23.64846104827807], [57.878189988151775, 23.648467614249604], [57.87814860474792, 23.648481065135584], [57.8781185778031, 23.648490824450256], [57.87807932127112, 23.64850358316431]]]}, "properties": {"OBJECTID": 566, "Shape_Length": 237.46515328320405, "Shape_Area": 819.0107539564083, "Field_ID": "FI_470", "Gov_Name": "North Al Batinah", "Wil_Name": "Barka", "Pl_Type_EN": "Palm", "Pl_Type_AR": "نخيل", "Tree_Count": 16, "SurveyDate": 1785801600000, "Latitude": 23.64830535, "Longitude": 57.87863821}}, {"type": "Feature", "id": 567, "geometry": {"type": "Polygon", "coordinates": [[[57.8792358066285, 23.64803175605897], [57.87921492600386, 23.647986567375618], [57.87937673881906, 23.64792149197916], [57.879402979876446, 23.64788163858758], [57.87930390499156, 23.647586080893827], [57.87934813934271, 23.647575156039284], [57.87946064032541, 23.64790573308862], [57.87942403613752, 23.647953831850884], [57.8792358066285, 23.64803175605897]]]}, "properties": {"OBJECTID": 567, "Shape_Length": 133.43690261563634, "Shape_Area": 312.47444817970677, "Field_ID": "FI_471", "Gov_Name": "North Al Batinah", "Wil_Name": "Barka", "Pl_Type_EN": "Palm", "Pl_Type_AR": "نخيل", "Tree_Count": 15, "SurveyDate": 1785801600000, "Latitude": 23.64783729, "Longitude": 57.87936171}}, {"type": "Feature", "id": 568, "geometry": {"type": "Polygon", "coordinates": [[[57.87980873229612, 23.645756714273958], [57.879785903717824, 23.64571313446002], [57.88047357947303, 23.64545705926596], [57.88048793908749, 23.64550808515696], [57.87980873229612, 23.645756714273958]]]}, "properties": {"OBJECTID": 568, "Shape_Length": 161.39556498378346, "Shape_Area": 418.0846330407487, "Field_ID": "FI_472", "Gov_Name": "North Al Batinah", "Wil_Name": "Barka", "Pl_Type_EN": "Palm", "Pl_Type_AR": "نخيل", "Tree_Count": 10, "SurveyDate": 1785801600000, "Latitude": 23.64560701, "Longitude": 57.88014356}}, {"type": "Feature", "id": 569, "geometry": {"type": "Polygon", "coordinates": [[[57.880008782268284, 23.64418688010118], [57.88014579114945, 23.64416561346122], [57.88046374855057, 23.645427291507286], [57.87969927806273, 23.645575051948637], [57.87925077283596, 23.644191180030376], [57.879789348052405, 23.64407714392912], [57.87984766800526, 23.644206576354758], [57.880008782268284, 23.64418688010118]]]}, "properties": {"OBJECTID": 569, "Shape_Length": 485.6176837927279, "Shape_Area": 13033.241003425917, "Field_ID": "FI_473", "Gov_Name": "North Al Batinah", "Wil_Name": "Barka", "Pl_Type_EN": "Palm", "Pl_Type_AR": "نخيل", "Tree_Count": 192, "SurveyDate": 1785801600000, "Latitude": 23.64481433, "Longitude": 57.87987279}}, {"type": "Feature", "id": 570, "geometry": {"type": "Polygon", "coordinates": [[[57.877562404350726, 23.646621171250636], [57.87754011890387, 23.64658073476374], [57.878094359356915, 23.646360797002718], [57.87811144316615, 23.64641804789382], [57.877562404350726, 23.646621171250636]]]}, "properties": {"OBJECTID": 570, "Shape_Length": 133.49533491998145, "Shape_Area": 351.30575452507856, "Field_ID": "FI_474", "Gov_Name": "North Al Batinah", "Wil_Name": "Barka", "Pl_Type_EN": "Palm", "Pl_Type_AR": "نخيل", "Tree_Count": 9, "SurveyDate": 1785801600000, "Latitude": 23.64649048, "Longitude": 57.87783913}}, {"type": "Feature", "id": 571, "geometry": {"type": "Polygon", "coordinates": [[[57.87762679479953, 23.646486530184745], [57.87760675418181, 23.646441185668166], [57.87876690306085, 23.646008708374655], [57.87878853736492, 23.646065233419804], [57.87762679479953, 23.646486530184745]]]}, "properties": {"OBJECTID": 571, "Shape_Length": 267.05514548925237, "Shape_Area": 768.2455254082879, "Field_ID": "FI_475", "Gov_Name": "North Al Batinah", "Wil_Name": "Barka", "Pl_Type_EN": "Palm", "Pl_Type_AR": "نخيل", "Tree_Count": 17, "SurveyDate": 1785801600000, "Latitude": 23.64624326, "Longitude": 57.87821667}}, {"type": "Feature", "id": 572, "geometry": {"type": "Polygon", "coordinates": [[[57.87881946837222, 23.646149679608744], [57.87824551970437, 23.64637392870897], [57.87822318373078, 23.6463257991706], [57.8788033112663, 23.646117601087276], [57.87881946837222, 23.646149679608744]]]}, "properties": {"OBJECTID": 572, "Shape_Length": 136.80280780457284, "Shape_Area": 308.337334489506, "Field_ID": "FI_476", "Gov_Name": "North Al Batinah", "Wil_Name": "Barka", "Pl_Type_EN": "Palm", "Pl_Type_AR": "نخيل", "Tree_Count": 9, "SurveyDate": 1785801600000, "Latitude": 23.64624875, "Longitude": 57.87850421}}, {"type": "Feature", "id": 573, "geometry": {"type": "Polygon", "coordinates": [[[57.8988578646065, 23.637319095698228], [57.89885265428467, 23.63665708728524], [57.90005230556272, 23.636631353849545], [57.90005625747772, 23.637330821268538], [57.8988578646065, 23.637319095698228]]]}, "properties": {"OBJECTID": 573, "Shape_Length": 395.3983230388909, "Shape_Area": 9218.757605527255, "Field_ID": "FI_477", "Gov_Name": "North Al Batinah", "Wil_Name": "Barka", "Pl_Type_EN": "Palm", "Pl_Type_AR": "نخيل", "Tree_Count": 125, "SurveyDate": 1785801600000, "Latitude": 23.63698449, "Longitude": 57.89946027}}, {"type": "Feature", "id": 574, "geometry": {"type": "Polygon", "coordinates": [[[57.898366992916756, 23.638336577664774], [57.898355832993346, 23.637783314125382], [57.898483826033946, 23.637782572705003], [57.8984899252507, 23.637594315068768], [57.9000603820958, 23.63759654804948], [57.90007509612368, 23.63830853262526], [57.898366992916756, 23.638336577664774]]]}, "properties": {"OBJECTID": 574, "Shape_Length": 508.4774288162372, "Shape_Area": 13748.827419535699, "Field_ID": "FI_478", "Gov_Name": "North Al Batinah", "Wil_Name": "Barka", "Pl_Type_EN": "Palm", "Pl_Type_AR": "نخيل", "Tree_Count": 88, "SurveyDate": 1785801600000, "Latitude": 23.6379646, "Longitude": 57.89922388}}, {"type": "Feature", "id": 575, "geometry": {"type": "Polygon", "coordinates": [[[57.900519500610045, 23.641576343517613], [57.900455877797434, 23.64154841677287], [57.90054056043135, 23.641336321900095], [57.90060144952834, 23.641355037452687], [57.900519500610045, 23.641576343517613]]]}, "properties": {"OBJECTID": 575, "Shape_Length": 64.64699899154553, "Shape_Area": 174.30506332331132, "Field_ID": "FI_479", "Gov_Name": "North Al Batinah", "Wil_Name": "Barka", "Pl_Type_EN": "Palm", "Pl_Type_AR": "نخيل", "Tree_Count": 4, "SurveyDate": 1785801600000, "Latitude": 23.64145569, "Longitude": 57.90052891}}, {"type": "Feature", "id": 576, "geometry": {"type": "Polygon", "coordinates": [[[57.894125340796926, 23.645280863788173], [57.8935448699778, 23.64340212670988], [57.89370031614361, 23.643349970950595], [57.894310182116314, 23.64523058722544], [57.894125340796926, 23.645280863788173]]]}, "properties": {"OBJECTID": 576, "Shape_Length": 470.1242328276757, "Shape_Area": 3956.034167813015, "Field_ID": "FI_480", "Gov_Name": "North Al Batinah", "Wil_Name": "Barka", "Pl_Type_EN": "Palm", "Pl_Type_AR": "نخيل", "Tree_Count": 68, "SurveyDate": 1785801600000, "Latitude": 23.64434007, "Longitude": 57.89392791}}, {"type": "Feature", "id": 577, "geometry": {"type": "Polygon", "coordinates": [[[57.893708200576, 23.643930766021793], [57.89313563250934, 23.644046950809997], [57.8930131977627, 23.643497459901454], [57.89352334821061, 23.643336028423768], [57.893527109064806, 23.64334757939805], [57.89355334863747, 23.643429569319622], [57.893708200576, 23.643930766021793]]]}, "properties": {"OBJECTID": 577, "Shape_Length": 245.42533300400046, "Shape_Area": 3741.784505590149, "Field_ID": "FI_481", "Gov_Name": "North Al Batinah", "Wil_Name": "Barka", "Pl_Type_EN": "Palm", "Pl_Type_AR": "نخيل", "Tree_Count": 36, "SurveyDate": 1785801600000, "Latitude": 23.64370567, "Longitude": 57.89335093}}, {"type": "Feature", "id": 578, "geometry": {"type": "Polygon", "coordinates": [[[57.8935448699778, 23.64340212670988], [57.89348091956372, 23.643205724104032], [57.89413145400412, 23.643035753090945], [57.894208198597624, 23.643269370961473], [57.89371542500302, 23.643396561921843], [57.89370031614361, 23.643349970950595], [57.8935448699778, 23.64340212670988]]]}, "properties": {"OBJECTID": 578, "Shape_Length": 193.1560080328987, "Shape_Area": 1777.0836402555824, "Field_ID": "FI_482", "Gov_Name": "North Al Batinah", "Wil_Name": "Barka", "Pl_Type_EN": "Palm", "Pl_Type_AR": "نخيل", "Tree_Count": 36, "SurveyDate": 1785801600000, "Latitude": 23.64322989, "Longitude": 57.89385422}}, {"type": "Feature", "id": 579, "geometry": {"type": "Polygon", "coordinates": [[[57.8866379076793, 23.645412121299636], [57.88668403767942, 23.645410204667904], [57.886769317850444, 23.64603616769867], [57.88724558202272, 23.645940617187897], [57.88735684530252, 23.64591980127619], [57.887313846994445, 23.645673865828368], [57.887527813022885, 23.64564097339245], [57.88756987233526, 23.645867412333494], [57.88965680615114, 23.645429130263867], [57.889498696411174, 23.64442774171162], [57.889232271743566, 23.644474593076353], [57.88922264925583, 23.644416317139893], [57.88954343010174, 23.644370741800884], [57.889730461030105, 23.64547193279934], [57.887997145611266, 23.6458331111281], [57.886708424268114, 23.64610166710898], [57.8866379076793, 23.645412121299636]]]}, "properties": {"OBJECTID": 579, "Shape_Length": 1124.7835131747988, "Shape_Area": 3744.5997378512807, "Field_ID": "FI_483", "Gov_Name": "North Al Batinah", "Wil_Name": "Barka", "Pl_Type_EN": "Palm", "Pl_Type_AR": "نخيل", "Tree_Count": 97, "SurveyDate": 1784505600000, "Latitude": 23.64553742, "Longitude": 57.88826358}}, {"type": "Feature", "id": 580, "geometry": {"type": "Polygon", "coordinates": [[[57.88622542897051, 23.645251922925898], [57.88490552697026, 23.64563366271755], [57.88487541484462, 23.645568905554747], [57.88620636414242, 23.6451751400535], [57.88622542897051, 23.645251922925898]]]}, "properties": {"OBJECTID": 580, "Shape_Length": 300.2106307493472, "Shape_Area": 1166.981202157187, "Field_ID": "FI_484", "Gov_Name": "North Al Batinah", "Wil_Name": "Barka", "Pl_Type_EN": "Palm", "Pl_Type_AR": "نخيل", "Tree_Count": 18, "SurveyDate": 1785801600000, "Latitude": 23.6454037, "Longitude": 57.88556562}}, {"type": "Feature", "id": 581, "geometry": {"type": "Polygon", "coordinates": [[[57.88603914127385, 23.644119553381362], [57.88624066262296, 23.645118101348242], [57.88485726837633, 23.645427815069503], [57.88484247927089, 23.645378049324282], [57.8859880822388, 23.645111572241472], [57.885791015347486, 23.644164363253417], [57.88603914127385, 23.644119553381362]]]}, "properties": {"OBJECTID": 581, "Shape_Length": 516.4683397227661, "Shape_Area": 3630.618316139982, "Field_ID": "FI_485", "Gov_Name": "North Al Batinah", "Wil_Name": "Barka", "Pl_Type_EN": "Palm", "Pl_Type_AR": "نخيل", "Tree_Count": 120, "SurveyDate": 1785801600000, "Latitude": 23.64477124, "Longitude": 57.88589746}}, {"type": "Feature", "id": 582, "geometry": {"type": "Polygon", "coordinates": [[[57.88441692590393, 23.64450320290802], [57.88434560118055, 23.644286994160616], [57.88576768418005, 23.643932014579637], [57.88581269970132, 23.64414417757581], [57.88441692590393, 23.64450320290802]]]}, "properties": {"OBJECTID": 582, "Shape_Length": 347.04948843659946, "Shape_Area": 3642.542114334846, "Field_ID": "FI_486", "Gov_Name": "North Al Batinah", "Wil_Name": "Barka", "Pl_Type_EN": "Palm", "Pl_Type_AR": "نخيل", "Tree_Count": 57, "SurveyDate": 1785801600000, "Latitude": 23.64421769, "Longitude": 57.88508015}}, {"type": "Feature", "id": 583, "geometry": {"type": "Polygon", "coordinates": [[[57.88433105899122, 23.64443047045547], [57.88340922407955, 23.644718956741336], [57.88333602976326, 23.64456680024515], [57.884292302272385, 23.644308693050682], [57.88433105899122, 23.64443047045547]]]}, "properties": {"OBJECTID": 583, "Shape_Length": 233.41974064297037, "Shape_Area": 1625.2995861182226, "Field_ID": "FI_487", "Gov_Name": "North Al Batinah", "Wil_Name": "Barka", "Pl_Type_EN": "Palm", "Pl_Type_AR": "نخيل", "Tree_Count": 38, "SurveyDate": 1785801600000, "Latitude": 23.644512, "Longitude": 57.88382143}}, {"type": "Feature", "id": 584, "geometry": {"type": "Polygon", "coordinates": [[[57.886327439373304, 23.6363891459521], [57.88626735860338, 23.636153629153693], [57.88648432450231, 23.636108996939306], [57.88654587701976, 23.63633750545293], [57.886327439373304, 23.6363891459521]], [[57.88643547070736, 23.636186962882483], [57.88634822429456, 23.636204258244017], [57.88637398009487, 23.636306295219747], [57.88646350109758, 23.636288285057972], [57.88643547070736, 23.636186962882483]]]}, "properties": {"OBJECTID": 584, "Shape_Length": 140.1611498131715, "Shape_Area": 496.65957379722806, "Field_ID": "FI_488", "Gov_Name": "North Al Batinah", "Wil_Name": "Barka", "Pl_Type_EN": "Palm", "Pl_Type_AR": "نخيل", "Tree_Count": 16, "SurveyDate": 1784764800000, "Latitude": 23.63624793, "Longitude": 57.88640593}}, {"type": "Feature", "id": 585, "geometry": {"type": "Polygon", "coordinates": [[[57.88344142323892, 23.63003448112023], [57.88343149456438, 23.629994727368217], [57.88412130729463, 23.62981170147402], [57.88434874450128, 23.62975135492005], [57.88436352089161, 23.629802613013894], [57.8841363460643, 23.629864234315516], [57.88344142323892, 23.63003448112023]]]}, "properties": {"OBJECTID": 585, "Shape_Length": 205.2700905554368, "Shape_Area": 529.2445230294359, "Field_ID": "FI_489", "Gov_Name": "North Al Batinah", "Wil_Name": "Barka", "Pl_Type_EN": "Palm", "Pl_Type_AR": "نخيل", "Tree_Count": 11, "SurveyDate": 1784764800000, "Latitude": 23.62989105, "Longitude": 57.88391921}}, {"type": "Feature", "id": 586, "geometry": {"type": "Polygon", "coordinates": [[[57.88398811797734, 23.630597813367068], [57.88376313564203, 23.629955666410556], [57.88394046818315, 23.62991222201599], [57.884094663058384, 23.629874445888515], [57.8841363460643, 23.629864234315516], [57.88436352089161, 23.629802613013894], [57.884552270880675, 23.630435644635355], [57.88398811797734, 23.630597813367068]]]}, "properties": {"OBJECTID": 586, "Shape_Length": 271.23321482575875, "Shape_Area": 4548.745984197285, "Field_ID": "FI_490", "Gov_Name": "North Al Batinah", "Wil_Name": "Barka", "Pl_Type_EN": "Palm", "Pl_Type_AR": "نخيل", "Tree_Count": 100, "SurveyDate": 1784764800000, "Latitude": 23.63019639, "Longitude": 57.88416474}}, {"type": "Feature", "id": 587, "geometry": {"type": "Polygon", "coordinates": [[[57.882825765502425, 23.63341096684784], [57.88272640123309, 23.633083576430668], [57.88315473673811, 23.632972115072253], [57.8832416963566, 23.63331464479042], [57.882825765502425, 23.63341096684784]]]}, "properties": {"OBJECTID": 587, "Shape_Length": 165.7381301459214, "Shape_Area": 1706.2951604617062, "Field_ID": "FI_491", "Gov_Name": "North Al Batinah", "Wil_Name": "Barka", "Pl_Type_EN": "Palm", "Pl_Type_AR": "نخيل", "Tree_Count": 58, "SurveyDate": 1784764800000, "Latitude": 23.63319401, "Longitude": 57.88298805}}, {"type": "Feature", "id": 588, "geometry": {"type": "Polygon", "coordinates": [[[57.88335708026741, 23.631311059238307], [57.88309627323727, 23.630172529403968], [57.8831498045954, 23.630146980263667], [57.88340255121353, 23.631304419206256], [57.88335708026741, 23.631311059238307]]]}, "properties": {"OBJECTID": 588, "Shape_Length": 270.4000527392644, "Shape_Area": 688.501749784877, "Field_ID": "FI_492", "Gov_Name": "North Al Batinah", "Wil_Name": "Barka", "Pl_Type_EN": "Palm", "Pl_Type_AR": "نخيل", "Tree_Count": 15, "SurveyDate": 1784764800000, "Latitude": 23.63071159, "Longitude": 57.88324653}}, {"type": "Feature", "id": 589, "geometry": {"type": "Polygon", "coordinates": [[[57.88310714356578, 23.63021997939443], [57.88230002580923, 23.63057793305674], [57.88173948820038, 23.63083154008439], [57.88170294299329, 23.630775200315938], [57.88309627323727, 23.630172529403968], [57.88310714356578, 23.63021997939443]]]}, "properties": {"OBJECTID": 589, "Shape_Length": 324.73214200991526, "Shape_Area": 948.8507785131017, "Field_ID": "FI_493", "Gov_Name": "North Al Batinah", "Wil_Name": "Barka", "Pl_Type_EN": "Palm", "Pl_Type_AR": "نخيل", "Tree_Count": 26, "SurveyDate": 1784764800000, "Latitude": 23.63051549, "Longitude": 57.88237399}}, {"type": "Feature", "id": 590, "geometry": {"type": "Polygon", "coordinates": [[[57.88197244578826, 23.630726142013916], [57.88289693779435, 23.630313204589662], [57.88291875165045, 23.63037254253522], [57.88200475784221, 23.6307855215657], [57.88197244578826, 23.630726142013916]]]}, "properties": {"OBJECTID": 590, "Shape_Length": 222.94107686779392, "Shape_Area": 742.509035751128, "Field_ID": "FI_494", "Gov_Name": "North Al Batinah", "Wil_Name": "Barka", "Pl_Type_EN": "Palm", "Pl_Type_AR": "نخيل", "Tree_Count": 15, "SurveyDate": 1784764800000, "Latitude": 23.6305516, "Longitude": 57.88244311}}, {"type": "Feature", "id": 591, "geometry": {"type": "Polygon", "coordinates": [[[57.882755136339455, 23.630554422299525], [57.88315968881177, 23.63044936642828], [57.88317429276189, 23.6305131186671], [57.883220091157646, 23.63071304741262], [57.88281990449937, 23.63079897957017], [57.882755136339455, 23.630554422299525]]]}, "properties": {"OBJECTID": 591, "Shape_Length": 142.5025625645633, "Shape_Area": 1222.3580444695801, "Field_ID": "FI_495", "Gov_Name": "North Al Batinah", "Wil_Name": "Barka", "Pl_Type_EN": "Palm", "Pl_Type_AR": "نخيل", "Tree_Count": 16, "SurveyDate": 1784764800000, "Latitude": 23.63062797, "Longitude": 57.88299085}}, {"type": "Feature", "id": 592, "geometry": {"type": "Polygon", "coordinates": [[[57.88296583673966, 23.63136955770432], [57.882842109039, 23.630841424578296], [57.883225693034284, 23.630737504849176], [57.88334906773076, 23.631276081530746], [57.88296583673966, 23.63136955770432]]]}, "properties": {"OBJECTID": 592, "Shape_Length": 201.9916112583964, "Shape_Area": 2447.3498858367743, "Field_ID": "FI_496", "Gov_Name": "North Al Batinah", "Wil_Name": "Barka", "Pl_Type_EN": "Palm", "Pl_Type_AR": "نخيل", "Tree_Count": 30, "SurveyDate": 1784764800000, "Latitude": 23.63105569, "Longitude": 57.88309619}}, {"type": "Feature", "id": 593, "geometry": {"type": "Polygon", "coordinates": [[[57.880990081683855, 23.63194590613146], [57.880905020165635, 23.63196594254366], [57.880899626878055, 23.6319180973025], [57.88097603728945, 23.631899868552956], [57.881015693999935, 23.631890408124242], [57.88103363676014, 23.6318861280216], [57.88142036006037, 23.631793871389306], [57.881461210796424, 23.631784125878436], [57.883330994480936, 23.63133483093778], [57.883341131967846, 23.631367850153016], [57.88250625306397, 23.631580284339876], [57.88192447956391, 23.631720579263742], [57.88140292989512, 23.631848657312414], [57.880990081683855, 23.63194590613146]]]}, "properties": {"OBJECTID": 593, "Shape_Length": 522.5987774858221, "Shape_Area": 1271.8017879777185, "Field_ID": "FI_497", "Gov_Name": "North Al Batinah", "Wil_Name": "Barka", "Pl_Type_EN": "Palm", "Pl_Type_AR": "نخيل", "Tree_Count": 31, "SurveyDate": 1784764800000, "Latitude": 23.63166271, "Longitude": 57.88206306}}, {"type": "Feature", "id": 594, "geometry": {"type": "Polygon", "coordinates": [[[57.88140278406743, 23.631848693365747], [57.881924040109055, 23.63172068562998], [57.88194240474237, 23.631790817575407], [57.88142241175733, 23.631913942733828], [57.88140278406743, 23.631848693365747]]]}, "properties": {"OBJECTID": 594, "Shape_Length": 125.28101279216128, "Shape_Area": 424.969238059728, "Field_ID": "FI_498", "Gov_Name": "North Al Batinah", "Wil_Name": "Barka", "Pl_Type_EN": "Palm", "Pl_Type_AR": "نخيل", "Tree_Count": 8, "SurveyDate": 1784764800000, "Latitude": 23.63181785, "Longitude": 57.88167565}}, {"type": "Feature", "id": 595, "geometry": {"type": "Polygon", "coordinates": [[[57.88081402402884, 23.631185104486907], [57.880899626878055, 23.6319180973025], [57.88090180293264, 23.631937398952267], [57.88082577452022, 23.631944592018154], [57.8807452811316, 23.631190583412156], [57.88081402402884, 23.631185104486907]]]}, "properties": {"OBJECTID": 595, "Shape_Length": 182.49504277919047, "Shape_Area": 622.0835326659692, "Field_ID": "FI_499", "Gov_Name": "North Al Batinah", "Wil_Name": "Barka", "Pl_Type_EN": "Palm", "Pl_Type_AR": "نخيل", "Tree_Count": 15, "SurveyDate": 1784764800000, "Latitude": 23.6315709, "Longitude": 57.88082245}}, {"type": "Feature", "id": 596, "geometry": {"type": "Polygon", "coordinates": [[[57.88085150319016, 23.631267670775337], [57.88082450816754, 23.631274878943405], [57.88081402402884, 23.631185104486907], [57.880808916905345, 23.63114251061732], [57.88124395492823, 23.630972692490225], [57.88129378021726, 23.631117033279235], [57.88085150319016, 23.631267670775337]]]}, "properties": {"OBJECTID": 596, "Shape_Length": 130.6760601429657, "Shape_Area": 771.9687414525946, "Field_ID": "FI_500", "Gov_Name": "North Al Batinah", "Wil_Name": "Barka", "Pl_Type_EN": "Palm", "Pl_Type_AR": "نخيل", "Tree_Count": 12, "SurveyDate": 1784764800000, "Latitude": 23.6311259, "Longitude": 57.88104872}}, {"type": "Feature", "id": 597, "geometry": {"type": "Polygon", "coordinates": [[[57.88155232904901, 23.632355882112787], [57.881539461357654, 23.632308754971035], [57.882043870892815, 23.63218642610786], [57.88219873216351, 23.632148571237643], [57.88221793565741, 23.632206042750614], [57.88155232904901, 23.632355882112787]]]}, "properties": {"OBJECTID": 597, "Shape_Length": 151.48355485618657, "Shape_Area": 418.5191291021272, "Field_ID": "FI_501", "Gov_Name": "North Al Batinah", "Wil_Name": "Barka", "Pl_Type_EN": "Palm", "Pl_Type_AR": "نخيل", "Tree_Count": 10, "SurveyDate": 1784764800000, "Latitude": 23.63225218, "Longitude": 57.88188869}}, {"type": "Feature", "id": 598, "geometry": {"type": "Polygon", "coordinates": [[[57.882505273745515, 23.632585171607715], [57.88218830810564, 23.63265935145051], [57.88212654742173, 23.63236557963085], [57.88242542391276, 23.632281688672442], [57.882505273745515, 23.632585171607715]]]}, "properties": {"OBJECTID": 598, "Shape_Length": 132.9367562098714, "Shape_Area": 1101.7567705142699, "Field_ID": "FI_502", "Gov_Name": "North Al Batinah", "Wil_Name": "Barka", "Pl_Type_EN": "Palm", "Pl_Type_AR": "نخيل", "Tree_Count": 13, "SurveyDate": 1784764800000, "Latitude": 23.63247385, "Longitude": 57.88231284}}, {"type": "Feature", "id": 599, "geometry": {"type": "Polygon", "coordinates": [[[57.88189975690123, 23.63442750327341], [57.881745006123566, 23.633818264264917], [57.882421626086696, 23.633644868181428], [57.88256973969334, 23.634244722958744], [57.88189975690123, 23.63442750327341]]]}, "properties": {"OBJECTID": 599, "Shape_Length": 280.3061924984602, "Shape_Area": 4901.789059416758, "Field_ID": "FI_503", "Gov_Name": "North Al Batinah", "Wil_Name": "Barka", "Pl_Type_EN": "Palm", "Pl_Type_AR": "نخيل", "Tree_Count": 273, "SurveyDate": 1784764800000, "Latitude": 23.6340338, "Longitude": 57.88215799}}, {"type": "Feature", "id": 600, "geometry": {"type": "Polygon", "coordinates": [[[57.88262064350633, 23.634263924339642], [57.8824665001079, 23.633620709749692], [57.88311194863035, 23.633430584669537], [57.88331076759936, 23.63408422177215], [57.88262064350633, 23.634263924339642]]]}, "properties": {"OBJECTID": 600, "Shape_Length": 290.3690280968806, "Shape_Area": 5259.068287591036, "Field_ID": "FI_504", "Gov_Name": "North Al Batinah", "Wil_Name": "Barka", "Pl_Type_EN": "Palm", "Pl_Type_AR": "نخيل", "Tree_Count": 266, "SurveyDate": 1784764800000, "Latitude": 23.6338525, "Longitude": 57.88288014}}, {"type": "Feature", "id": 601, "geometry": {"type": "Polygon", "coordinates": [[[57.88295140301035, 23.635689084369204], [57.88293219485862, 23.635633973075727], [57.88422643181352, 23.63531420675624], [57.884237448984564, 23.635374482997882], [57.88295140301035, 23.635689084369204]]]}, "properties": {"OBJECTID": 601, "Shape_Length": 285.5907434168347, "Shape_Area": 894.789333328504, "Field_ID": "FI_505", "Gov_Name": "North Al Batinah", "Wil_Name": "Barka", "Pl_Type_EN": "Palm", "Pl_Type_AR": "نخيل", "Tree_Count": 22, "SurveyDate": 1784764800000, "Latitude": 23.63550155, "Longitude": 57.88359238}}, {"type": "Feature", "id": 602, "geometry": {"type": "Polygon", "coordinates": [[[57.88162977143984, 23.636010573797975], [57.88161572277899, 23.63595858787646], [57.88289460483853, 23.63564680834024], [57.88290877663621, 23.635702760282108], [57.88162977143984, 23.636010573797975]]]}, "properties": {"OBJECTID": 602, "Shape_Length": 282.07946040758304, "Shape_Area": 828.9191245985155, "Field_ID": "FI_506", "Gov_Name": "North Al Batinah", "Wil_Name": "Barka", "Pl_Type_EN": "Palm", "Pl_Type_AR": "نخيل", "Tree_Count": 20, "SurveyDate": 1784764800000, "Latitude": 23.63582788, "Longitude": 57.88226964}}, {"type": "Feature", "id": 603, "geometry": {"type": "Polygon", "coordinates": [[[57.88161729805435, 23.635938068190324], [57.88160498316107, 23.635889228187622], [57.88287532363633, 23.6355806531466], [57.88288802553285, 23.635635824965863], [57.88161729805435, 23.635938068190324]]]}, "properties": {"OBJECTID": 603, "Shape_Length": 279.6773528051813, "Shape_Area": 789.4009921493746, "Field_ID": "FI_507", "Gov_Name": "North Al Batinah", "Wil_Name": "Barka", "Pl_Type_EN": "Palm", "Pl_Type_AR": "نخيل", "Tree_Count": 21, "SurveyDate": 1784764800000, "Latitude": 23.63575797, "Longitude": 57.88225877}}, {"type": "Feature", "id": 604, "geometry": {"type": "Polygon", "coordinates": [[[57.88293876146352, 23.63561806560011], [57.88292865175687, 23.635567301088173], [57.88420129148909, 23.63525696809331], [57.884216022717126, 23.635311478825685], [57.88293876146352, 23.63561806560011]]]}, "properties": {"OBJECTID": 604, "Shape_Length": 280.85846585037757, "Shape_Area": 801.2184992724, "Field_ID": "FI_508", "Gov_Name": "North Al Batinah", "Wil_Name": "Barka", "Pl_Type_EN": "Palm", "Pl_Type_AR": "نخيل", "Tree_Count": 23, "SurveyDate": 1784764800000, "Latitude": 23.63543622, "Longitude": 57.88358047}}, {"type": "Feature", "id": 605, "geometry": {"type": "Polygon", "coordinates": [[[57.88475509394638, 23.63549002531233], [57.88472755841356, 23.63535445611238], [57.8847865255242, 23.635343480989032], [57.88481675993242, 23.635481223230084], [57.88475509394638, 23.63549002531233]]]}, "properties": {"OBJECTID": 605, "Shape_Length": 43.33208923841477, "Shape_Area": 96.3184388061443, "Field_ID": "FI_509", "Gov_Name": "North Al Batinah", "Wil_Name": "Barka", "Pl_Type_EN": "Palm", "Pl_Type_AR": "نخيل", "Tree_Count": 3, "SurveyDate": 1784764800000, "Latitude": 23.63541769, "Longitude": 57.88477166}}, {"type": "Feature", "id": 606, "geometry": {"type": "Polygon", "coordinates": [[[57.88484496118603, 23.6355235758785], [57.884833936909835, 23.635472934140886], [57.88528104694242, 23.635392510085573], [57.88544306170595, 23.635358164273388], [57.88553899905732, 23.635338905936276], [57.88555013640475, 23.635383291424766], [57.88484496118603, 23.6355235758785]]]}, "properties": {"OBJECTID": 606, "Shape_Length": 157.79553495075945, "Shape_Area": 378.34502898681535, "Field_ID": "FI_510", "Gov_Name": "North Al Batinah", "Wil_Name": "Barka", "Pl_Type_EN": "Palm", "Pl_Type_AR": "نخيل", "Tree_Count": 12, "SurveyDate": 1784764800000, "Latitude": 23.63543237, "Longitude": 57.88518365}}, {"type": "Feature", "id": 607, "geometry": {"type": "Polygon", "coordinates": [[[57.88540203778225, 23.634686283759475], [57.88557714861452, 23.63464909476975], [57.88570671795944, 23.63534952911538], [57.88554972276937, 23.635375577767462], [57.88540203778225, 23.634686283759475]]]}, "properties": {"OBJECTID": 607, "Shape_Length": 191.06425670581578, "Shape_Area": 1352.6670717310228, "Field_ID": "FI_511", "Gov_Name": "North Al Batinah", "Wil_Name": "Barka", "Pl_Type_EN": "Palm", "Pl_Type_AR": "نخيل", "Tree_Count": 34, "SurveyDate": 1784764800000, "Latitude": 23.63500826, "Longitude": 57.88555769}}, {"type": "Feature", "id": 608, "geometry": {"type": "Polygon", "coordinates": [[[57.88553606821698, 23.634596499452144], [57.88546352885076, 23.634240469209136], [57.88552920546415, 23.634227976979346], [57.88561052549766, 23.63458597570258], [57.88553606821698, 23.634596499452144]]]}, "properties": {"OBJECTID": 608, "Shape_Length": 95.12905586081271, "Shape_Area": 292.52110575567497, "Field_ID": "FI_512", "Gov_Name": "North Al Batinah", "Wil_Name": "Barka", "Pl_Type_EN": "Palm", "Pl_Type_AR": "نخيل", "Tree_Count": 6, "SurveyDate": 1784764800000, "Latitude": 23.63441615, "Longitude": 57.88553562}}, {"type": "Feature", "id": 609, "geometry": {"type": "Polygon", "coordinates": [[[57.88559893245983, 23.634654705704936], [57.88558675699264, 23.634589334919642], [57.88652699953227, 23.634454521237856], [57.88653948371962, 23.634518064812298], [57.88559893245983, 23.634654705704936]]]}, "properties": {"OBJECTID": 609, "Shape_Length": 208.68676794723189, "Shape_Area": 703.4991402896992, "Field_ID": "FI_513", "Gov_Name": "North Al Batinah", "Wil_Name": "Barka", "Pl_Type_EN": "Palm", "Pl_Type_AR": "نخيل", "Tree_Count": 16, "SurveyDate": 1784764800000, "Latitude": 23.63455447, "Longitude": 57.88606094}}, {"type": "Feature", "id": 610, "geometry": {"type": "Polygon", "coordinates": [[[57.88562754329367, 23.63458348687104], [57.885620022625915, 23.634531395422318], [57.88604663301241, 23.63446061592098], [57.886056878527754, 23.63452192878434], [57.88562754329367, 23.63458348687104]]]}, "properties": {"OBJECTID": 610, "Shape_Length": 101.22611511368821, "Shape_Area": 280.71339136405265, "Field_ID": "FI_514", "Gov_Name": "North Al Batinah", "Wil_Name": "Barka", "Pl_Type_EN": "Palm", "Pl_Type_AR": "نخيل", "Tree_Count": 5, "SurveyDate": 1784764800000, "Latitude": 23.63452346, "Longitude": 57.88584369}}, {"type": "Feature", "id": 611, "geometry": {"type": "Polygon", "coordinates": [[[57.88661714581733, 23.634510482044252], [57.886610211919674, 23.63444192922943], [57.88685555729611, 23.634418311617384], [57.88686338834622, 23.634479297717814], [57.88661714581733, 23.634510482044252]]]}, "properties": {"OBJECTID": 611, "Shape_Length": 64.94015057564354, "Shape_Area": 182.08698760436073, "Field_ID": "FI_515", "Gov_Name": "North Al Batinah", "Wil_Name": "Barka", "Pl_Type_EN": "Palm", "Pl_Type_AR": "نخيل", "Tree_Count": 4, "SurveyDate": 1784764800000, "Latitude": 23.6344628, "Longitude": 57.88673425}}, {"type": "Feature", "id": 612, "geometry": {"type": "Polygon", "coordinates": [[[57.88687463079468, 23.634416690611133], [57.88692052749313, 23.634410255732778], [57.88703840736065, 23.634974827130527], [57.886989991847834, 23.63498503014095], [57.88687463079468, 23.634416690611133]]]}, "properties": {"OBJECTID": 612, "Shape_Length": 137.4745327819718, "Shape_Area": 312.64426678399707, "Field_ID": "FI_516", "Gov_Name": "North Al Batinah", "Wil_Name": "Barka", "Pl_Type_EN": "Palm", "Pl_Type_AR": "نخيل", "Tree_Count": 11, "SurveyDate": 1784764800000, "Latitude": 23.63469989, "Longitude": 57.88695652}}, {"type": "Feature", "id": 613, "geometry": {"type": "Polygon", "coordinates": [[[57.885728336063096, 23.635426515276244], [57.8857155653224, 23.63532980694695], [57.88590702689913, 23.63529562578199], [57.88592475609681, 23.635395201423698], [57.885728336063096, 23.635426515276244]]]}, "properties": {"OBJECTID": 613, "Shape_Length": 62.186098764961045, "Shape_Area": 220.60872705219128, "Field_ID": "FI_517", "Gov_Name": "North Al Batinah", "Wil_Name": "Barka", "Pl_Type_EN": "Palm", "Pl_Type_AR": "نخيل", "Tree_Count": 5, "SurveyDate": 1784764800000, "Latitude": 23.63536187, "Longitude": 57.88581954}}, {"type": "Feature", "id": 614, "geometry": {"type": "Polygon", "coordinates": [[[57.886150780953415, 23.63538867535101], [57.88614274879934, 23.635335204968726], [57.88703656476848, 23.635203050409338], [57.88705199267261, 23.63526810349818], [57.886150780953415, 23.63538867535101]]]}, "properties": {"OBJECTID": 614, "Shape_Length": 198.58367492368149, "Shape_Area": 617.4531289208994, "Field_ID": "FI_518", "Gov_Name": "North Al Batinah", "Wil_Name": "Barka", "Pl_Type_EN": "Palm", "Pl_Type_AR": "نخيل", "Tree_Count": 12, "SurveyDate": 1784764800000, "Latitude": 23.6352966, "Longitude": 57.88661103}}, {"type": "Feature", "id": 615, "geometry": {"type": "Polygon", "coordinates": [[[57.88724398299624, 23.63582348706621], [57.887504224484786, 23.636994525409055], [57.88744071249097, 23.63700296791954], [57.88718654504159, 23.635835447894365], [57.88700686636706, 23.63507782661422], [57.88705282899033, 23.635067466018086], [57.88724398299624, 23.63582348706621]]]}, "properties": {"OBJECTID": 615, "Shape_Length": 447.37158878263426, "Shape_Area": 1293.5415476051405, "Field_ID": "FI_519", "Gov_Name": "North Al Batinah", "Wil_Name": "Barka", "Pl_Type_EN": "Palm", "Pl_Type_AR": "نخيل", "Tree_Count": 36, "SurveyDate": 1784764800000, "Latitude": 23.63607791, "Longitude": 57.88726665}}, {"type": "Feature", "id": 616, "geometry": {"type": "Polygon", "coordinates": [[[57.88744071249097, 23.63700296791954], [57.88738925460194, 23.637011340535285], [57.8870697804301, 23.635573684464646], [57.887043442074656, 23.63546337584034], [57.88709670543048, 23.6354566377488], [57.88719763603026, 23.63588639433884], [57.88744071249097, 23.63700296791954]]]}, "properties": {"OBJECTID": 616, "Shape_Length": 360.57101596899355, "Shape_Area": 976.0283574082633, "Field_ID": "FI_520", "Gov_Name": "North Al Batinah", "Wil_Name": "Barka", "Pl_Type_EN": "Palm", "Pl_Type_AR": "نخيل", "Tree_Count": 27, "SurveyDate": 1784764800000, "Latitude": 23.63622792, "Longitude": 57.88724304}}, {"type": "Feature", "id": 617, "geometry": {"type": "Polygon", "coordinates": [[[57.88484261763521, 23.635766510643283], [57.884823703545564, 23.63567898305749], [57.88529838685964, 23.635597110067703], [57.88531205386666, 23.635673773166257], [57.88484261763521, 23.635766510643283]]]}, "properties": {"OBJECTID": 617, "Shape_Length": 116.71830519174397, "Shape_Area": 453.75139369438676, "Field_ID": "FI_521", "Gov_Name": "North Al Batinah", "Wil_Name": "Barka", "Pl_Type_EN": "Palm", "Pl_Type_AR": "نخيل", "Tree_Count": 8, "SurveyDate": 1784764800000, "Latitude": 23.63568006, "Longitude": 57.88506371}}, {"type": "Feature", "id": 618, "geometry": {"type": "Polygon", "coordinates": [[[57.88482656927004, 23.636422765492572], [57.88467963157949, 23.63579559483529], [57.88486423016845, 23.63576265443114], [57.88499125312929, 23.636393982143062], [57.88482656927004, 23.636422765492572]]]}, "properties": {"OBJECTID": 618, "Shape_Length": 178.40889801162098, "Shape_Area": 1288.8762105514195, "Field_ID": "FI_522", "Gov_Name": "North Al Batinah", "Wil_Name": "Barka", "Pl_Type_EN": "Palm", "Pl_Type_AR": "نخيل", "Tree_Count": 24, "SurveyDate": 1784764800000, "Latitude": 23.63608773, "Longitude": 57.88483912}}, {"type": "Feature", "id": 619, "geometry": {"type": "Polygon", "coordinates": [[[57.885011416713915, 23.637385251234253], [57.88481896837723, 23.636461397979847], [57.88498786233645, 23.636428878472568], [57.885186738215836, 23.637356537012845], [57.885011416713915, 23.637385251234253]]]}, "properties": {"OBJECTID": 619, "Shape_Length": 244.61417873038135, "Shape_Area": 1867.1179062774843, "Field_ID": "FI_523", "Gov_Name": "North Al Batinah", "Wil_Name": "Barka", "Pl_Type_EN": "Palm", "Pl_Type_AR": "نخيل", "Tree_Count": 28, "SurveyDate": 1784764800000, "Latitude": 23.63691043, "Longitude": 57.88500183}}, {"type": "Feature", "id": 620, "geometry": {"type": "Polygon", "coordinates": [[[57.88518540331841, 23.63740659984454], [57.88517722930036, 23.637358094203165], [57.88592214975781, 23.63720507534952], [57.885914383309206, 23.637172447443216], [57.88736590279201, 23.636907717539437], [57.88738925460194, 23.637011340535285], [57.88518540331841, 23.63740659984454]]]}, "properties": {"OBJECTID": 620, "Shape_Length": 478.65997446983766, "Shape_Area": 2237.790415763155, "Field_ID": "FI_524", "Gov_Name": "North Al Batinah", "Wil_Name": "Barka", "Pl_Type_EN": "Palm", "Pl_Type_AR": "نخيل", "Tree_Count": 63, "SurveyDate": 1784764800000, "Latitude": 23.63713884, "Longitude": 57.88641251}}, {"type": "Feature", "id": 621, "geometry": {"type": "Polygon", "coordinates": [[[57.88240694153162, 23.63973120683413], [57.882402302405964, 23.639677984297915], [57.883721874430414, 23.639491002614022], [57.883732935361, 23.63954418850617], [57.88240694153162, 23.63973120683413]]]}, "properties": {"OBJECTID": 621, "Shape_Length": 284.9206842886892, "Shape_Area": 811.402978776226, "Field_ID": "FI_525", "Gov_Name": "North Al Batinah", "Wil_Name": "Barka", "Pl_Type_EN": "Palm", "Pl_Type_AR": "نخيل", "Tree_Count": 22, "SurveyDate": 1784764800000, "Latitude": 23.63961087, "Longitude": 57.88306779}}, {"type": "Feature", "id": 622, "geometry": {"type": "Polygon", "coordinates": [[[57.88244278908333, 23.639650144080306], [57.88243175608209, 23.63960090219049], [57.88361229150105, 23.639430489550097], [57.88362335237562, 23.63948367454881], [57.88244278908333, 23.639650144080306]]]}, "properties": {"OBJECTID": 622, "Shape_Length": 255.272546120169, "Shape_Area": 703.8325563277283, "Field_ID": "FI_526", "Gov_Name": "North Al Batinah", "Wil_Name": "Barka", "Pl_Type_EN": "Palm", "Pl_Type_AR": "نخيل", "Tree_Count": 15, "SurveyDate": 1784764800000, "Latitude": 23.63954025, "Longitude": 57.8830349}}, {"type": "Feature", "id": 623, "geometry": {"type": "Polygon", "coordinates": [[[57.88378661838719, 23.639543171779792], [57.883771150185204, 23.639483937002815], [57.88459249355545, 23.63938080406102], [57.88460381008559, 23.639433751787863], [57.88378661838719, 23.639543171779792]]]}, "properties": {"OBJECTID": 623, "Shape_Length": 181.50587560577102, "Shape_Area": 535.0630682806343, "Field_ID": "FI_527", "Gov_Name": "North Al Batinah", "Wil_Name": "Barka", "Pl_Type_EN": "Palm", "Pl_Type_AR": "نخيل", "Tree_Count": 14, "SurveyDate": 1784764800000, "Latitude": 23.63946145, "Longitude": 57.88418046}}, {"type": "Feature", "id": 624, "geometry": {"type": "Polygon", "coordinates": [[[57.8838476583841, 23.63945194688912], [57.88383510281663, 23.63940686398045], [57.88473978417985, 23.639280249970586], [57.884745578200324, 23.639326917646788], [57.8838476583841, 23.63945194688912]]]}, "properties": {"OBJECTID": 624, "Shape_Length": 196.32325822980653, "Shape_Area": 480.00398748178907, "Field_ID": "FI_528", "Gov_Name": "North Al Batinah", "Wil_Name": "Barka", "Pl_Type_EN": "Palm", "Pl_Type_AR": "نخيل", "Tree_Count": 15, "SurveyDate": 1784764800000, "Latitude": 23.63936632, "Longitude": 57.88429305}}, {"type": "Feature", "id": 625, "geometry": {"type": "Polygon", "coordinates": [[[57.88483377422332, 23.639655747372842], [57.88463143747961, 23.639687597720762], [57.88462056893478, 23.639635960692246], [57.884823820033965, 23.639609758256274], [57.88483377422332, 23.639655747372842]]]}, "properties": {"OBJECTID": 625, "Shape_Length": 52.88799522300567, "Shape_Area": 115.20938127995353, "Field_ID": "FI_529", "Gov_Name": "North Al Batinah", "Wil_Name": "Barka", "Pl_Type_EN": "Palm", "Pl_Type_AR": "نخيل", "Tree_Count": 4, "SurveyDate": 1784764800000, "Latitude": 23.63964755, "Longitude": 57.88472546}}, {"type": "Feature", "id": 626, "geometry": {"type": "Polygon", "coordinates": [[[57.88255315520975, 23.64029994039451], [57.882473743712126, 23.639899013905765], [57.88272420189014, 23.63985972287887], [57.8828268620563, 23.640254205335168], [57.88255315520975, 23.64029994039451]]]}, "properties": {"OBJECTID": 626, "Shape_Length": 144.32748974020114, "Shape_Area": 1220.8629635463244, "Field_ID": "FI_530", "Gov_Name": "North Al Batinah", "Wil_Name": "Barka", "Pl_Type_EN": "Palm", "Pl_Type_AR": "نخيل", "Tree_Count": 34, "SurveyDate": 1784764800000, "Latitude": 23.64008126, "Longitude": 57.88264504}}, {"type": "Feature", "id": 627, "geometry": {"type": "Polygon", "coordinates": [[[57.88371395494566, 23.639164784746118], [57.88357396578245, 23.63851874554965], [57.883612700902674, 23.63851047647316], [57.883770316454374, 23.639155771209026], [57.88371395494566, 23.639164784746118]]]}, "properties": {"OBJECTID": 627, "Shape_Length": 156.06502239559666, "Shape_Area": 361.24497366316666, "Field_ID": "FI_531", "Gov_Name": "North Al Batinah", "Wil_Name": "Barka", "Pl_Type_EN": "Palm", "Pl_Type_AR": "نخيل", "Tree_Count": 10, "SurveyDate": 1784764800000, "Latitude": 23.63885677, "Longitude": 57.8836722}}, {"type": "Feature", "id": 628, "geometry": {"type": "Polygon", "coordinates": [[[57.88359858285784, 23.639084805515008], [57.883465651978355, 23.63846708730001], [57.88351218104466, 23.638459248933565], [57.88363957149951, 23.639080252892654], [57.88359858285784, 23.639084805515008]]]}, "properties": {"OBJECTID": 628, "Shape_Length": 148.73542834262122, "Shape_Area": 315.1974182658734, "Field_ID": "FI_532", "Gov_Name": "North Al Batinah", "Wil_Name": "Barka", "Pl_Type_EN": "Palm", "Pl_Type_AR": "نخيل", "Tree_Count": 8, "SurveyDate": 1784764800000, "Latitude": 23.63876571, "Longitude": 57.88355251}}, {"type": "Feature", "id": 629, "geometry": {"type": "Polygon", "coordinates": [[[57.883487132281964, 23.638115670664245], [57.883417455422276, 23.63779375327021], [57.88345771790763, 23.637783022451416], [57.88352743183163, 23.638110594536027], [57.883487132281964, 23.638115670664245]]]}, "properties": {"OBJECTID": 629, "Shape_Length": 81.72790486173736, "Shape_Area": 153.9564072884119, "Field_ID": "FI_533", "Gov_Name": "North Al Batinah", "Wil_Name": "Barka", "Pl_Type_EN": "Palm", "Pl_Type_AR": "نخيل", "Tree_Count": 6, "SurveyDate": 1784764800000, "Latitude": 23.63794999, "Longitude": 57.88347233}}, {"type": "Feature", "id": 630, "geometry": {"type": "Polygon", "coordinates": [[[57.88338688733601, 23.63805904576238], [57.883365861333516, 23.637945106983622], [57.883398232160694, 23.637934421126857], [57.88341831813798, 23.63805305375518], [57.88338688733601, 23.63805904576238]]]}, "properties": {"OBJECTID": 630, "Shape_Length": 32.871613750436325, "Shape_Area": 43.83166927689849, "Field_ID": "FI_534", "Gov_Name": "North Al Batinah", "Wil_Name": "Barka", "Pl_Type_EN": "Palm", "Pl_Type_AR": "نخيل", "Tree_Count": 3, "SurveyDate": 1784764800000, "Latitude": 23.63799737, "Longitude": 57.88339233}}, {"type": "Feature", "id": 631, "geometry": {"type": "Polygon", "coordinates": [[[57.88100184446855, 23.640150038241256], [57.88096319957133, 23.640005045202404], [57.88222440606517, 23.639745095105045], [57.88224191144399, 23.639833525170463], [57.88100184446855, 23.640150038241256]]]}, "properties": {"OBJECTID": 631, "Shape_Length": 289.5635612256251, "Shape_Area": 1739.8561868605652, "Field_ID": "FI_535", "Gov_Name": "North Al Batinah", "Wil_Name": "Barka", "Pl_Type_EN": "Palm", "Pl_Type_AR": "نخيل", "Tree_Count": 36, "SurveyDate": 1785801600000, "Latitude": 23.63994535, "Longitude": 57.88155585}}, {"type": "Feature", "id": 632, "geometry": {"type": "Polygon", "coordinates": [[[57.88226648277457, 23.64265071005495], [57.88204308874797, 23.6426934376365], [57.881980547957404, 23.642561263560047], [57.88175852331799, 23.642603362445378], [57.8816621104545, 23.642309135819175], [57.881249019373904, 23.641348666898462], [57.88101106904905, 23.640800963975394], [57.880766866053364, 23.640751863223898], [57.880722155532375, 23.640622110824314], [57.88086264273997, 23.640574590494236], [57.8806888316565, 23.64014645288947], [57.880953459790085, 23.640065893885687], [57.88100184446855, 23.640150038241256], [57.88101602642919, 23.64017649363377], [57.881082617691455, 23.640300715099443], [57.881183763197, 23.640489395623792], [57.88135745033993, 23.640822579213776], [57.8815340156178, 23.64119890913386], [57.88160294324191, 23.641345819834367], [57.881735347546794, 23.641628461626894], [57.88187120168553, 23.64210339341394], [57.88217537579134, 23.642042025220217], [57.88222803222284, 23.642422276223293], [57.88226648277457, 23.64265071005495]]]}, "properties": {"OBJECTID": 632, "Shape_Length": 755.710230948126, "Shape_Area": 11452.299674989887, "Field_ID": "FI_536", "Gov_Name": "North Al Batinah", "Wil_Name": "Barka", "Pl_Type_EN": "Palm", "Pl_Type_AR": "نخيل", "Tree_Count": 195, "SurveyDate": 1785801600000, "Latitude": 23.64145269, "Longitude": 57.88147808}}, {"type": "Feature", "id": 633, "geometry": {"type": "Polygon", "coordinates": [[[57.880947733897436, 23.642817805065988], [57.88091895109365, 23.642709723036955], [57.88161826010417, 23.642515107354683], [57.88165683984687, 23.642645752322196], [57.880947733897436, 23.642817805065988]]]}, "properties": {"OBJECTID": 633, "Shape_Length": 176.6210652318126, "Shape_Area": 1019.0249146940109, "Field_ID": "FI_537", "Gov_Name": "North Al Batinah", "Wil_Name": "Barka", "Pl_Type_EN": "Palm", "Pl_Type_AR": "نخيل", "Tree_Count": 17, "SurveyDate": 1785801600000, "Latitude": 23.64266915, "Longitude": 57.88129696}}, {"type": "Feature", "id": 634, "geometry": {"type": "Polygon", "coordinates": [[[57.88180729386923, 23.643209596743617], [57.8815893738808, 23.643479840545627], [57.88138068506902, 23.643543887581036], [57.881359132686434, 23.643468363669832], [57.88149278134432, 23.64341177283847], [57.88150033269745, 23.643404629876308], [57.88155290086479, 23.643354907165744], [57.881738302747294, 23.643179538645818], [57.88172102251836, 23.64312327918033], [57.88165450277739, 23.642892239205807], [57.88161964716619, 23.642770174221855], [57.881595130429986, 23.6426843183509], [57.881587701980365, 23.642662527585497], [57.88165683984687, 23.642645752322196], [57.88180729386923, 23.643209596743617]]]}, "properties": {"OBJECTID": 634, "Shape_Length": 250.10450739029778, "Shape_Area": 952.8803620498502, "Field_ID": "FI_538", "Gov_Name": "North Al Batinah", "Wil_Name": "Barka", "Pl_Type_EN": "Palm", "Pl_Type_AR": "نخيل", "Tree_Count": 27, "SurveyDate": 1785801600000, "Latitude": 23.64317981, "Longitude": 57.8816333}}, {"type": "Feature", "id": 635, "geometry": {"type": "Polygon", "coordinates": [[[57.88068259993556, 23.64365136658651], [57.880562130815036, 23.643325141024295], [57.88064839042978, 23.6432890678933], [57.88075877717297, 23.643621014604737], [57.88068259993556, 23.64365136658651]]]}, "properties": {"OBJECTID": 635, "Shape_Length": 94.71981719392267, "Shape_Area": 345.14240550448875, "Field_ID": "FI_539", "Gov_Name": "North Al Batinah", "Wil_Name": "Barka", "Pl_Type_EN": "Palm", "Pl_Type_AR": "نخيل", "Tree_Count": 6, "SurveyDate": 1785801600000, "Latitude": 23.64346807, "Longitude": 57.88066175}}, {"type": "Feature", "id": 636, "geometry": {"type": "Polygon", "coordinates": [[[57.8838393889793, 23.643525093632697], [57.883104407916186, 23.64363909087663], [57.88308891308675, 23.643576070014987], [57.88382801300624, 23.64346331023926], [57.8838393889793, 23.643525093632697]]]}, "properties": {"OBJECTID": 636, "Shape_Length": 166.53017226182294, "Shape_Area": 536.6179650567387, "Field_ID": "FI_540", "Gov_Name": "North Al Batinah", "Wil_Name": "Barka", "Pl_Type_EN": "Palm", "Pl_Type_AR": "نخيل", "Tree_Count": 13, "SurveyDate": 1785801600000, "Latitude": 23.64355114, "Longitude": 57.88346339}}, {"type": "Feature", "id": 637, "geometry": {"type": "Polygon", "coordinates": [[[57.88303570589601, 23.643609821118474], [57.883058967115645, 23.643605271117305], [57.883343244746214, 23.644483699329193], [57.883302835525726, 23.644493176454066], [57.88303570589601, 23.643609821118474]]]}, "properties": {"OBJECTID": 637, "Shape_Length": 209.6978922505021, "Shape_Area": 338.5404416822522, "Field_ID": "FI_541", "Gov_Name": "North Al Batinah", "Wil_Name": "Barka", "Pl_Type_EN": "Palm", "Pl_Type_AR": "نخيل", "Tree_Count": 16, "SurveyDate": 1785801600000, "Latitude": 23.64408831, "Longitude": 57.8831978}}, {"type": "Feature", "id": 638, "geometry": {"type": "Polygon", "coordinates": [[[57.88316207740325, 23.643745946664808], [57.883151581050726, 23.643687069211232], [57.8843036919888, 23.64350098930143], [57.884306796824, 23.643555245611594], [57.88316207740325, 23.643745946664808]]]}, "properties": {"OBJECTID": 638, "Shape_Length": 250.58337552941146, "Shape_Area": 748.1113995783825, "Field_ID": "FI_542", "Gov_Name": "North Al Batinah", "Wil_Name": "Barka", "Pl_Type_EN": "Palm", "Pl_Type_AR": "نخيل", "Tree_Count": 18, "SurveyDate": 1785801600000, "Latitude": 23.64362387, "Longitude": 57.88372136}}, {"type": "Feature", "id": 639, "geometry": {"type": "Polygon", "coordinates": [[[57.8833548909648, 23.644418962262623], [57.88313807654892, 23.643756284066274], [57.88319427654451, 23.643740582536317], [57.883410817334166, 23.644403794191145], [57.8833548909648, 23.644418962262623]]]}, "properties": {"OBJECTID": 639, "Shape_Length": 165.24926807110043, "Shape_Area": 457.5060426815514, "Field_ID": "FI_543", "Gov_Name": "North Al Batinah", "Wil_Name": "Barka", "Pl_Type_EN": "Palm", "Pl_Type_AR": "نخيل", "Tree_Count": 12, "SurveyDate": 1785801600000, "Latitude": 23.6440795, "Longitude": 57.88327439}}, {"type": "Feature", "id": 640, "geometry": {"type": "Polygon", "coordinates": [[[57.88336777696201, 23.644485463515007], [57.88334711948408, 23.64442865087354], [57.88389778352256, 23.64429626363357], [57.883917475047944, 23.644355928580733], [57.88336777696201, 23.644485463515007]]]}, "properties": {"OBJECTID": 640, "Shape_Length": 129.46054715314173, "Shape_Area": 391.6964560962912, "Field_ID": "FI_544", "Gov_Name": "North Al Batinah", "Wil_Name": "Barka", "Pl_Type_EN": "Palm", "Pl_Type_AR": "نخيل", "Tree_Count": 9, "SurveyDate": 1785801600000, "Latitude": 23.64439111, "Longitude": 57.88363444}}, {"type": "Feature", "id": 641, "geometry": {"type": "Polygon", "coordinates": [[[57.88395857965562, 23.644339790771166], [57.883823616275805, 23.643909651072605], [57.88453208849493, 23.643785571102654], [57.88462608315522, 23.644174422998283], [57.88395857965562, 23.644339790771166]]]}, "properties": {"OBJECTID": 641, "Shape_Length": 237.74448379636263, "Shape_Area": 3368.7566185231844, "Field_ID": "FI_545", "Gov_Name": "North Al Batinah", "Wil_Name": "Barka", "Pl_Type_EN": "Palm", "Pl_Type_AR": "نخيل", "Tree_Count": 88, "SurveyDate": 1785801600000, "Latitude": 23.64405237, "Longitude": 57.88422811}}, {"type": "Feature", "id": 642, "geometry": {"type": "Polygon", "coordinates": [[[57.88462608315522, 23.644174422998283], [57.88456097604832, 23.643901028181155], [57.88500168082465, 23.6437948852929], [57.88506645216201, 23.64405452703857], [57.88462608315522, 23.644174422998283]]]}, "properties": {"OBJECTID": 642, "Shape_Length": 153.78729407463493, "Shape_Area": 1408.8507480634935, "Field_ID": "FI_546", "Gov_Name": "North Al Batinah", "Wil_Name": "Barka", "Pl_Type_EN": "Palm", "Pl_Type_AR": "نخيل", "Tree_Count": 21, "SurveyDate": 1785801600000, "Latitude": 23.64398182, "Longitude": 57.88481204}}, {"type": "Feature", "id": 643, "geometry": {"type": "Polygon", "coordinates": [[[57.885015696574065, 23.643368991287158], [57.8850101262433, 23.643322978095807], [57.885870342933565, 23.64319447191724], [57.88587765113724, 23.64323805186601], [57.885015696574065, 23.643368991287158]]]}, "properties": {"OBJECTID": 643, "Shape_Length": 188.00302865623124, "Shape_Area": 445.0619350445452, "Field_ID": "FI_547", "Gov_Name": "North Al Batinah", "Wil_Name": "Barka", "Pl_Type_EN": "Palm", "Pl_Type_AR": "نخيل", "Tree_Count": 15, "SurveyDate": 1785801600000, "Latitude": 23.64328165, "Longitude": 57.88544005}}, {"type": "Feature", "id": 644, "geometry": {"type": "Polygon", "coordinates": [[[57.88530705304272, 23.643278621585385], [57.88529705363073, 23.643221172122836], [57.885864712511825, 23.64313957435831], [57.885870342933565, 23.64319447191724], [57.88530705304272, 23.643278621585385]]]}, "properties": {"OBJECTID": 644, "Shape_Length": 129.3550694813214, "Shape_Area": 366.0458659910163, "Field_ID": "FI_548", "Gov_Name": "North Al Batinah", "Wil_Name": "Barka", "Pl_Type_EN": "Palm", "Pl_Type_AR": "نخيل", "Tree_Count": 9, "SurveyDate": 1785801600000, "Latitude": 23.64320881, "Longitude": 57.88558216}}, {"type": "Feature", "id": 645, "geometry": {"type": "Polygon", "coordinates": [[[57.88589522849424, 23.64383017308872], [57.885772920688076, 23.64325396112639], [57.88587765113724, 23.64323805186601], [57.885999198728456, 23.6438068591566], [57.88589522849424, 23.64383017308872]]]}, "properties": {"OBJECTID": 645, "Shape_Length": 150.9347651313821, "Shape_Area": 701.6895297849879, "Field_ID": "FI_549", "Gov_Name": "North Al Batinah", "Wil_Name": "Barka", "Pl_Type_EN": "Palm", "Pl_Type_AR": "نخيل", "Tree_Count": 16, "SurveyDate": 1785801600000, "Latitude": 23.64353264, "Longitude": 57.88588622}}, {"type": "Feature", "id": 646, "geometry": {"type": "Polygon", "coordinates": [[[57.88589522849424, 23.64383017308872], [57.8851649358806, 23.644029983208007], [57.88514394270467, 23.64396446862758], [57.88588419599505, 23.64377819843389], [57.88589522849424, 23.64383017308872]]]}, "properties": {"OBJECTID": 646, "Shape_Length": 169.4032219207504, "Shape_Area": 522.7066554601852, "Field_ID": "FI_550", "Gov_Name": "North Al Batinah", "Wil_Name": "Barka", "Pl_Type_EN": "Palm", "Pl_Type_AR": "نخيل", "Tree_Count": 11, "SurveyDate": 1785801600000, "Latitude": 23.6439048, "Longitude": 57.88550634}}, {"type": "Feature", "id": 647, "geometry": {"type": "Polygon", "coordinates": [[[57.88514394270467, 23.64396446862758], [57.884995500088, 23.6434869448561], [57.88503790409321, 23.643476605102624], [57.88503900079257, 23.64347990093142], [57.885040326626644, 23.643483883688532], [57.885195959989, 23.643951379717077], [57.88514394270467, 23.64396446862758]]]}, "properties": {"OBJECTID": 647, "Shape_Length": 119.95453362434725, "Shape_Area": 274.1395957738749, "Field_ID": "FI_551", "Gov_Name": "North Al Batinah", "Wil_Name": "Barka", "Pl_Type_EN": "Palm", "Pl_Type_AR": "نخيل", "Tree_Count": 8, "SurveyDate": 1785801600000, "Latitude": 23.64372802, "Longitude": 57.88509595}}, {"type": "Feature", "id": 648, "geometry": {"type": "Polygon", "coordinates": [[[57.884351646442845, 23.64452056796953], [57.88441568440519, 23.644503598363706], [57.88480041646503, 23.645388920879387], [57.884748812521494, 23.645408602454044], [57.884351646442845, 23.64452056796953]]]}, "properties": {"OBJECTID": 648, "Shape_Length": 224.421057898661, "Shape_Area": 659.8990476668481, "Field_ID": "FI_552", "Gov_Name": "North Al Batinah", "Wil_Name": "Barka", "Pl_Type_EN": "Palm", "Pl_Type_AR": "نخيل", "Tree_Count": 19, "SurveyDate": 1785801600000, "Latitude": 23.64494283, "Longitude": 57.88457355}}, {"type": "Feature", "id": 649, "geometry": {"type": "Polygon", "coordinates": [[[57.884773717500394, 23.645460967692173], [57.884723872881196, 23.645481447581417], [57.88424073246145, 23.645615066799394], [57.88421935179538, 23.64556510555521], [57.884703095188094, 23.64541780314784], [57.88462048119134, 23.6452324254837], [57.884661842167965, 23.645214144542607], [57.884773717500394, 23.645460967692173]]]}, "properties": {"OBJECTID": 649, "Shape_Length": 171.41304900018486, "Shape_Area": 486.85638673607866, "Field_ID": "FI_553", "Gov_Name": "North Al Batinah", "Wil_Name": "Barka", "Pl_Type_EN": "Palm", "Pl_Type_AR": "نخيل", "Tree_Count": 18, "SurveyDate": 1785801600000, "Latitude": 23.64546787, "Longitude": 57.88454425}}, {"type": "Feature", "id": 650, "geometry": {"type": "Polygon", "coordinates": [[[57.883733531990465, 23.64530791342547], [57.88361697115863, 23.645088956315643], [57.88366064468136, 23.645063463980698], [57.88378135774724, 23.645288708931442], [57.883733531990465, 23.64530791342547]]]}, "properties": {"OBJECTID": 650, "Shape_Length": 65.40910077840157, "Shape_Area": 144.6933488553938, "Field_ID": "FI_554", "Gov_Name": "North Al Batinah", "Wil_Name": "Barka", "Pl_Type_EN": "Palm", "Pl_Type_AR": "نخيل", "Tree_Count": 4, "SurveyDate": 1785801600000, "Latitude": 23.64518746, "Longitude": 57.88369838}}, {"type": "Feature", "id": 651, "geometry": {"type": "Polygon", "coordinates": [[[57.883940130690846, 23.6456727717206], [57.88385417760342, 23.645523061850046], [57.883951088591616, 23.645468234503124], [57.8840413051693, 23.645640639929283], [57.883940130690846, 23.6456727717206]]]}, "properties": {"OBJECTID": 651, "Shape_Length": 62.45798921109711, "Shape_Area": 223.3963144489314, "Field_ID": "FI_555", "Gov_Name": "North Al Batinah", "Wil_Name": "Barka", "Pl_Type_EN": "Palm", "Pl_Type_AR": "نخيل", "Tree_Count": 6, "SurveyDate": 1785801600000, "Latitude": 23.64557484, "Longitude": 57.8839472}}, {"type": "Feature", "id": 652, "geometry": {"type": "Polygon", "coordinates": [[[57.88821645329151, 23.645541991356907], [57.88821064064746, 23.64549918966992], [57.88845472888404, 23.645447861692507], [57.888462266438424, 23.64549549371352], [57.88836260168601, 23.64551434634145], [57.88827217643652, 23.645531450677087], [57.88821645329151, 23.645541991356907]]]}, "properties": {"OBJECTID": 652, "Shape_Length": 61.23800175980002, "Shape_Area": 128.7699361282828, "Field_ID": "FI_556", "Gov_Name": "North Al Batinah", "Wil_Name": "Barka", "Pl_Type_EN": "Palm", "Pl_Type_AR": "نخيل", "Tree_Count": 5, "SurveyDate": 1784505600000, "Latitude": 23.6454957, "Longitude": 57.88833829}}, {"type": "Feature", "id": 653, "geometry": {"type": "Polygon", "coordinates": [[[57.890764482448816, 23.644284435272333], [57.89075983026657, 23.64424487943528], [57.8912076249813, 23.644202724795615], [57.891213208455575, 23.644250352544216], [57.890764482448816, 23.644284435272333]]]}, "properties": {"OBJECTID": 653, "Shape_Length": 101.54675783534351, "Shape_Area": 222.88064575723422, "Field_ID": "FI_557", "Gov_Name": "North Al Batinah", "Wil_Name": "Barka", "Pl_Type_EN": "Palm", "Pl_Type_AR": "نخيل", "Tree_Count": 7, "SurveyDate": 1785801600000, "Latitude": 23.64424501, "Longitude": 57.8909932}}, {"type": "Feature", "id": 654, "geometry": {"type": "Polygon", "coordinates": [[[57.891258017298185, 23.644522324549186], [57.891179145092174, 23.644529240230806], [57.8911434325862, 23.644255652491548], [57.891213208455575, 23.644250352544216], [57.891258017298185, 23.644522324549186]]]}, "properties": {"OBJECTID": 654, "Shape_Length": 76.19000681913518, "Shape_Area": 231.7394601449738, "Field_ID": "FI_558", "Gov_Name": "North Al Batinah", "Wil_Name": "Barka", "Pl_Type_EN": "Palm", "Pl_Type_AR": "نخيل", "Tree_Count": 5, "SurveyDate": 1785801600000, "Latitude": 23.64439221, "Longitude": 57.89119885}}, {"type": "Feature", "id": 655, "geometry": {"type": "Polygon", "coordinates": [[[57.891160519459774, 23.642296580940595], [57.89121130390384, 23.642285787629447], [57.89142377117206, 23.643802527227326], [57.891388267340574, 23.643810340747905], [57.891160519459774, 23.642296580940595]]]}, "properties": {"OBJECTID": 655, "Shape_Length": 347.571381367219, "Shape_Area": 761.4269931682092, "Field_ID": "FI_559", "Gov_Name": "North Al Batinah", "Wil_Name": "Barka", "Pl_Type_EN": "Palm", "Pl_Type_AR": "نخيل", "Tree_Count": 17, "SurveyDate": 1785801600000, "Latitude": 23.64300422, "Longitude": 57.89128949}}, {"type": "Feature", "id": 656, "geometry": {"type": "Polygon", "coordinates": [[[57.89146934291853, 23.643796309570725], [57.891239027482, 23.642268512733786], [57.891285531699154, 23.642256885961622], [57.89151026178779, 23.64379243444545], [57.89146934291853, 23.643796309570725]]]}, "properties": {"OBJECTID": 656, "Shape_Length": 351.4464201721922, "Shape_Area": 776.0335560001553, "Field_ID": "FI_560", "Gov_Name": "North Al Batinah", "Wil_Name": "Barka", "Pl_Type_EN": "Palm", "Pl_Type_AR": "نخيل", "Tree_Count": 19, "SurveyDate": 1785801600000, "Latitude": 23.64300936, "Longitude": 57.89137321}}, {"type": "Feature", "id": 657, "geometry": {"type": "Polygon", "coordinates": [[[57.89132627262906, 23.643821769386154], [57.890504949981384, 23.643918652128562], [57.89049348540356, 23.64385684632992], [57.89132324182797, 23.643778872358045], [57.89132627262906, 23.643821769386154]]]}, "properties": {"OBJECTID": 657, "Shape_Length": 181.23424104341615, "Shape_Area": 495.235468465664, "Field_ID": "FI_561", "Gov_Name": "North Al Batinah", "Wil_Name": "Barka", "Pl_Type_EN": "Palm", "Pl_Type_AR": "نخيل", "Tree_Count": 10, "SurveyDate": 1785801600000, "Latitude": 23.64384672, "Longitude": 57.89088634}}, {"type": "Feature", "id": 658, "geometry": {"type": "Polygon", "coordinates": [[[57.89154254347203, 23.643791495582402], [57.891540814764795, 23.64373849334417], [57.89266070318313, 23.643612142354097], [57.89266525052599, 23.643676488739064], [57.89154254347203, 23.643791495582402]]]}, "properties": {"OBJECTID": 658, "Shape_Length": 243.31361561204537, "Shape_Area": 747.2854440896344, "Field_ID": "FI_562", "Gov_Name": "North Al Batinah", "Wil_Name": "Barka", "Pl_Type_EN": "Palm", "Pl_Type_AR": "نخيل", "Tree_Count": 13, "SurveyDate": 1785801600000, "Latitude": 23.64370268, "Longitude": 57.89212077}}, {"type": "Feature", "id": 659, "geometry": {"type": "Polygon", "coordinates": [[[57.8904721686801, 23.643849092874024], [57.89011178660623, 23.642149541264487], [57.89015327798783, 23.64214413320747], [57.89051948523333, 23.643843974600298], [57.8904721686801, 23.643849092874024]]]}, "properties": {"OBJECTID": 659, "Shape_Length": 392.7424141180941, "Shape_Area": 873.9476568658239, "Field_ID": "FI_563", "Gov_Name": "North Al Batinah", "Wil_Name": "Barka", "Pl_Type_EN": "Palm", "Pl_Type_AR": "نخيل", "Tree_Count": 27, "SurveyDate": 1785801600000, "Latitude": 23.64301461, "Longitude": 57.89031801}}, {"type": "Feature", "id": 660, "geometry": {"type": "Polygon", "coordinates": [[[57.890098071864564, 23.64208215212605], [57.89006548003189, 23.64193047215453], [57.89010751244736, 23.64192215271389], [57.890145371408444, 23.64207460989933], [57.890098071864564, 23.64208215212605]]]}, "properties": {"OBJECTID": 660, "Shape_Length": 43.71754249358007, "Shape_Area": 79.86405186115316, "Field_ID": "FI_564", "Gov_Name": "North Al Batinah", "Wil_Name": "Barka", "Pl_Type_EN": "Palm", "Pl_Type_AR": "نخيل", "Tree_Count": 3, "SurveyDate": 1785801600000, "Latitude": 23.64200373, "Longitude": 57.89010447}}, {"type": "Feature", "id": 661, "geometry": {"type": "Polygon", "coordinates": [[[57.892657851738164, 23.64359575041274], [57.89237002266488, 23.64182594649116], [57.892431334526194, 23.641815899664444], [57.89271946942694, 23.64359034682952], [57.892657851738164, 23.64359575041274]]]}, "properties": {"OBJECTID": 661, "Shape_Length": 409.4585582334731, "Shape_Area": 1255.2491850760396, "Field_ID": "FI_565", "Gov_Name": "North Al Batinah", "Wil_Name": "Barka", "Pl_Type_EN": "Palm", "Pl_Type_AR": "نخيل", "Tree_Count": 25, "SurveyDate": 1785801600000, "Latitude": 23.64270593, "Longitude": 57.89254451}}, {"type": "Feature", "id": 662, "geometry": {"type": "Polygon", "coordinates": [[[57.89426867966025, 23.645349750301662], [57.894232503371875, 23.645251715682516], [57.894310182116314, 23.64523058722544], [57.89473381179678, 23.6451332870807], [57.89495155184759, 23.64508460283294], [57.894961101563, 23.64508206302523], [57.89498819327957, 23.645177727530527], [57.89426867966025, 23.645349750301662]]]}, "properties": {"OBJECTID": 662, "Shape_Length": 174.89283053782788, "Shape_Area": 867.3295844380725, "Field_ID": "FI_566", "Gov_Name": "North Al Batinah", "Wil_Name": "Barka", "Pl_Type_EN": "Palm", "Pl_Type_AR": "نخيل", "Tree_Count": 11, "SurveyDate": 1785801600000, "Latitude": 23.64521533, "Longitude": 57.89460841}}, {"type": "Feature", "id": 663, "geometry": {"type": "Polygon", "coordinates": [[[57.89509335402325, 23.645127895481153], [57.894664031748185, 23.643647297667627], [57.894722874881275, 23.643636861338685], [57.89516928178259, 23.645114734758007], [57.89509335402325, 23.645127895481153]]]}, "properties": {"OBJECTID": 663, "Shape_Length": 353.5202701620788, "Shape_Area": 1184.0530707039318, "Field_ID": "FI_567", "Gov_Name": "North Al Batinah", "Wil_Name": "Barka", "Pl_Type_EN": "Palm", "Pl_Type_AR": "نخيل", "Tree_Count": 24, "SurveyDate": 1785801600000, "Latitude": 23.64441281, "Longitude": 57.8949216}}, {"type": "Feature", "id": 664, "geometry": {"type": "Polygon", "coordinates": [[[57.89495155184759, 23.64508460283294], [57.89449913710467, 23.643636233736437], [57.89455566438728, 23.643625923729044], [57.89501655778818, 23.64506728007453], [57.89495155184759, 23.64508460283294]]]}, "properties": {"OBJECTID": 664, "Shape_Length": 346.0185162558381, "Shape_Area": 1062.803791022747, "Field_ID": "FI_568", "Gov_Name": "North Al Batinah", "Wil_Name": "Barka", "Pl_Type_EN": "Palm", "Pl_Type_AR": "نخيل", "Tree_Count": 25, "SurveyDate": 1785801600000, "Latitude": 23.64437328, "Longitude": 57.89476196}}, {"type": "Feature", "id": 665, "geometry": {"type": "Polygon", "coordinates": [[[57.89880268146942, 23.637313744333074], [57.898621275631186, 23.63731463651926], [57.89861901825441, 23.637160450659977], [57.898799081263356, 23.63715833701443], [57.89880268146942, 23.637313744333074]]]}, "properties": {"OBJECTID": 665, "Shape_Length": 71.15698188937785, "Shape_Area": 316.02237010926075, "Field_ID": "FI_569", "Gov_Name": "North Al Batinah", "Wil_Name": "Barka", "Pl_Type_EN": "Palm", "Pl_Type_AR": "نخيل", "Tree_Count": 8, "SurveyDate": 1785801600000, "Latitude": 23.63723689, "Longitude": 57.89871064}}, {"type": "Feature", "id": 666, "geometry": {"type": "Polygon", "coordinates": [[[57.90160096977843, 23.634437625168957], [57.90159838595799, 23.634397880630818], [57.902614046659544, 23.63439410348484], [57.90261289110689, 23.634450198621405], [57.90160096977843, 23.634437625168957]]]}, "properties": {"OBJECTID": 666, "Shape_Length": 217.45819761877064, "Shape_Area": 548.6466181482779, "Field_ID": "FI_570", "Gov_Name": "North Al Batinah", "Wil_Name": "Barka", "Pl_Type_EN": "Palm", "Pl_Type_AR": "نخيل", "Tree_Count": 18, "SurveyDate": 1785801600000, "Latitude": 23.63442006, "Longitude": 57.90213543}}, {"type": "Feature", "id": 667, "geometry": {"type": "Polygon", "coordinates": [[[57.902591310106345, 23.63450601340139], [57.90211342790938, 23.63581723584332], [57.90205957595537, 23.635803917121162], [57.902537013561954, 23.63448968977831], [57.902591310106345, 23.63450601340139]]]}, "properties": {"OBJECTID": 667, "Shape_Length": 318.10348036283904, "Shape_Area": 881.669928188421, "Field_ID": "FI_571", "Gov_Name": "North Al Batinah", "Wil_Name": "Barka", "Pl_Type_EN": "Palm", "Pl_Type_AR": "نخيل", "Tree_Count": 26, "SurveyDate": 1785801600000, "Latitude": 23.63515138, "Longitude": 57.90232635}}, {"type": "Feature", "id": 668, "geometry": {"type": "Polygon", "coordinates": [[[57.90168315681871, 23.634564716526487], [57.90164631503223, 23.63456437160942], [57.90164426547815, 23.63443816289707], [57.90168227863576, 23.63443863558231], [57.90168315681871, 23.634564716526487]]]}, "properties": {"OBJECTID": 668, "Shape_Length": 35.57169338093687, "Shape_Area": 53.31649615470596, "Field_ID": "FI_572", "Gov_Name": "North Al Batinah", "Wil_Name": "Barka", "Pl_Type_EN": "Palm", "Pl_Type_AR": "نخيل", "Tree_Count": 3, "SurveyDate": 1785801600000, "Latitude": 23.63450041, "Longitude": 57.90166477}}, {"type": "Feature", "id": 669, "geometry": {"type": "Polygon", "coordinates": [[[57.901653492497985, 23.634770271936677], [57.901536174326445, 23.634635545930134], [57.90156723124458, 23.634609854670515], [57.90168798037485, 23.634746116914357], [57.901653492497985, 23.634770271936677]]]}, "properties": {"OBJECTID": 669, "Shape_Length": 47.277300861232376, "Shape_Area": 83.6580582444583, "Field_ID": "FI_573", "Gov_Name": "North Al Batinah", "Wil_Name": "Barka", "Pl_Type_EN": "Palm", "Pl_Type_AR": "نخيل", "Tree_Count": 5, "SurveyDate": 1785801600000, "Latitude": 23.63469082, "Longitude": 57.90161184}}, {"type": "Feature", "id": 670, "geometry": {"type": "Polygon", "coordinates": [[[57.901079538735544, 23.635152470549176], [57.901170637929205, 23.63526807594318], [57.90117782494086, 23.635493370546055], [57.90127811797326, 23.635577721571067], [57.90128042734954, 23.63564010900081], [57.90128123019987, 23.6356862115439], [57.90090671167465, 23.635687677403418], [57.90090714723477, 23.635638579892404], [57.90075549207306, 23.635637958663445], [57.9007464795264, 23.635145737977854], [57.901079538735544, 23.635152470549176]]]}, "properties": {"OBJECTID": 670, "Shape_Length": 214.2404301225698, "Shape_Area": 2598.9001477954935, "Field_ID": "FI_574", "Gov_Name": "North Al Batinah", "Wil_Name": "Barka", "Pl_Type_EN": "Palm", "Pl_Type_AR": "نخيل", "Tree_Count": 71, "SurveyDate": 1785801600000, "Latitude": 23.63542859, "Longitude": 57.90098014}}, {"type": "Feature", "id": 671, "geometry": {"type": "Polygon", "coordinates": [[[57.88826932760049, 23.634101408833466], [57.888090691399135, 23.63355815762199], [57.888807969611385, 23.633347778914654], [57.88899830527982, 23.6339516308699], [57.88826932760049, 23.634101408833466]]]}, "properties": {"OBJECTID": 671, "Shape_Length": 285.442356441826, "Shape_Area": 5059.510047764427, "Field_ID": "FI_575", "Gov_Name": "North Al Batinah", "Wil_Name": "Barka", "Pl_Type_EN": "Palm", "Pl_Type_AR": "نخيل", "Tree_Count": 74, "SurveyDate": 1784764800000, "Latitude": 23.63373773, "Longitude": 57.8885476}}, {"type": "Feature", "id": 672, "geometry": {"type": "Polygon", "coordinates": [[[57.88824158923657, 23.63401705277523], [57.88792833766416, 23.63408053102198], [57.887915351137494, 23.63401134997786], [57.88758101763217, 23.634068363892517], [57.88752713312222, 23.63368618426926], [57.88768879881014, 23.633666192685975], [57.88771606082467, 23.63380297227033], [57.888133171399666, 23.633687343522016], [57.88824158923657, 23.63401705277523]]]}, "properties": {"OBJECTID": 672, "Shape_Length": 232.4579482734071, "Shape_Area": 2309.6657013186, "Field_ID": "FI_576", "Gov_Name": "North Al Batinah", "Wil_Name": "Barka", "Pl_Type_EN": "Palm", "Pl_Type_AR": "نخيل", "Tree_Count": 44, "SurveyDate": 1784764800000, "Latitude": 23.63388545, "Longitude": 57.88787086}}, {"type": "Feature", "id": 673, "geometry": {"type": "Polygon", "coordinates": [[[57.88752440649423, 23.633627820785414], [57.887486332721444, 23.633338497829527], [57.887557289949434, 23.633325888738888], [57.88759422638237, 23.63362520212904], [57.88752440649423, 23.633627820785414]]]}, "properties": {"OBJECTID": 673, "Shape_Length": 80.12142768869882, "Shape_Area": 237.20388515131623, "Field_ID": "FI_577", "Gov_Name": "North Al Batinah", "Wil_Name": "Barka", "Pl_Type_EN": "Palm", "Pl_Type_AR": "نخيل", "Tree_Count": 5, "SurveyDate": 1784764800000, "Latitude": 23.6334785, "Longitude": 57.88754065}}, {"type": "Feature", "id": 674, "geometry": {"type": "Polygon", "coordinates": [[[57.88803087836757, 23.63135357584006], [57.88805580753993, 23.631543637563205], [57.88724371610512, 23.631684254529166], [57.887205517273316, 23.631479186943473], [57.88726555428618, 23.631472194225687], [57.88803087836757, 23.63135357584006]]]}, "properties": {"OBJECTID": 674, "Shape_Length": 213.86451343119438, "Shape_Area": 1864.3473727961255, "Field_ID": "FI_578", "Gov_Name": "North Al Batinah", "Wil_Name": "Barka", "Pl_Type_EN": "Palm", "Pl_Type_AR": "نخيل", "Tree_Count": 122, "SurveyDate": 1784764800000, "Latitude": 23.63151632, "Longitude": 57.88762885}}, {"type": "Feature", "id": 675, "geometry": {"type": "Polygon", "coordinates": [[[57.88086807489194, 23.632282098557663], [57.88082577452022, 23.631944592018154], [57.88090180293264, 23.631937398952267], [57.880905020165635, 23.63196594254366], [57.880908849947915, 23.63200076350195], [57.88093923061658, 23.632277009592745], [57.88086807489194, 23.632282098557663]]]}, "properties": {"OBJECTID": 675, "Shape_Length": 90.48846760144261, "Shape_Area": 284.30324734131085, "Field_ID": "FI_579", "Gov_Name": "North Al Batinah", "Wil_Name": "Barka", "Pl_Type_EN": "Palm", "Pl_Type_AR": "نخيل", "Tree_Count": 15, "SurveyDate": 1784764800000, "Latitude": 23.6321083, "Longitude": 57.88088354}}, {"type": "Feature", "id": 676, "geometry": {"type": "Polygon", "coordinates": [[[57.89163019803165, 23.644848473076458], [57.891336845060266, 23.64489865582547], [57.89131166942838, 23.644726936836463], [57.891610249073935, 23.64469562617007], [57.89163019803165, 23.644848473076458]]]}, "properties": {"OBJECTID": 676, "Shape_Length": 97.31503942118285, "Shape_Area": 552.8033119424418, "Field_ID": "FI_580", "Gov_Name": "North Al Batinah", "Wil_Name": "Barka", "Pl_Type_EN": "Seasonal Crops", "Pl_Type_AR": "المحاصيل الموسمية", "Tree_Count": 0, "SurveyDate": 1785801600000, "Latitude": 23.64479271, "Longitude": 57.8914693}}, {"type": "Feature", "id": 677, "geometry": {"type": "Polygon", "coordinates": [[[57.881842646481054, 23.63371479424176], [57.88171279090422, 23.633278926188268], [57.88227706077106, 23.6331275263889], [57.88229736072398, 23.63319878709964], [57.88272640123309, 23.633083576430668], [57.882825765502425, 23.63341096684784], [57.881842646481054, 23.63371479424176]]]}, "properties": {"OBJECTID": 677, "Shape_Length": 307.15465286617246, "Shape_Area": 4684.5052434618665, "Field_ID": "FI_581", "Gov_Name": "North Al Batinah", "Wil_Name": "Barka", "Pl_Type_EN": "Mixed Vegetation", "Pl_Type_AR": "غطاء نباتي مختلط", "Tree_Count": 0, "SurveyDate": 1784764800000, "Latitude": 23.6333764, "Longitude": 57.88224546}}, {"type": "Feature", "id": 678, "geometry": {"type": "Polygon", "coordinates": [[[57.883809360653714, 23.63008760155769], [57.88382106035729, 23.630120996608778], [57.88386664684071, 23.630251110006544], [57.88396708116957, 23.630537771179526], [57.88398811797734, 23.630597813367068], [57.88357303166333, 23.63072820559781], [57.88337434143951, 23.630051752930257], [57.88344142323892, 23.63003448112023], [57.88368258915828, 23.62997539950064], [57.88376313564203, 23.629955666410556], [57.8838022454964, 23.630067293929347], [57.883809360653714, 23.63008760155769]]]}, "properties": {"OBJECTID": 678, "Shape_Length": 238.10113661678065, "Shape_Area": 3265.485962353737, "Field_ID": "FI_583", "Gov_Name": "North Al Batinah", "Wil_Name": "Barka", "Pl_Type_EN": "Mixed Vegetation", "Pl_Type_AR": "غطاء نباتي مختلط", "Tree_Count": 0, "SurveyDate": 1784764800000, "Latitude": 23.63033824, "Longitude": 57.88367484}}, {"type": "Feature", "id": 679, "geometry": {"type": "Polygon", "coordinates": [[[57.88551744749003, 23.633901659973116], [57.885511552712835, 23.633856623142307], [57.885458630890604, 23.633452252796218], [57.88573240101403, 23.633404647472688], [57.88569693195503, 23.633281154321093], [57.88583398004095, 23.63325021125412], [57.8858617608788, 23.63334798274968], [57.8860936592478, 23.633304002003527], [57.88616494905034, 23.633648418559314], [57.88619515320521, 23.633794337358637], [57.88595280703725, 23.63383271579969], [57.88569969331225, 23.6338727991677], [57.88551744749003, 23.633901659973116]], [[57.88601981185238, 23.633362795705924], [57.885836299606176, 23.633399726047966], [57.885916571131894, 23.633678060441525], [57.88608413784873, 23.63364627989572], [57.886048560985635, 23.63348949106187], [57.88601981185238, 23.633362795705924]]]}, "properties": {"OBJECTID": 679, "Shape_Length": 368.39457915221703, "Shape_Area": 3179.61498054716, "Field_ID": "FI_584", "Gov_Name": "North Al Batinah", "Wil_Name": "Barka", "Pl_Type_EN": "Mixed Vegetation", "Pl_Type_AR": "غطاء نباتي مختلط", "Tree_Count": 0, "SurveyDate": 1784764800000, "Latitude": 23.63361542, "Longitude": 57.88579567}}, {"type": "Feature", "id": 680, "geometry": {"type": "Polygon", "coordinates": [[[57.90091052087723, 23.63453633693139], [57.90090961179571, 23.634403483081766], [57.90159838595799, 23.634397880630818], [57.90160096977843, 23.634437625168957], [57.901625593226804, 23.634437930929977], [57.90162401321077, 23.634534174660146], [57.90091052087723, 23.63453633693139]]]}, "properties": {"OBJECTID": 680, "Shape_Length": 175.3317050055603, "Shape_Area": 1075.863426631047, "Field_ID": "FI_586", "Gov_Name": "North Al Batinah", "Wil_Name": "Barka", "Pl_Type_EN": "Mixed Vegetation", "Pl_Type_AR": "غطاء نباتي مختلط", "Tree_Count": 0, "SurveyDate": 1785801600000, "Latitude": 23.63446841, "Longitude": 57.90126543}}, {"type": "Feature", "id": 681, "geometry": {"type": "Polygon", "coordinates": [[[57.89870247505633, 23.637547356631213], [57.89887770836927, 23.637548265862453], [57.89909012738052, 23.637549367581034], [57.89941658195281, 23.63755106048475], [57.899603406804346, 23.637553070409847], [57.8998961850352, 23.637556384679268], [57.89986949943584, 23.63755710491072], [57.899971223314274, 23.637557233622008], [57.89997184906627, 23.637596422337488], [57.89978791251922, 23.63759616184824], [57.89954567385951, 23.63759581750524], [57.89927182094041, 23.637595428485042], [57.898906456572526, 23.637594909151176], [57.89854265979819, 23.637594390712866], [57.8984899252507, 23.637594315068768], [57.898487992284714, 23.637546243756987], [57.89870247505633, 23.637547356631213]]]}, "properties": {"OBJECTID": 681, "Shape_Length": 317.5752022277392, "Shape_Area": 747.5387262226606, "Field_ID": "FI_587", "Gov_Name": "North Al Batinah", "Wil_Name": "Barka", "Pl_Type_EN": "Mixed Vegetation", "Pl_Type_AR": "غطاء نباتي مختلط", "Tree_Count": 0, "SurveyDate": 1785801600000, "Latitude": 23.63757294, "Longitude": 57.89920684}}, {"type": "Feature", "id": 682, "geometry": {"type": "Polygon", "coordinates": [[[57.90003301899971, 23.63737772898674], [57.89942649683369, 23.637381519304043], [57.89910693573285, 23.637379552521796], [57.89885685026395, 23.637378012493414], [57.8988578646065, 23.637319095698228], [57.89895455775821, 23.637320041822417], [57.89917909435026, 23.637322239219053], [57.89935210727915, 23.63732393302602], [57.89956077262909, 23.637325974424087], [57.89977141060443, 23.63732803480605], [57.899908397548295, 23.63732937519757], [57.900033599693906, 23.637330599603636], [57.90003301899971, 23.63737772898674]]]}, "properties": {"OBJECTID": 682, "Shape_Length": 251.65726829249314, "Shape_Area": 728.4570110926323, "Field_ID": "FI_589", "Gov_Name": "North Al Batinah", "Wil_Name": "Barka", "Pl_Type_EN": "Mixed Vegetation", "Pl_Type_AR": "غطاء نباتي مختلط", "Tree_Count": 0, "SurveyDate": 1785801600000, "Latitude": 23.63735218, "Longitude": 57.89942405}}, {"type": "Feature", "id": 683, "geometry": {"type": "Polygon", "coordinates": [[[57.89952630824299, 23.637420580793194], [57.89990723275696, 23.637419420579082], [57.89990736844473, 23.637439986448832], [57.89949488403297, 23.637439446538494], [57.899495074706586, 23.63742014776335], [57.89952630824299, 23.637420580793194]]]}, "properties": {"OBJECTID": 683, "Shape_Length": 88.53190566241108, "Shape_Area": 91.68370183969229, "Field_ID": "FI_591", "Gov_Name": "North Al Batinah", "Wil_Name": "Barka", "Pl_Type_EN": "Mixed Vegetation", "Pl_Type_AR": "غطاء نباتي مختلط", "Tree_Count": 0, "SurveyDate": 1785801600000, "Latitude": 23.63742987, "Longitude": 57.89970407}}, {"type": "Feature", "id": 684, "geometry": {"type": "Polygon", "coordinates": [[[57.8999704682103, 23.63748134251583], [57.899970279784384, 23.637520749110116], [57.89996579811124, 23.637520402095877], [57.89992244636814, 23.637520133401456], [57.899830296420014, 23.637518946565972], [57.89971749125058, 23.63751749473645], [57.89963310258011, 23.63751640817488], [57.8995222455644, 23.637514980127648], [57.89943257224706, 23.637513825657972], [57.89943152479558, 23.637479040651822], [57.8999704682103, 23.63748134251583]]]}, "properties": {"OBJECTID": 684, "Shape_Length": 118.0465266247315, "Shape_Area": 225.43569675399564, "Field_ID": "FI_592", "Gov_Name": "North Al Batinah", "Wil_Name": "Barka", "Pl_Type_EN": "Mixed Vegetation", "Pl_Type_AR": "غطاء نباتي مختلط", "Tree_Count": 0, "SurveyDate": 1785801600000, "Latitude": 23.63749877, "Longitude": 57.89970673}}]}