{"type": "FeatureCollection", "features": [{"type": "Feature", "id": 1, "geometry": {"type": "Polygon", "coordinates": [[[57.886586678748, 23.63620999273283], [57.8865456292166, 23.636054094317696], [57.88659786138954, 23.636044282381917], [57.88657706694671, 23.63597381725749], [57.886617979635275, 23.63596499037525], [57.88661210443489, 23.63593341475396], [57.886659946111735, 23.635865318363823], [57.886669657860416, 23.635872935509866], [57.88669137905149, 23.63583383655718], [57.886743213212384, 23.635863921988978], [57.88672608307559, 23.635892253876687], [57.886712024713496, 23.635882206692198], [57.886675758355665, 23.635937960665686], [57.88667916703022, 23.63595396751702], [57.88668806972206, 23.63595907026874], [57.88669719253445, 23.635996854867916], [57.88670309958453, 23.636022966861166], [57.88671074346286, 23.636023551788096], [57.886738889761915, 23.636114257065266], [57.88674740832445, 23.63611283369754], [57.8867553706776, 23.63615560515744], [57.88666489495014, 23.63617478155145], [57.88667099244036, 23.63619379784006], [57.886586678748, 23.63620999273283]]]}, "properties": {"OBJECTID": 1, "Shape_Length": 120.59544015257686, "Shape_Area": 469.4558737462247, "Bldg_ID": "BF_002", "Gov_Name": "Al Batinah South", "Wil_Name": "Barka", "Bldg_Type": "House", "Latitude": 23.63605206, "Longitude": 57.88665034}}, {"type": "Feature", "id": 2, "geometry": {"type": "Polygon", "coordinates": [[[57.88470904827, 23.63565643121353], [57.884707717323636, 23.635656822145425], [57.88470634029198, 23.63565698956641], [57.8847049544453, 23.63565692894513], [57.884703597292436, 23.635656641922342], [57.88470230556563, 23.635656136266505], [57.88470111422631, 23.635655425663522], [57.88470005551886, 23.635654529346336], [57.88469915809789, 23.63565347157435], [57.884698446252685, 23.635652280976867], [57.884698069208696, 23.635650750174175], [57.884697962342635, 23.63564917724738], [57.88469812886931, 23.63564760951401], [57.884698563779175, 23.635646094135357], [57.88469925398907, 23.635644676697755], [57.88470017873578, 23.635643399841232], [57.884701310200626, 23.635642301976787], [57.88470261434637, 23.635641416130895], [57.884704051941064, 23.63564076895199], [57.88470557973832, 23.635640379908814], [57.88470715177822, 23.635640260704744], [57.88470872076992, 23.635640414925735], [57.88471023951426, 23.63564083793244], [57.884709902298546, 23.63562173089755], [57.88476000062515, 23.63562204485931], [57.88475981266163, 23.635652135066554], [57.88475907434682, 23.63567779371131], [57.88470833231974, 23.635678562742847], [57.88470904827, 23.63565643121353]]]}, "properties": {"OBJECTID": 2, "Shape_Length": 24.511145104837766, "Shape_Area": 33.805889394963245, "Bldg_ID": "BF_004", "Gov_Name": "Al Batinah South", "Wil_Name": "Barka", "Bldg_Type": "Room", "Latitude": 23.63565006, "Longitude": 57.88473283}}, {"type": "Feature", "id": 3, "geometry": {"type": "Polygon", "coordinates": [[[57.884791598240504, 23.635711134891555], [57.88475017643963, 23.635711317883782], [57.8847517325041, 23.635689763221848], [57.88479275307696, 23.635691438589813], [57.884791598240504, 23.635711134891555]]]}, "properties": {"OBJECTID": 3, "Shape_Length": 12.989494018527243, "Shape_Area": 9.613695811144675, "Bldg_ID": "BF_005", "Gov_Name": "Al Batinah South", "Wil_Name": "Barka", "Bldg_Type": "Room", "Latitude": 23.63570092, "Longitude": 57.88477125}}, {"type": "Feature", "id": 4, "geometry": {"type": "Polygon", "coordinates": [[[57.88463253201185, 23.635526230889656], [57.88458878567041, 23.63530344196965], [57.88471414270801, 23.635279244762295], [57.884709887936424, 23.63526829788512], [57.884747125904376, 23.63526176400063], [57.88475695619724, 23.635314177406393], [57.88472098603719, 23.63532132817192], [57.88475768868693, 23.635506324975687], [57.88463253201185, 23.635526230889656]]]}, "properties": {"OBJECTID": 4, "Shape_Length": 86.7070246413806, "Shape_Area": 349.51907771250563, "Bldg_ID": "BF_006", "Gov_Name": "Al Batinah South", "Wil_Name": "Barka", "Bldg_Type": null, "Latitude": 23.63539671, "Longitude": 57.88467701}}, {"type": "Feature", "id": 5, "geometry": {"type": "Polygon", "coordinates": [[[57.88724720697623, 23.64587480281184], [57.88722418546935, 23.645756440600895], [57.88720338019877, 23.645758691189226], [57.88720959175898, 23.645787852372926], [57.887056550140514, 23.645811539104976], [57.88706600344365, 23.645858948895803], [57.88702276674476, 23.645865112180086], [57.886996557102144, 23.645732644886465], [57.887283634461774, 23.645682071744766], [57.88732654994103, 23.64586222608209], [57.88724720697623, 23.64587480281184]]]}, "properties": {"OBJECTID": 5, "Shape_Length": 117.72238350399681, "Shape_Area": 396.8700391595722, "Bldg_ID": "BF_007", "Gov_Name": "Al Batinah South", "Wil_Name": "Barka", "Bldg_Type": null, "Latitude": 23.64577101, "Longitude": 57.88716933}}, {"type": "Feature", "id": 6, "geometry": {"type": "Polygon", "coordinates": [[[57.887964612199376, 23.64509084392564], [57.88796430681134, 23.6451262256798], [57.887899754354635, 23.645126344243188], [57.887900881828955, 23.645212653547933], [57.88764529837764, 23.64523870728166], [57.887633223602435, 23.645104284145724], [57.88768958856784, 23.645101703486223], [57.88768747352702, 23.6450708524721], [57.88769727161754, 23.645069792025417], [57.88769718022397, 23.64505624370022], [57.88786349101711, 23.645039985038125], [57.887867379219735, 23.64509140070803], [57.887964612199376, 23.64509084392564]]]}, "properties": {"OBJECTID": 6, "Shape_Length": 105.58936785672584, "Shape_Area": 500.53449434674957, "Bldg_ID": "BF_008", "Gov_Name": "Al Batinah South", "Wil_Name": "Barka", "Bldg_Type": null, "Latitude": 23.64514171, "Longitude": 57.88777849}}, {"type": "Feature", "id": 7, "geometry": {"type": "Polygon", "coordinates": [[[57.88730200054011, 23.6453394547168], [57.88730916740714, 23.645408220108393], [57.887207974112464, 23.645418503087416], [57.88720188407917, 23.64536737366384], [57.88726646676884, 23.645359505790207], [57.88726540335743, 23.645343854062638], [57.88730200054011, 23.6453394547168]]]}, "properties": {"OBJECTID": 7, "Shape_Length": 35.87338967226797, "Shape_Area": 67.10063546049001, "Bldg_ID": "BF_009", "Gov_Name": "Al Batinah South", "Wil_Name": "Barka", "Bldg_Type": null, "Latitude": 23.64538351, "Longitude": 57.88725876}}, {"type": "Feature", "id": 8, "geometry": {"type": "Polygon", "coordinates": [[[57.88672606705299, 23.645594599355004], [57.886716593494256, 23.645503131731065], [57.887019978768684, 23.645469696104435], [57.887033749281024, 23.645554402181823], [57.88672606705299, 23.645594599355004]]]}, "properties": {"OBJECTID": 8, "Shape_Length": 82.51889535525787, "Shape_Area": 308.77243766117647, "Bldg_ID": "BF_010", "Gov_Name": "Al Batinah South", "Wil_Name": "Barka", "Bldg_Type": null, "Latitude": 23.64553219, "Longitude": 57.88687135}}, {"type": "Feature", "id": 9, "geometry": {"type": "Polygon", "coordinates": [[[57.88472801585983, 23.644198541177417], [57.88474930489693, 23.644294378965068], [57.88455277391341, 23.64434926930831], [57.88452438513652, 23.644263254516197], [57.88455215219502, 23.644256773744925], [57.884552123122525, 23.64425244850053], [57.88466173157977, 23.64422420705932], [57.88466356652137, 23.644228522000926], [57.88469386197863, 23.64422202768293], [57.88469123739033, 23.644207735114254], [57.88472801585983, 23.644198541177417]]]}, "properties": {"OBJECTID": 9, "Shape_Length": 65.91939788682492, "Shape_Area": 216.98362892917658, "Bldg_ID": "BF_011", "Gov_Name": "Al Batinah South", "Wil_Name": "Barka", "Bldg_Type": "Rest House", "Latitude": 23.64427684, "Longitude": 57.88463938}}, {"type": "Feature", "id": 10, "geometry": {"type": "Polygon", "coordinates": [[[57.884428024137435, 23.643519050466637], [57.884453941623505, 23.643660877995806], [57.884257089921086, 23.6436908252811], [57.8842301612666, 23.643547162764776], [57.884428024137435, 23.643519050466637]]]}, "properties": {"OBJECTID": 10, "Shape_Length": 72.83703705371741, "Shape_Area": 326.816995706952, "Bldg_ID": "BF_012", "Gov_Name": "Al Batinah South", "Wil_Name": "Barka", "Bldg_Type": null, "Latitude": 23.64360447, "Longitude": 57.88434207}}, {"type": "Feature", "id": 11, "geometry": {"type": "Polygon", "coordinates": [[[57.884617446368, 23.64394758377101], [57.88462696464685, 23.64401137646557], [57.884561494618545, 23.644018728048902], [57.88454343873104, 23.64392428077222], [57.88458011931861, 23.643919642252616], [57.884584249401954, 23.643944521639835], [57.88462516062065, 23.643937567564745], [57.88462603732756, 23.643947079549914], [57.884617446368, 23.64394758377101]]]}, "properties": {"OBJECTID": 11, "Shape_Length": 37.216482281782234, "Shape_Area": 65.71945486047538, "Bldg_ID": "BF_013", "Gov_Name": "Al Batinah South", "Wil_Name": "Barka", "Bldg_Type": null, "Latitude": 23.6439718, "Longitude": 57.88458495}}, {"type": "Feature", "id": 12, "geometry": {"type": "Polygon", "coordinates": [[[57.88389928461202, 23.632274433818917], [57.883873333180475, 23.63217262774501], [57.883940497718136, 23.632157747800353], [57.88393349392432, 23.632130101064615], [57.884024020994275, 23.632110739960876], [57.88404753736091, 23.63219064016282], [57.88402736769137, 23.6321954083858], [57.88403779254848, 23.63224374234711], [57.88389928461202, 23.632274433818917]]]}, "properties": {"OBJECTID": 12, "Shape_Length": 62.52679159666785, "Shape_Area": 211.87214670094045, "Bldg_ID": "BF_014", "Gov_Name": "Al Batinah South", "Wil_Name": "Barka", "Bldg_Type": "Room", "Latitude": 23.63219521, "Longitude": 57.88396418}}, {"type": "Feature", "id": 13, "geometry": {"type": "Polygon", "coordinates": [[[57.885383441382224, 23.631970371264853], [57.88532895114228, 23.63197859246991], [57.88532447445377, 23.631951397430832], [57.8853789844342, 23.631945967900627], [57.885383441382224, 23.631970371264853]]]}, "properties": {"OBJECTID": 13, "Shape_Length": 17.010771084769484, "Shape_Area": 16.224881404532425, "Bldg_ID": "BF_015", "Gov_Name": "Al Batinah South", "Wil_Name": "Barka", "Bldg_Type": "Room", "Latitude": 23.63196166, "Longitude": 57.88535348}}, {"type": "Feature", "id": 14, "geometry": {"type": "Polygon", "coordinates": [[[57.88461564361757, 23.632065953850514], [57.8845780596511, 23.63207221779459], [57.8845846496074, 23.63210186744242], [57.88453411596689, 23.632109227640335], [57.88454803285807, 23.63214718828905], [57.884504225574695, 23.632155472932077], [57.88449653256244, 23.63211572368377], [57.884462236265634, 23.63212266702675], [57.884454076354245, 23.632073389888784], [57.88461220061336, 23.63204200982621], [57.88461564361757, 23.632065953850514]]]}, "properties": {"OBJECTID": 14, "Shape_Length": 54.20975864863063, "Shape_Area": 99.65175211266234, "Bldg_ID": "BF_016", "Gov_Name": "Al Batinah South", "Wil_Name": "Barka", "Bldg_Type": "Room", "Latitude": 23.63209212, "Longitude": 57.88452736}}, {"type": "Feature", "id": 15, "geometry": {"type": "Polygon", "coordinates": [[[57.88368448999198, 23.631450993975704], [57.883638915785795, 23.63122852481127], [57.88364051629016, 23.63122613305668], [57.883638678717666, 23.631205906456017], [57.88366503767484, 23.631202548148114], [57.883670371724705, 23.631220824695884], [57.88368760009694, 23.631218657328205], [57.88368512138861, 23.63120646562231], [57.88370404647061, 23.631204264201287], [57.88370538558277, 23.631215656745493], [57.883714711514905, 23.631213043954606], [57.883748850485, 23.631370825225844], [57.883727674930654, 23.631376296407243], [57.8837316001665, 23.631396748654318], [57.883710158623394, 23.631400127734445], [57.88371903283336, 23.631443119108383], [57.88368448999198, 23.631450993975704]]]}, "properties": {"OBJECTID": 15, "Shape_Length": 72.84147237970122, "Shape_Area": 183.53822303204294, "Bldg_ID": "BF_017", "Gov_Name": "Al Batinah South", "Wil_Name": "Barka", "Bldg_Type": null, "Latitude": 23.6313146, "Longitude": 57.88369302}}, {"type": "Feature", "id": 16, "geometry": {"type": "Polygon", "coordinates": [[[57.88363425366426, 23.631159907370602], [57.883608922884456, 23.631166305402367], [57.88360508274671, 23.63114801221414], [57.8836312332727, 23.631143396943774], [57.88363425366426, 23.631159907370602]]]}, "properties": {"OBJECTID": 16, "Shape_Length": 9.312170844946465, "Shape_Area": 5.272497174830737, "Bldg_ID": "BF_018", "Gov_Name": "Al Batinah South", "Wil_Name": "Barka", "Bldg_Type": null, "Latitude": 23.63115443, "Longitude": 57.88361964}}, {"type": "Feature", "id": 17, "geometry": {"type": "Polygon", "coordinates": [[[57.88363224495203, 23.63119774025384], [57.883628699328796, 23.631175127196258], [57.88366065885664, 23.631169137582344], [57.8836643712265, 23.631192493924882], [57.88363224495203, 23.63119774025384]]]}, "properties": {"OBJECTID": 17, "Shape_Length": 11.798471185347951, "Shape_Area": 8.548565408487526, "Bldg_ID": "BF_019", "Gov_Name": "Al Batinah South", "Wil_Name": "Barka", "Bldg_Type": null, "Latitude": 23.63118361, "Longitude": 57.88364658}}, {"type": "Feature", "id": 18, "geometry": {"type": "Polygon", "coordinates": [[[57.88382329853124, 23.63008449734009], [57.883714541640714, 23.630134207559546], [57.883706269000115, 23.630121388618257], [57.883648921265966, 23.63013946765266], [57.88364704318168, 23.630133215570318], [57.88362820703988, 23.63013842231973], [57.88361258693521, 23.630106171355596], [57.88368688468106, 23.630076898181688], [57.883668229853036, 23.63004396724012], [57.883780796920746, 23.629997725307863], [57.88382329853124, 23.63008449734009]]]}, "properties": {"OBJECTID": 18, "Shape_Length": 62.322196562211616, "Shape_Area": 173.78986123701026, "Bldg_ID": "BF_020", "Gov_Name": "Al Batinah South", "Wil_Name": "Barka", "Bldg_Type": null, "Latitude": 23.63007562, "Longitude": 57.88372701}}, {"type": "Feature", "id": 19, "geometry": {"type": "Polygon", "coordinates": [[[57.88177114429212, 23.632328957803104], [57.881743809045474, 23.632334133161343], [57.8817364686829, 23.632306518937913], [57.88176417678906, 23.63230080857435], [57.88176403606246, 23.632297214643117], [57.88188530258027, 23.632272829866757], [57.881900439674666, 23.632356521818515], [57.88178467899944, 23.632380522160233], [57.88177114429212, 23.632328957803104]]]}, "properties": {"OBJECTID": 19, "Shape_Length": 49.322049945186784, "Shape_Area": 126.23698354423709, "Bldg_ID": "BF_021", "Gov_Name": "Al Batinah South", "Wil_Name": "Barka", "Bldg_Type": null, "Latitude": 23.63232584, "Longitude": 57.88182749}}, {"type": "Feature", "id": 20, "geometry": {"type": "Polygon", "coordinates": [[[57.882347478172534, 23.632141605169355], [57.88234524873987, 23.632132218261393], [57.8823748607617, 23.632124925394944], [57.8823776973368, 23.63213421310986], [57.882390183555415, 23.632130663867322], [57.882405545908746, 23.63218458234422], [57.882227932305724, 23.63222933810054], [57.882210923651435, 23.632173312772828], [57.88230021933054, 23.632153598392193], [57.88229991872878, 23.632149409259902], [57.88230610072679, 23.632148828566528], [57.88229971454714, 23.632125813451648], [57.88233318217213, 23.632116905421146], [57.88233682361751, 23.632144337433697], [57.882347478172534, 23.632141605169355]]]}, "properties": {"OBJECTID": 20, "Shape_Length": 58.825940352612854, "Shape_Area": 130.81939839315393, "Bldg_ID": "BF_022", "Gov_Name": "Al Batinah South", "Wil_Name": "Barka", "Bldg_Type": null, "Latitude": 23.63217524, "Longitude": 57.88231027}}, {"type": "Feature", "id": 21, "geometry": {"type": "Polygon", "coordinates": [[[57.88260783027336, 23.63244299096403], [57.882638159299795, 23.63243706321582], [57.882594775664934, 23.63228174493166], [57.882679161652796, 23.63226287837119], [57.88273571102763, 23.632466565670708], [57.88261995365132, 23.63249104711717], [57.88260783027336, 23.63244299096403]]]}, "properties": {"OBJECTID": 21, "Shape_Length": 70.63380464660695, "Shape_Area": 222.83442214836913, "Bldg_ID": "BF_023", "Gov_Name": "Al Batinah South", "Wil_Name": "Barka", "Bldg_Type": null, "Latitude": 23.63238092, "Longitude": 57.88266245}}, {"type": "Feature", "id": 22, "geometry": {"type": "Polygon", "coordinates": [[[57.8825496365326, 23.632448668091847], [57.88253059525413, 23.632389391112294], [57.882570950378856, 23.632377649348367], [57.88259131018729, 23.632436189939448], [57.8825496365326, 23.632448668091847]]]}, "properties": {"OBJECTID": 22, "Shape_Length": 22.437605310675245, "Shape_Area": 29.982783833917402, "Bldg_ID": "BF_024", "Gov_Name": "Al Batinah South", "Wil_Name": "Barka", "Bldg_Type": null, "Latitude": 23.63241315, "Longitude": 57.88256066}}, {"type": "Feature", "id": 23, "geometry": {"type": "Polygon", "coordinates": [[[57.88252601544106, 23.632379343793232], [57.88250583019057, 23.632319343533354], [57.882553621585224, 23.63230372268104], [57.88257296822996, 23.632368044995093], [57.88252601544106, 23.632379343793232]]]}, "properties": {"OBJECTID": 23, "Shape_Length": 24.46819449524588, "Shape_Area": 36.26329395710361, "Bldg_ID": "BF_025", "Gov_Name": "Al Batinah South", "Wil_Name": "Barka", "Bldg_Type": null, "Latitude": 23.63234232, "Longitude": 57.88253978}}, {"type": "Feature", "id": 24, "geometry": {"type": "Polygon", "coordinates": [[[57.88256481975264, 23.632124821119632], [57.88254730616646, 23.63206046850253], [57.88261147995519, 23.63204736286754], [57.88262979549343, 23.63210996232124], [57.88256481975264, 23.632124821119632]]]}, "properties": {"OBJECTID": 24, "Shape_Length": 28.058407816031774, "Shape_Area": 49.12398832655828, "Bldg_ID": "BF_026", "Gov_Name": "Al Batinah South", "Wil_Name": "Barka", "Bldg_Type": null, "Latitude": 23.63208578, "Longitude": 57.88258825}}, {"type": "Feature", "id": 25, "geometry": {"type": "Polygon", "coordinates": [[[57.8831051802702, 23.63045712812087], [57.88295541826886, 23.630488307283862], [57.8829333622541, 23.630474443170176], [57.8829102652475, 23.63034567009017], [57.88292288061609, 23.630326612149727], [57.88299409532028, 23.63031221717843], [57.882997452026274, 23.630327436842837], [57.883051352338526, 23.63031888654596], [57.88305310257897, 23.63033736235297], [57.883137324071896, 23.6303216441544], [57.883159788582766, 23.630452110681343], [57.88315262606515, 23.630460542173267], [57.88314676000743, 23.63046415346794], [57.88314035627027, 23.630466692017304], [57.8831336091681, 23.630468080791847], [57.883126723434366, 23.630468277650717], [57.88311990800916, 23.63046727662045], [57.883115728831775, 23.630465538365254], [57.88311183186117, 23.63046323604582], [57.88310829276709, 23.630460414367636], [57.8831051802702, 23.63045712812087]]]}, "properties": {"OBJECTID": 25, "Shape_Length": 82.1257405806627, "Shape_Area": 381.069599354737, "Bldg_ID": "BF_028", "Gov_Name": "Al Batinah South", "Wil_Name": "Barka", "Bldg_Type": "House", "Latitude": 23.63039837, "Longitude": 57.883031}}, {"type": "Feature", "id": 26, "geometry": {"type": "Polygon", "coordinates": [[[57.88126948912481, 23.630994332597382], [57.881258132005165, 23.630940267494363], [57.88128885216896, 23.63093364684662], [57.88130010850672, 23.630989350019483], [57.88126948912481, 23.630994332597382]]]}, "properties": {"OBJECTID": 26, "Shape_Length": 18.760701514329668, "Shape_Area": 19.75260837031606, "Bldg_ID": "BF_029", "Gov_Name": "Al Batinah South", "Wil_Name": "Barka", "Bldg_Type": null, "Latitude": 23.63096432, "Longitude": 57.88127921}}, {"type": "Feature", "id": 27, "geometry": {"type": "Polygon", "coordinates": [[[57.88791466872518, 23.633556619186187], [57.88777018314379, 23.633589761682863], [57.887745717205576, 23.633499968508602], [57.88788651138308, 23.63346968410978], [57.88791466872518, 23.633556619186187]]]}, "properties": {"OBJECTID": 27, "Shape_Length": 50.232002770770194, "Shape_Area": 151.77971846671363, "Bldg_ID": "BF_030", "Gov_Name": "Al Batinah South", "Wil_Name": "Barka", "Bldg_Type": null, "Latitude": 23.63352929, "Longitude": 57.88782908}}, {"type": "Feature", "id": 28, "geometry": {"type": "Polygon", "coordinates": [[[57.887498141462586, 23.633226009247288], [57.88748190684498, 23.633108748746267], [57.88752544205706, 23.633105462209613], [57.88753003205502, 23.63314284820408], [57.88750904902331, 23.633145046516805], [57.887510583684836, 23.633166781318472], [57.887554128516086, 23.6331647736463], [57.887559186254215, 23.633220063760998], [57.887498141462586, 23.633226009247288]]]}, "properties": {"OBJECTID": 28, "Shape_Length": 43.128232180343915, "Shape_Area": 64.25356267386167, "Bldg_ID": "BF_031", "Gov_Name": "Al Batinah South", "Wil_Name": "Barka", "Bldg_Type": null, "Latitude": 23.63317153, "Longitude": 57.88751749}}, {"type": "Feature", "id": 29, "geometry": {"type": "Polygon", "coordinates": [[[57.88782011020559, 23.633434091616234], [57.887779176537535, 23.63330853213749], [57.887845725487324, 23.63329204994427], [57.88788616268125, 23.633417974428326], [57.88782011020559, 23.633434091616234]]]}, "properties": {"OBJECTID": 29, "Shape_Length": 43.05484778366582, "Shape_Area": 101.647660691932, "Bldg_ID": "BF_032", "Gov_Name": "Al Batinah South", "Wil_Name": "Barka", "Bldg_Type": "Storehouse ", "Latitude": 23.63336307, "Longitude": 57.88783277}}, {"type": "Feature", "id": 30, "geometry": {"type": "Polygon", "coordinates": [[[57.88794658692458, 23.633650275097256], [57.88795619602286, 23.63367859043077], [57.88798394286882, 23.633673102727627], [57.88799660480186, 23.63371755878681], [57.8880089376495, 23.633714528406013], [57.88800993277522, 23.633723842804997], [57.88785673734617, 23.6337530105988], [57.88782891415276, 23.633645555661218], [57.88789440742879, 23.633632125068413], [57.88790133132592, 23.633658690927717], [57.88794658692458, 23.633650275097256]]]}, "properties": {"OBJECTID": 30, "Shape_Length": 56.37393956850948, "Shape_Area": 148.68175508236166, "Bldg_ID": "BF_033", "Gov_Name": "Al Batinah South", "Wil_Name": "Barka", "Bldg_Type": null, "Latitude": 23.63369498, "Longitude": 57.88790725}}, {"type": "Feature", "id": 31, "geometry": {"type": "Polygon", "coordinates": [[[57.88798844730817, 23.633588615321326], [57.88805386367452, 23.63357207358674], [57.88809389342904, 23.633710801357037], [57.88802781413307, 23.63372775605348], [57.88798844730817, 23.633588615321326]]]}, "properties": {"OBJECTID": 31, "Shape_Length": 45.73065051634215, "Shape_Area": 110.6778500418127, "Bldg_ID": "BF_034", "Gov_Name": "Al Batinah South", "Wil_Name": "Barka", "Bldg_Type": null, "Latitude": 23.63364994, "Longitude": 57.88804103}}, {"type": "Feature", "id": 32, "geometry": {"type": "Polygon", "coordinates": [[[57.88673197238064, 23.62862603505104], [57.88683149167018, 23.628582478479967], [57.88685793519883, 23.628635151779193], [57.886758788924176, 23.62867776781252], [57.88673197238064, 23.62862603505104]]]}, "properties": {"OBJECTID": 32, "Shape_Length": 35.17300434344746, "Shape_Area": 71.52745970123014, "Bldg_ID": "BF_035", "Gov_Name": "Al Batinah South", "Wil_Name": "Barka", "Bldg_Type": "Room", "Latitude": 23.62863028, "Longitude": 57.88679513}}, {"type": "Feature", "id": 33, "geometry": {"type": "Polygon", "coordinates": [[[57.88918815085061, 23.62768936208724], [57.88913787584692, 23.627707004266544], [57.88911077920524, 23.627641476279198], [57.88914411371315, 23.627630807242536], [57.889147507041685, 23.627638580588492], [57.889167658478186, 23.627633422544477], [57.88918815085061, 23.62768936208724]]]}, "properties": {"OBJECTID": 33, "Shape_Length": 26.449967199374555, "Shape_Area": 41.13284212812042, "Bldg_ID": "BF_037", "Gov_Name": "Al Batinah South", "Wil_Name": "Barka", "Bldg_Type": "Room", "Latitude": 23.62766704, "Longitude": 57.88914976}}, {"type": "Feature", "id": 34, "geometry": {"type": "Polygon", "coordinates": [[[57.88934277505449, 23.62903986771428], [57.88914795588364, 23.628537356701006], [57.88916659580094, 23.628527257792186], [57.88914592218674, 23.62847716298514], [57.88931853079002, 23.628420964766036], [57.889338692733844, 23.628475558601565], [57.88936115617975, 23.62846943440283], [57.88935779471605, 23.628453465262282], [57.88946902609156, 23.62841709256169], [57.889660469528856, 23.628906892841467], [57.88962010476339, 23.62897499782207], [57.88934277505449, 23.62903986771428]]]}, "properties": {"OBJECTID": 34, "Shape_Length": 203.93138358637603, "Shape_Area": 2266.8995592884608, "Bldg_ID": "BF_038", "Gov_Name": "Al Batinah South", "Wil_Name": "Barka", "Bldg_Type": "Rest House", "Latitude": 23.62872368, "Longitude": 57.88940217}}, {"type": "Feature", "id": 35, "geometry": {"type": "Polygon", "coordinates": [[[57.88479323940929, 23.64593888311682], [57.88477793374962, 23.645897892163777], [57.884733053473454, 23.645908249604517], [57.88472888749446, 23.645896566138866], [57.88469521809818, 23.645905264555125], [57.88466289087298, 23.645825873752045], [57.884667474149836, 23.645824087271947], [57.88464969437412, 23.645776891007312], [57.88468602010014, 23.645766205767156], [57.884702405356634, 23.645813786617136], [57.88472015408113, 23.64581028029588], [57.8847009053183, 23.645759833685233], [57.88481450010664, 23.645727751554393], [57.88484734150748, 23.645822651794944], [57.88486025325998, 23.64581878016978], [57.884865253732315, 23.645832962530907], [57.88485138397148, 23.64583462859791], [57.88486823596025, 23.645880748102115], [57.88482060536248, 23.645895009525233], [57.884834101646, 23.645926158729186], [57.88479323940929, 23.64593888311682]]]}, "properties": {"OBJECTID": 35, "Shape_Length": 93.28132329880121, "Shape_Area": 309.2039621203026, "Bldg_ID": "BF_039", "Gov_Name": "Al Batinah South", "Wil_Name": "Barka", "Bldg_Type": "House", "Latitude": 23.64583038, "Longitude": 57.88476484}}, {"type": "Feature", "id": 36, "geometry": {"type": "Polygon", "coordinates": [[[57.88502094208737, 23.645997043761103], [57.88501529972071, 23.64599806857945], [57.8850010377032, 23.645943017049994], [57.885022216009226, 23.64593747247457], [57.885015271895334, 23.645912442982286], [57.88505896636143, 23.645902165387866], [57.885078628490675, 23.645985037963374], [57.88502094208737, 23.645997043761103]]]}, "properties": {"OBJECTID": 36, "Shape_Length": 31.9832353240151, "Shape_Area": 55.93387068368074, "Bldg_ID": "BF_040", "Gov_Name": "Al Batinah South", "Wil_Name": "Barka", "Bldg_Type": null, "Latitude": 23.64595311, "Longitude": 57.88504019}}, {"type": "Feature", "id": 37, "geometry": {"type": "Polygon", "coordinates": [[[57.88533557622483, 23.645928002788512], [57.88530010678373, 23.645933931573918], [57.88529219774756, 23.64590115998368], [57.88532702099878, 23.645894636973658], [57.88533557622483, 23.645928002788512]]]}, "properties": {"OBJECTID": 37, "Shape_Length": 14.814435182367095, "Shape_Area": 13.704239168883445, "Bldg_ID": "BF_041", "Gov_Name": "Al Batinah South", "Wil_Name": "Barka", "Bldg_Type": "Room", "Latitude": 23.64591446, "Longitude": 57.88531379}}, {"type": "Feature", "id": 38, "geometry": {"type": "Polygon", "coordinates": [[[57.88522713349187, 23.646067482097624], [57.885218511249604, 23.646040620578592], [57.88524890340945, 23.64603430713459], [57.88525486615679, 23.646062105096217], [57.88522713349187, 23.646067482097624]]]}, "properties": {"OBJECTID": 38, "Shape_Length": 12.30711449881108, "Shape_Area": 9.451193063348951, "Bldg_ID": "BF_042", "Gov_Name": "Al Batinah South", "Wil_Name": "Barka", "Bldg_Type": "Storehouse ", "Latitude": 23.64605091, "Longitude": 57.88523733}}, {"type": "Feature", "id": 39, "geometry": {"type": "Polygon", "coordinates": [[[57.885366849522676, 23.6460485734823], [57.885383105777514, 23.646104042604463], [57.88533199897333, 23.646118660023596], [57.88531592850502, 23.646057868200394], [57.885366849522676, 23.6460485734823]]]}, "properties": {"OBJECTID": 39, "Shape_Length": 24.042043304005364, "Shape_Area": 35.67188386992311, "Bldg_ID": "BF_043", "Gov_Name": "Al Batinah South", "Wil_Name": "Barka", "Bldg_Type": "Seating Area", "Latitude": 23.64608252, "Longitude": 57.88534915}}, {"type": "Feature", "id": 40, "geometry": {"type": "Polygon", "coordinates": [[[57.885295252576825, 23.641404387972337], [57.88528558557257, 23.641360475519893], [57.88542338963317, 23.641335866962894], [57.885453682899715, 23.64147910725442], [57.88536319557253, 23.641494653086294], [57.885344660208766, 23.64139643144537], [57.885295252576825, 23.641404387972337]]]}, "properties": {"OBJECTID": 40, "Shape_Length": 60.97974892700837, "Shape_Area": 174.7284986309122, "Bldg_ID": "BF_044", "Gov_Name": "Al Batinah South", "Wil_Name": "Barka", "Bldg_Type": "Room", "Latitude": 23.64141009, "Longitude": 57.88538252}}, {"type": "Feature", "id": 41, "geometry": {"type": "Polygon", "coordinates": [[[57.88527651001937, 23.64140449496666], [57.8852189532947, 23.641413617050233], [57.88520604030284, 23.641351496601832], [57.88526550684038, 23.641342523487385], [57.88527651001937, 23.64140449496666]]]}, "properties": {"OBJECTID": 41, "Shape_Length": 26.059199397826706, "Shape_Area": 42.22215656792994, "Bldg_ID": "BF_045", "Gov_Name": "Al Batinah South", "Wil_Name": "Barka", "Bldg_Type": "Room", "Latitude": 23.64137788, "Longitude": 57.88524169}}, {"type": "Feature", "id": 42, "geometry": {"type": "Polygon", "coordinates": [[[57.88359547213051, 23.64180994909094], [57.883674051216815, 23.64180422486382], [57.88367728872402, 23.641846895136606], [57.8835955680096, 23.64185007850817], [57.88359547213051, 23.64180994909094]]]}, "properties": {"OBJECTID": 42, "Shape_Length": 25.562290190117693, "Shape_Area": 37.55791888802823, "Bldg_ID": "BF_046", "Gov_Name": "Al Batinah South", "Wil_Name": "Barka", "Bldg_Type": null, "Latitude": 23.64182789, "Longitude": 57.88363604}}, {"type": "Feature", "id": 43, "geometry": {"type": "Polygon", "coordinates": [[[57.88505607672085, 23.641755234480133], [57.884886512888926, 23.641783181527423], [57.88484655181643, 23.64160704042064], [57.88503488179663, 23.641587479989994], [57.88505607672085, 23.641755234480133]]]}, "properties": {"OBJECTID": 43, "Shape_Length": 75.52472089669507, "Shape_Area": 355.6998328044206, "Bldg_ID": "BF_047", "Gov_Name": "Al Batinah South", "Wil_Name": "Barka", "Bldg_Type": "Storehouse ", "Latitude": 23.64168201, "Longitude": 57.88495484}}, {"type": "Feature", "id": 44, "geometry": {"type": "Polygon", "coordinates": [[[57.88559813761446, 23.642473181936957], [57.88480049400609, 23.642588127464908], [57.88473603465747, 23.642256709381744], [57.884860882420575, 23.642237742527644], [57.884856132267196, 23.642216585143178], [57.88491084237534, 23.642209519752278], [57.88491195841111, 23.64222998344361], [57.884959803337125, 23.642222715153665], [57.884956109763806, 23.64220209908049], [57.88501082014736, 23.642194930688532], [57.88501246300901, 23.642214714877557], [57.885058275657734, 23.642207755307545], [57.88505520971091, 23.642187895243772], [57.88511010847787, 23.6421803129808], [57.88511104403407, 23.64219973902347], [57.88545422438995, 23.64214760368216], [57.88545075946857, 23.64212892548091], [57.88550379302685, 23.64212040537271], [57.88550698487657, 23.642139588212665], [57.88553694092246, 23.642135037552578], [57.88559813761446, 23.642473181936957]]]}, "properties": {"OBJECTID": 44, "Shape_Length": 258.96413328064403, "Shape_Area": 3154.7746667012766, "Bldg_ID": "BF_048", "Gov_Name": "Al Batinah South", "Wil_Name": "Barka", "Bldg_Type": null, "Latitude": 23.64236027, "Longitude": 57.88516802}}, {"type": "Feature", "id": 45, "geometry": {"type": "Polygon", "coordinates": [[[57.88250145087446, 23.63986295503415], [57.88246600693578, 23.63986661777393], [57.8824564844039, 23.639788087426236], [57.882544709991514, 23.639777045974764], [57.882561264358685, 23.639886347085703], [57.88250434341156, 23.63988991889913], [57.88250145087446, 23.63986295503415]]]}, "properties": {"OBJECTID": 45, "Shape_Length": 42.50740543650913, "Shape_Area": 99.47259375002426, "Bldg_ID": "BF_049", "Gov_Name": "Al Batinah South", "Wil_Name": "Barka", "Bldg_Type": null, "Latitude": 23.63983175, "Longitude": 57.88251076}}, {"type": "Feature", "id": 46, "geometry": {"type": "Polygon", "coordinates": [[[57.88238934057866, 23.63953610605329], [57.88238428905779, 23.639507356200955], [57.88243161187823, 23.639499252609077], [57.88243685291487, 23.6395302395056], [57.88238934057866, 23.63953610605329]]]}, "properties": {"OBJECTID": 46, "Shape_Length": 16.496321596726172, "Shape_Area": 16.401098031551385, "Bldg_ID": "BF_050", "Gov_Name": "Al Batinah South", "Wil_Name": "Barka", "Bldg_Type": null, "Latitude": 23.63951819, "Longitude": 57.88241081}}, {"type": "Feature", "id": 47, "geometry": {"type": "Polygon", "coordinates": [[[57.88244673498707, 23.63952874448297], [57.88243989473756, 23.639492170472348], [57.88251376608557, 23.63948343619617], [57.882517301940275, 23.639518909944435], [57.88244673498707, 23.63952874448297]]]}, "properties": {"OBJECTID": 47, "Shape_Length": 22.930089265213624, "Shape_Area": 29.925869962294115, "Bldg_ID": "BF_051", "Gov_Name": "Al Batinah South", "Wil_Name": "Barka", "Bldg_Type": null, "Latitude": 23.63950572, "Longitude": 57.88247916}}, {"type": "Feature", "id": 48, "geometry": {"type": "Polygon", "coordinates": [[[57.88244085334027, 23.639479854431205], [57.882401494299266, 23.63948519408906], [57.88239318541014, 23.639410736571687], [57.88243082850433, 23.639408284268313], [57.88244085334027, 23.639479854431205]]]}, "properties": {"OBJECTID": 48, "Shape_Length": 24.18462085693629, "Shape_Area": 32.15122726472771, "Bldg_ID": "BF_052", "Gov_Name": "Al Batinah South", "Wil_Name": "Barka", "Bldg_Type": null, "Latitude": 23.63944635, "Longitude": 57.88241651}}, {"type": "Feature", "id": 49, "geometry": {"type": "Polygon", "coordinates": [[[57.887996911286216, 23.64523888250116], [57.88793342876261, 23.64524341067923], [57.88792786161803, 23.645184667963452], [57.88798957555574, 23.645180740606968], [57.88799093632044, 23.64517695293773], [57.88800981618663, 23.645175758270796], [57.88800990072932, 23.645188867680652], [57.88799295367872, 23.645190266239535], [57.887996911286216, 23.64523888250116]]]}, "properties": {"OBJECTID": 49, "Shape_Length": 30.28984322176808, "Shape_Area": 45.1710981103179, "Bldg_ID": "BF_053", "Gov_Name": "Al Batinah South", "Wil_Name": "Barka", "Bldg_Type": " Pool", "Latitude": 23.6452101, "Longitude": 57.88796482}}, {"type": "Feature", "id": 50, "geometry": {"type": "Polygon", "coordinates": [[[57.882530213417056, 23.632187471483093], [57.88247869814665, 23.632193346321568], [57.88247304730877, 23.632146506972635], [57.88253017198773, 23.632140189268316], [57.88253292838156, 23.63215623426552], [57.88252551471191, 23.63215675875116], [57.882530213417056, 23.632187471483093]]]}, "properties": {"OBJECTID": 50, "Shape_Length": 22.37330192994149, "Shape_Area": 28.50060708246984, "Bldg_ID": "BF_054", "Gov_Name": "Al Batinah South", "Wil_Name": "Barka", "Bldg_Type": "Pool", "Latitude": 23.63216633, "Longitude": 57.8825025}}, {"type": "Feature", "id": 51, "geometry": {"type": "Polygon", "coordinates": [[[57.88537550888779, 23.646020621583784], [57.88530491331627, 23.64603615321596], [57.88528881923826, 23.64597039123242], [57.88534991491373, 23.64595960234554], [57.88534698638461, 23.645941682485045], [57.8853564248399, 23.64593917912324], [57.88537550888779, 23.646020621583784]]]}, "properties": {"OBJECTID": 51, "Shape_Length": 33.44533693079298, "Shape_Area": 56.42649312979955, "Bldg_ID": "BF_055", "Gov_Name": "Al Batinah South", "Wil_Name": "Barka", "Bldg_Type": "Pool", "Latitude": 23.64599443, "Longitude": 57.88533304}}, {"type": "Feature", "id": 52, "geometry": {"type": "Polygon", "coordinates": [[[57.88132669913582, 23.643541061226344], [57.88130748961997, 23.64348934763435], [57.88137554836359, 23.643470060505084], [57.88139532302527, 23.643521541463766], [57.88132669913582, 23.643541061226344]]]}, "properties": {"OBJECTID": 52, "Shape_Length": 26.686653135554693, "Shape_Area": 44.09426787009319, "Bldg_ID": "BF_056", "Gov_Name": "Al Batinah South", "Wil_Name": "Barka", "Bldg_Type": "Pool", "Latitude": 23.64350554, "Longitude": 57.88135127}}, {"type": "Feature", "id": 53, "geometry": {"type": "Polygon", "coordinates": [[[57.89150778256714, 23.644149218278855], [57.89149998142648, 23.644155981669574], [57.89148976883229, 23.644158961216355], [57.89147916362942, 23.64415756791673], [57.891470262274474, 23.644152077200786], [57.89146482440383, 23.644143574483575], [57.8914639249851, 23.644133740597994], [57.89146774181607, 23.644124519524436], [57.89147552037793, 23.64411773410111], [57.89146042588092, 23.64401382058908], [57.891457248920354, 23.644013527736103], [57.89145416976806, 23.644012692474167], [57.89145128031724, 23.64401133973055], [57.8914486667997, 23.644009509876078], [57.89144640721237, 23.644007257520318], [57.89144456898964, 23.644004649881825], [57.8914432069908, 23.644001764782086], [57.89144236186289, 23.643998688323055], [57.891442058827636, 23.643995512317552], [57.89144230692871, 23.643992331549217], [57.89144309876187, 23.643989240943842], [57.891444410695904, 23.643986332736418], [57.89144620357791, 23.643983693718518], [57.89144842390169, 23.643981402648112], [57.89145100540467, 23.643979527899134], [57.891453871045314, 23.64397812542097], [57.89145693530242, 23.643977237068707], [57.891460106727315, 23.643976889354036], [57.891463290673045, 23.643977092654037], [57.891466392119014, 23.643977840901492], [57.89157649125645, 23.643962821803168], [57.8916045172004, 23.644134551467726], [57.89150778256714, 23.644149218278855]]]}, "properties": {"OBJECTID": 53, "Shape_Length": 67.68168661257556, "Shape_Area": 255.8231522350731, "Bldg_ID": "BF_058", "Gov_Name": "Al Batinah South", "Wil_Name": "Barka", "Bldg_Type": "House", "Latitude": 23.64405888, "Longitude": 57.89152641}}, {"type": "Feature", "id": 54, "geometry": {"type": "Polygon", "coordinates": [[[57.891756781790995, 23.644104266931333], [57.891759123818304, 23.644117549407643], [57.89167262947295, 23.644132473548446], [57.89166320736206, 23.644086416873595], [57.89175133954959, 23.644071577252117], [57.89175137213878, 23.644076386582245], [57.89179063757321, 23.644070408314846], [57.891795122481234, 23.6440978225125], [57.891756781790995, 23.644104266931333]]]}, "properties": {"OBJECTID": 54, "Shape_Length": 36.42993165213004, "Shape_Area": 59.11557380356413, "Bldg_ID": "BF_062", "Gov_Name": "Al Batinah South", "Wil_Name": "Barka", "Bldg_Type": null, "Latitude": 23.64409888, "Longitude": 57.89172444}}, {"type": "Feature", "id": 55, "geometry": {"type": "Polygon", "coordinates": [[[57.89140501296765, 23.645168005172085], [57.89138866796466, 23.64511845859523], [57.89142178881232, 23.645108196655233], [57.89140691297935, 23.645044972669663], [57.891380111698155, 23.64504723389765], [57.891372714510275, 23.64501135632658], [57.89157114369283, 23.64496417240823], [57.89157883766332, 23.645004775588635], [57.8914689170525, 23.645033105883286], [57.891485727806966, 23.645093800628235], [57.891580469825605, 23.64507275155064], [57.89159447907939, 23.645123390855357], [57.89140501296765, 23.645168005172085]]]}, "properties": {"OBJECTID": 55, "Shape_Length": 102.96631991183385, "Shape_Area": 260.68337524242037, "Bldg_ID": "BF_063", "Gov_Name": "Al Batinah South", "Wil_Name": "Barka", "Bldg_Type": "Rest House", "Latitude": 23.64506994, "Longitude": 57.89147808}}, {"type": "Feature", "id": 56, "geometry": {"type": "Polygon", "coordinates": [[[57.89182094400125, 23.645928920374946], [57.89167173890966, 23.64594975444986], [57.89165955591627, 23.6458739163396], [57.891719146263775, 23.645867942225696], [57.89172007035101, 23.645888274166218], [57.8918135221637, 23.645874097544635], [57.89182094400125, 23.645928920374946]]]}, "properties": {"OBJECTID": 56, "Shape_Length": 48.025060955938116, "Shape_Area": 107.4336783604106, "Bldg_ID": "BF_064", "Gov_Name": "Al Batinah South", "Wil_Name": "Barka", "Bldg_Type": "Room", "Latitude": 23.64590821, "Longitude": 57.89173566}}, {"type": "Feature", "id": 57, "geometry": {"type": "Polygon", "coordinates": [[[57.89170241660773, 23.645802753652557], [57.891713123700235, 23.64580098865068], [57.89171059548214, 23.645785554029565], [57.891694357160276, 23.645786793568476], [57.89169238298836, 23.64576616509568], [57.89173011904302, 23.645766491804064], [57.891732293705054, 23.64579731800781], [57.891738451552435, 23.645797282593797], [57.89173495931152, 23.64576531690921], [57.89178857888998, 23.64575805663581], [57.89180600070162, 23.64585810005126], [57.89171916132238, 23.64586828354702], [57.89170241660773, 23.645802753652557]]]}, "properties": {"OBJECTID": 57, "Shape_Length": 51.37619561192358, "Shape_Area": 101.06524407327836, "Bldg_ID": "BF_065", "Gov_Name": "Al Batinah South", "Wil_Name": "Barka", "Bldg_Type": "Room", "Latitude": 23.64581353, "Longitude": 57.89175257}}, {"type": "Feature", "id": 58, "geometry": {"type": "Polygon", "coordinates": [[[57.89165580186678, 23.645731544625015], [57.891646005196094, 23.64567841177091], [57.89176151575398, 23.645660067437657], [57.89177163906093, 23.645714228951096], [57.89165580186678, 23.645731544625015]]]}, "properties": {"OBJECTID": 58, "Shape_Length": 35.97749274457598, "Shape_Area": 72.08657858408937, "Bldg_ID": "BF_066", "Gov_Name": "Al Batinah South", "Wil_Name": "Barka", "Bldg_Type": "Room", "Latitude": 23.64569604, "Longitude": 57.89170893}}, {"type": "Feature", "id": 59, "geometry": {"type": "Polygon", "coordinates": [[[57.89059678887648, 23.644309701693192], [57.890944343086325, 23.64426773151069], [57.89094704871166, 23.644289404408056], [57.891141891856265, 23.644267162642112], [57.89118149493769, 23.644566414007333], [57.89117095263499, 23.644568177120213], [57.89117267118214, 23.64459523060299], [57.891288125926536, 23.64457919643404], [57.891287941463204, 23.644582215071487], [57.89132188648989, 23.644576551103704], [57.89132557122413, 23.64460670479155], [57.89129468717366, 23.644610936761307], [57.89129750823417, 23.644634588791682], [57.89127095825654, 23.64464006935064], [57.89127143153079, 23.644662756715142], [57.891144581912876, 23.64468337595215], [57.890675914462314, 23.644745980378257], [57.89059678887648, 23.644309701693192]]]}, "properties": {"OBJECTID": 59, "Shape_Length": 236.31221015920192, "Shape_Area": 2703.2547551871576, "Bldg_ID": "BF_067", "Gov_Name": "Al Batinah South", "Wil_Name": "Barka", "Bldg_Type": "Slaughterhouse", "Latitude": 23.64450155, "Longitude": 57.89091079}}, {"type": "Feature", "id": 60, "geometry": {"type": "Polygon", "coordinates": [[[57.89169751911589, 23.644287837252225], [57.891690374193026, 23.644248391523206], [57.89173271216468, 23.64424181213631], [57.891740191679816, 23.644283466058962], [57.89169751911589, 23.644287837252225]]]}, "properties": {"OBJECTID": 60, "Shape_Length": 17.861260925403904, "Shape_Area": 19.917163466300426, "Bldg_ID": "BF_068", "Gov_Name": "Al Batinah South", "Wil_Name": "Barka", "Bldg_Type": null, "Latitude": 23.64426535, "Longitude": 57.89171539}}, {"type": "Feature", "id": 61, "geometry": {"type": "Polygon", "coordinates": [[[57.890648784861334, 23.642007497675937], [57.89066236901145, 23.642068153278846], [57.89059947144021, 23.64207847134865], [57.8905894477666, 23.64201906428273], [57.89058491411276, 23.64199772611601], [57.89057340094843, 23.642000145964044], [57.890579835422734, 23.64203130992487], [57.890555172529155, 23.642036400171197], [57.89055260702246, 23.642025129467502], [57.890511720305255, 23.64203339096755], [57.890494744637444, 23.641962391551097], [57.89046886445544, 23.641966665961814], [57.890458895835835, 23.64191161829711], [57.89052247572488, 23.641900869155766], [57.8905213879104, 23.64190643909133], [57.89055778809589, 23.641900760303066], [57.89055672312512, 23.641894637329283], [57.890622957089946, 23.641880867068476], [57.89062351414565, 23.641887559262795], [57.89068947250847, 23.641878410405234], [57.89070853384183, 23.641957415492026], [57.89064147167346, 23.64196977614133], [57.890648784861334, 23.642007497675937]]]}, "properties": {"OBJECTID": 61, "Shape_Length": 98.51225052191427, "Shape_Area": 324.58210595287187, "Bldg_ID": "BF_069", "Gov_Name": "Al Batinah South", "Wil_Name": "Barka", "Bldg_Type": null, "Latitude": 23.64196193, "Longitude": 57.89058903}}, {"type": "Feature", "id": 62, "geometry": {"type": "Polygon", "coordinates": [[[57.89080594411286, 23.641952261406622], [57.89075679030182, 23.64196336404497], [57.89072970116331, 23.641837821828044], [57.89077961893109, 23.641828786743005], [57.89080594411286, 23.641952261406622]]]}, "properties": {"OBJECTID": 62, "Shape_Length": 38.45558350428956, "Shape_Area": 72.69133486073969, "Bldg_ID": "BF_070", "Gov_Name": "Al Batinah South", "Wil_Name": "Barka", "Bldg_Type": null, "Latitude": 23.64189551, "Longitude": 57.89076793}}, {"type": "Feature", "id": 63, "geometry": {"type": "Polygon", "coordinates": [[[57.89089938145712, 23.64183799779421], [57.890920570743575, 23.64194124325084], [57.89083445803077, 23.64195601115961], [57.89080358038059, 23.641824505239093], [57.890903916450746, 23.641806662445457], [57.890912858044665, 23.641835388712913], [57.89089938145712, 23.64183799779421]]]}, "properties": {"OBJECTID": 63, "Shape_Length": 50.60215104773205, "Shape_Area": 140.37360828302056, "Bldg_ID": "BF_071", "Gov_Name": "Al Batinah South", "Wil_Name": "Barka", "Bldg_Type": null, "Latitude": 23.64188035, "Longitude": 57.89086408}}, {"type": "Feature", "id": 64, "geometry": {"type": "Polygon", "coordinates": [[[57.89107815309485, 23.642106222462683], [57.89105191472672, 23.641979394691777], [57.89114940879841, 23.641961568067412], [57.89117721239211, 23.642088746296988], [57.89107815309485, 23.642106222462683]]]}, "properties": {"OBJECTID": 64, "Shape_Length": 49.08527919399116, "Shape_Area": 146.346135929565, "Bldg_ID": "BF_072", "Gov_Name": "Al Batinah South", "Wil_Name": "Barka", "Bldg_Type": null, "Latitude": 23.64203413, "Longitude": 57.89111424}}, {"type": "Feature", "id": 65, "geometry": {"type": "Polygon", "coordinates": [[[57.89103130982731, 23.641812891458997], [57.89101198189205, 23.64181545378584], [57.89100962959684, 23.641785575121027], [57.89110819546361, 23.64176982784729], [57.89113569322605, 23.641900646823935], [57.89105268565024, 23.641916305624534], [57.89103130982731, 23.641812891458997]]]}, "properties": {"OBJECTID": 65, "Shape_Length": 50.56418051780884, "Shape_Area": 134.2720118639247, "Bldg_ID": "BF_073", "Gov_Name": "Al Batinah South", "Wil_Name": "Barka", "Bldg_Type": null, "Latitude": 23.64184064, "Longitude": 57.89107761}}, {"type": "Feature", "id": 66, "geometry": {"type": "Polygon", "coordinates": [[[57.892232350218144, 23.64158492509175], [57.89222289687634, 23.64155436113697], [57.8923591495515, 23.641526411736255], [57.89236587896169, 23.64156067458964], [57.892232350218144, 23.64158492509175]]]}, "properties": {"OBJECTID": 66, "Shape_Length": 35.49445624819994, "Shape_Area": 51.76361255131371, "Bldg_ID": "BF_074", "Gov_Name": "Al Batinah South", "Wil_Name": "Barka", "Bldg_Type": null, "Latitude": 23.64155632, "Longitude": 57.8922961}}, {"type": "Feature", "id": 67, "geometry": {"type": "Polygon", "coordinates": [[[57.891256374566666, 23.641896262828467], [57.89125503049159, 23.641882227660012], [57.89132543627592, 23.641872844334348], [57.8913322412617, 23.641918158310315], [57.89121115737146, 23.641935199359462], [57.89120617720068, 23.64190092549479], [57.891256374566666, 23.641896262828467]]]}, "properties": {"OBJECTID": 67, "Shape_Length": 35.34993523725914, "Shape_Area": 56.339642681095, "Bldg_ID": "BF_075", "Gov_Name": "Al Batinah South", "Wil_Name": "Barka", "Bldg_Type": null, "Latitude": 23.6419054, "Longitude": 57.89127304}}, {"type": "Feature", "id": 68, "geometry": {"type": "Polygon", "coordinates": [[[57.89076668607157, 23.642037903982224], [57.8908061902569, 23.64202991047754], [57.89082325981892, 23.642108672286582], [57.89078441067733, 23.64211755800398], [57.89076668607157, 23.642037903982224]]]}, "properties": {"OBJECTID": 68, "Shape_Length": 26.103785739020612, "Shape_Area": 36.70316353347637, "Bldg_ID": "BF_077", "Gov_Name": "Al Batinah South", "Wil_Name": "Barka", "Bldg_Type": null, "Latitude": 23.64207345, "Longitude": 57.89079508}}, {"type": "Feature", "id": 69, "geometry": {"type": "Polygon", "coordinates": [[[57.89830427311358, 23.637681130795322], [57.898221071136525, 23.637682569154276], [57.89821981729269, 23.637590046754102], [57.898302811381384, 23.637588609601295], [57.89830427311358, 23.637681130795322]]]}, "properties": {"OBJECTID": 69, "Shape_Length": 37.44566981458691, "Shape_Area": 86.8542180313022, "Bldg_ID": "BF_078", "Gov_Name": "Al Batinah South", "Wil_Name": "Barka", "Bldg_Type": null, "Latitude": 23.63763561, "Longitude": 57.89826199}}, {"type": "Feature", "id": 70, "geometry": {"type": "Polygon", "coordinates": [[[57.89820933973828, 23.637575195676195], [57.89820836939219, 23.637493760163114], [57.89828431288499, 23.63749293738234], [57.898285232669224, 23.637475726182245], [57.898237129545784, 23.637472938426882], [57.89823635235859, 23.63736219852145], [57.898248819012935, 23.63736253095313], [57.89824977124887, 23.63735740251366], [57.898258490280064, 23.637357925546386], [57.89825831636395, 23.637362896838184], [57.89831204948521, 23.63736105652138], [57.898317200197305, 23.637477261618745], [57.898306409714934, 23.63747732411623], [57.89830604435972, 23.637575782662083], [57.89820933973828, 23.637575195676195]]]}, "properties": {"OBJECTID": 70, "Shape_Length": 79.36863767023927, "Shape_Area": 194.45741436004505, "Bldg_ID": "BF_079", "Gov_Name": "Al Batinah South", "Wil_Name": "Barka", "Bldg_Type": null, "Latitude": 23.63747392, "Longitude": 57.89826785}}, {"type": "Feature", "id": 71, "geometry": {"type": "Polygon", "coordinates": [[[57.89994961847506, 23.63834644621931], [57.89986118114772, 23.638341033500524], [57.89986893962665, 23.638261840597977], [57.89995508945829, 23.638266502484235], [57.89994961847506, 23.63834644621931]]]}, "properties": {"OBJECTID": 71, "Shape_Length": 35.51647470612264, "Shape_Area": 78.82153999795787, "Bldg_ID": "BF_080", "Gov_Name": "Al Batinah South", "Wil_Name": "Barka", "Bldg_Type": null, "Latitude": 23.63830414, "Longitude": 57.89990875}}, {"type": "Feature", "id": 72, "geometry": {"type": "Polygon", "coordinates": [[[57.90011619510484, 23.637609831682525], [57.900042748487465, 23.637611787930144], [57.90004199266251, 23.63756189439857], [57.90011692772825, 23.637565283654297], [57.90011619510484, 23.637609831682525]]]}, "properties": {"OBJECTID": 72, "Shape_Length": 25.60563259275593, "Shape_Area": 39.566605876007, "Bldg_ID": "BF_081", "Gov_Name": "Al Batinah South", "Wil_Name": "Barka", "Bldg_Type": null, "Latitude": 23.63758711, "Longitude": 57.90007877}}, {"type": "Feature", "id": 73, "geometry": {"type": "Polygon", "coordinates": [[[57.90004342719585, 23.63762000397031], [57.90000462607509, 23.637620420609665], [57.90000403660133, 23.637564600249036], [57.90004203575905, 23.637564756373827], [57.900042748487465, 23.637611787930144], [57.90004342719585, 23.63762000397031]]]}, "properties": {"OBJECTID": 73, "Shape_Length": 20.13518288451531, "Shape_Area": 23.938785693268844, "Bldg_ID": "BF_082", "Gov_Name": "Al Batinah South", "Wil_Name": "Barka", "Bldg_Type": null, "Latitude": 23.6375925, "Longitude": 57.90002338}}, {"type": "Feature", "id": 74, "geometry": {"type": "Polygon", "coordinates": [[[57.898619395535796, 23.637029878028443], [57.89861847584489, 23.6369558981033], [57.89881788834268, 23.636955124672912], [57.898815902139646, 23.63702893085978], [57.898759460544866, 23.637029066455383], [57.898758720315136, 23.637133453036746], [57.89865828229018, 23.63713307943432], [57.89866131654281, 23.63703040014701], [57.898619395535796, 23.637029878028443]]]}, "properties": {"OBJECTID": 74, "Shape_Length": 79.91715844112804, "Shape_Area": 281.74615848168327, "Bldg_ID": "BF_083", "Gov_Name": "Al Batinah South", "Wil_Name": "Barka", "Bldg_Type": "House", "Latitude": 23.63702924, "Longitude": 57.89871437}}, {"type": "Feature", "id": 75, "geometry": {"type": "Polygon", "coordinates": [[[57.898853864491954, 23.63693598972477], [57.89879951003844, 23.636937834728766], [57.89879897814025, 23.636829631387968], [57.89885543237676, 23.636831216294077], [57.898853864491954, 23.63693598972477]]]}, "properties": {"OBJECTID": 75, "Shape_Length": 34.89153402477839, "Shape_Area": 66.63302332849838, "Bldg_ID": "BF_084", "Gov_Name": "Al Batinah South", "Wil_Name": "Barka", "Bldg_Type": "Majlis", "Latitude": 23.63688333, "Longitude": 57.8988268}}, {"type": "Feature", "id": 76, "geometry": {"type": "Polygon", "coordinates": [[[57.898540106937766, 23.636935705088426], [57.898539014333025, 23.636897284967677], [57.89857346391702, 23.636897658917384], [57.898573514453034, 23.636935511545754], [57.898540106937766, 23.636935705088426]]]}, "properties": {"OBJECTID": 76, "Shape_Length": 15.3684703961795, "Shape_Area": 14.612873999417364, "Bldg_ID": "BF_085", "Gov_Name": "Al Batinah South", "Wil_Name": "Barka", "Bldg_Type": null, "Latitude": 23.63691644, "Longitude": 57.89855648}}, {"type": "Feature", "id": 77, "geometry": {"type": "Polygon", "coordinates": [[[57.89858642258622, 23.637217255411603], [57.89849403318467, 23.63721988155155], [57.898491159935844, 23.637178974411523], [57.89858580856856, 23.637174841299647], [57.89858642258622, 23.637217255411603]]]}, "properties": {"OBJECTID": 77, "Shape_Length": 28.329331047654954, "Shape_Area": 44.068617902298406, "Bldg_ID": "BF_086", "Gov_Name": "Al Batinah South", "Wil_Name": "Barka", "Bldg_Type": "Pool", "Latitude": 23.63719764, "Longitude": 57.89853962}}, {"type": "Feature", "id": 78, "geometry": {"type": "Polygon", "coordinates": [[[57.898804226551455, 23.637689514316804], [57.89880319780881, 23.637660460872212], [57.898824160206665, 23.637660912920396], [57.89882491284647, 23.63761923241694], [57.898857907160355, 23.637619232680752], [57.89885849051, 23.637613494009702], [57.898865545944744, 23.63761345312006], [57.898865607706995, 23.637642886091076], [57.89885881738492, 23.63764270054869], [57.898857965008716, 23.637688437880076], [57.898804226551455, 23.637689514316804]]]}, "properties": {"OBJECTID": 78, "Shape_Length": 29.195730373337135, "Shape_Area": 35.70962325330832, "Bldg_ID": "BF_088", "Gov_Name": "Al Batinah South", "Wil_Name": "Barka", "Bldg_Type": null, "Latitude": 23.63765619, "Longitude": 57.89883765}}, {"type": "Feature", "id": 79, "geometry": {"type": "Polygon", "coordinates": [[[57.898678214499014, 23.63835105652621], [57.89867794323084, 23.638311322022247], [57.89870434122231, 23.638310812296698], [57.89870558033013, 23.63835072002483], [57.898678214499014, 23.63835105652621]]]}, "properties": {"OBJECTID": 79, "Shape_Length": 14.30485898537213, "Shape_Area": 12.093356898282297, "Bldg_ID": "BF_089", "Gov_Name": "Al Batinah South", "Wil_Name": "Barka", "Bldg_Type": null, "Latitude": 23.6383311, "Longitude": 57.89869153}}, {"type": "Feature", "id": 80, "geometry": {"type": "Polygon", "coordinates": [[[57.89877169548245, 23.638345792923904], [57.89874974502597, 23.63834609805549], [57.89874802067503, 23.63832027034122], [57.8987693856689, 23.63831907805223], [57.89877169548245, 23.638345792923904]]]}, "properties": {"OBJECTID": 80, "Shape_Length": 10.254893857118201, "Shape_Area": 6.443015549271868, "Bldg_ID": "BF_090", "Gov_Name": "Al Batinah South", "Wil_Name": "Barka", "Bldg_Type": null, "Latitude": 23.63833286, "Longitude": 57.89875978}}, {"type": "Feature", "id": 81, "geometry": {"type": "Polygon", "coordinates": [[[57.89876421739718, 23.63661480727625], [57.898763948832425, 23.63664195527484], [57.89872708465212, 23.63664272525455], [57.89872705031097, 23.636615579914196], [57.89876421739718, 23.63661480727625]]]}, "properties": {"OBJECTID": 81, "Shape_Length": 13.565002473284444, "Shape_Area": 11.347806284931057, "Bldg_ID": "BF_091", "Gov_Name": "Al Batinah South", "Wil_Name": "Barka", "Bldg_Type": null, "Latitude": 23.63662875, "Longitude": 57.89874557}}, {"type": "Feature", "id": 82, "geometry": {"type": "Polygon", "coordinates": [[[57.901925922700464, 23.636024785818268], [57.901781443138674, 23.63602671333813], [57.90178329134827, 23.635986244875472], [57.90192683179855, 23.635985192592635], [57.901925922700464, 23.636024785818268]]]}, "properties": {"OBJECTID": 82, "Shape_Length": 38.251108345983695, "Shape_Area": 65.08553991848503, "Bldg_ID": "BF_092", "Gov_Name": "Al Batinah South", "Wil_Name": "Barka", "Bldg_Type": null, "Latitude": 23.63600576, "Longitude": 57.90185411}}, {"type": "Feature", "id": 83, "geometry": {"type": "Polygon", "coordinates": [[[57.90109451038039, 23.636045487343136], [57.900557269123716, 23.63604879903898], [57.900554269349904, 23.63594405213335], [57.900778574708745, 23.63594217610676], [57.900781225748275, 23.635996072431073], [57.90109063615087, 23.63599809842922], [57.90109451038039, 23.636045487343136]]]}, "properties": {"OBJECTID": 83, "Shape_Length": 132.0836809984985, "Shape_Area": 440.19472675933815, "Bldg_ID": "BF_093", "Gov_Name": "Al Batinah South", "Wil_Name": "Barka", "Bldg_Type": null, "Latitude": 23.63600594, "Longitude": 57.90077337}}, {"type": "Feature", "id": 84, "geometry": {"type": "Polygon", "coordinates": [[[57.90042754905016, 23.63604876366583], [57.90042590682726, 23.635998290908145], [57.90047777002626, 23.635996196977327], [57.90047780202125, 23.636048172967246], [57.90042754905016, 23.63604876366583]]]}, "properties": {"OBJECTID": 84, "Shape_Length": 21.767588760015343, "Shape_Area": 29.55148107717254, "Bldg_ID": "BF_094", "Gov_Name": "Al Batinah South", "Wil_Name": "Barka", "Bldg_Type": null, "Latitude": 23.63602272, "Longitude": 57.90045238}}, {"type": "Feature", "id": 85, "geometry": {"type": "Polygon", "coordinates": [[[57.90045765278612, 23.635997009228998], [57.90042590682726, 23.635998290908145], [57.90042754905016, 23.63604876366583], [57.90001922652368, 23.636053069104562], [57.900015859962274, 23.63586420611368], [57.90008183984363, 23.63586305823863], [57.900080260428496, 23.635670759056016], [57.900102836106434, 23.635670628048274], [57.90010152484925, 23.63571199116529], [57.9002732200247, 23.63570866987787], [57.9002727169905, 23.635732164907225], [57.900402854046575, 23.63573043044386], [57.90040331554549, 23.635778413626255], [57.90023193443008, 23.63578151105102], [57.900231810550714, 23.635733143855443], [57.900152550073486, 23.635734177389175], [57.90015132746539, 23.635862775109896], [57.90019606192376, 23.635861320561013], [57.900193857311145, 23.63596558376875], [57.9004580469251, 23.63595688158935], [57.90045765278612, 23.635997009228998]]]}, "properties": {"OBJECTID": 85, "Shape_Length": 237.70354907085522, "Shape_Area": 880.8133190376179, "Bldg_ID": "BF_095", "Gov_Name": "Al Batinah South", "Wil_Name": "Barka", "Bldg_Type": null, "Latitude": 23.6359139, "Longitude": 57.90019314}}, {"type": "Feature", "id": 86, "geometry": {"type": "Polygon", "coordinates": [[[57.89850709409242, 23.634625609637435], [57.8985860371249, 23.63462196675782], [57.89858993613536, 23.634724692616057], [57.898512272255445, 23.634726447635938], [57.89850709409242, 23.634625609637435]]]}, "properties": {"OBJECTID": 86, "Shape_Length": 38.54549871679585, "Shape_Area": 90.15173845604794, "Bldg_ID": "BF_096", "Gov_Name": "Al Batinah South", "Wil_Name": "Barka", "Bldg_Type": null, "Latitude": 23.63467453, "Longitude": 57.89854895}}, {"type": "Feature", "id": 87, "geometry": {"type": "Polygon", "coordinates": [[[57.898715522200625, 23.634581599705673], [57.89855987551326, 23.634585900165597], [57.89855785507803, 23.634506043175747], [57.898712010070824, 23.634499372345456], [57.898715522200625, 23.634581599705673]]]}, "properties": {"OBJECTID": 87, "Shape_Length": 49.58181462720595, "Shape_Area": 141.95329797613138, "Bldg_ID": "BF_097", "Gov_Name": "Al Batinah South", "Wil_Name": "Barka", "Bldg_Type": null, "Latitude": 23.63454328, "Longitude": 57.8986367}}, {"type": "Feature", "id": 88, "geometry": {"type": "Polygon", "coordinates": [[[57.89872927167576, 23.6344535119219], [57.89873160683472, 23.63448438587835], [57.89865535815847, 23.634485915096466], [57.89865537468751, 23.634453722396], [57.89872927167576, 23.6344535119219]]]}, "properties": {"OBJECTID": 88, "Shape_Length": 22.308810577399406, "Shape_Area": 26.748152568858185, "Bldg_ID": "BF_098", "Gov_Name": "Al Batinah South", "Wil_Name": "Barka", "Bldg_Type": null, "Latitude": 23.63446947, "Longitude": 57.89869265}}, {"type": "Feature", "id": 89, "geometry": {"type": "Polygon", "coordinates": [[[57.89834189490416, 23.63480807812237], [57.89847062071553, 23.634804953522398], [57.89847271765309, 23.634896026855763], [57.898337093130166, 23.634900170478435], [57.8983381274151, 23.63488034566468], [57.89828338876177, 23.634883950311533], [57.89828386800291, 23.63485044981297], [57.89824421307769, 23.634851766906706], [57.89823538787653, 23.63463103813426], [57.898332887792876, 23.634629821385452], [57.89834189490416, 23.63480807812237]]]}, "properties": {"OBJECTID": 89, "Shape_Length": 106.77648920707712, "Shape_Area": 400.98606260249534, "Bldg_ID": "BF_099", "Gov_Name": "Al Batinah South", "Wil_Name": "Barka", "Bldg_Type": null, "Latitude": 23.634785, "Longitude": 57.89832972}}, {"type": "Feature", "id": 90, "geometry": {"type": "Polygon", "coordinates": [[[57.90049619957176, 23.634696462395066], [57.900458526416394, 23.634667307380877], [57.90048970750216, 23.6346310708049], [57.90052664578429, 23.634663292813663], [57.90049619957176, 23.634696462395066]]]}, "properties": {"OBJECTID": 90, "Shape_Length": 20.13740227509609, "Shape_Area": 25.301839541679836, "Bldg_ID": "BF_100", "Gov_Name": "Al Batinah South", "Wil_Name": "Barka", "Bldg_Type": null, "Latitude": 23.63466429, "Longitude": 57.90049266}}, {"type": "Feature", "id": 91, "geometry": {"type": "Polygon", "coordinates": [[[57.90128978837417, 23.635426397472706], [57.901290245494415, 23.635389634773578], [57.901334156133196, 23.635389161944683], [57.901332291413866, 23.635427238843402], [57.90128978837417, 23.635426397472706]]]}, "properties": {"OBJECTID": 91, "Shape_Length": 17.106853875684706, "Shape_Area": 18.26270475628346, "Bldg_ID": "BF_101", "Gov_Name": "Al Batinah South", "Wil_Name": "Barka", "Bldg_Type": null, "Latitude": 23.63540801, "Longitude": 57.90131175}}, {"type": "Feature", "id": 92, "geometry": {"type": "Polygon", "coordinates": [[[57.878004778774674, 23.646701549730196], [57.87796183214491, 23.64660406601225], [57.87802287908346, 23.64657980275133], [57.87806739283251, 23.64668012897244], [57.878004778774674, 23.646701549730196]]]}, "properties": {"OBJECTID": 92, "Shape_Length": 37.242574980403525, "Shape_Area": 80.34159473858699, "Bldg_ID": "BF_102", "Gov_Name": "Al Batinah South", "Wil_Name": "Barka", "Bldg_Type": "Room", "Latitude": 23.64664137, "Longitude": 57.87801439}}, {"type": "Feature", "id": 93, "geometry": {"type": "Polygon", "coordinates": [[[57.87805121715016, 23.64684081003892], [57.878020611531234, 23.64678113114878], [57.87802671645085, 23.646778296664966], [57.878022236041815, 23.646766866779373], [57.87810235376113, 23.64674027814129], [57.87810621331743, 23.64675181902107], [57.878114798924116, 23.64675018618913], [57.87813284725093, 23.646800927684332], [57.878125388031286, 23.646804009189676], [57.87813217910204, 23.64681510806004], [57.87805121715016, 23.64684081003892]]]}, "properties": {"OBJECTID": 93, "Shape_Length": 37.158705916908595, "Shape_Area": 82.93188256827234, "Bldg_ID": "BF_103", "Gov_Name": "Al Batinah South", "Wil_Name": "Barka", "Bldg_Type": "Room", "Latitude": 23.64679025, "Longitude": 57.87807783}}, {"type": "Feature", "id": 94, "geometry": {"type": "Polygon", "coordinates": [[[57.878698442445945, 23.646569746392473], [57.87862697341455, 23.646354795648858], [57.87866115168668, 23.646346312422494], [57.87865637111056, 23.64633354391117], [57.878700500883255, 23.646321400524297], [57.87870528145709, 23.646334168131006], [57.87876267816429, 23.646316542096574], [57.878833171358124, 23.646531858680696], [57.878698442445945, 23.646569746392473]]]}, "properties": {"OBJECTID": 94, "Shape_Length": 81.6290094499723, "Shape_Area": 364.7107132188377, "Bldg_ID": "BF_104", "Gov_Name": "Al Batinah South", "Wil_Name": "Barka", "Bldg_Type": null, "Latitude": 23.64644139, "Longitude": 57.87872946}}, {"type": "Feature", "id": 95, "geometry": {"type": "Polygon", "coordinates": [[[57.87750100239225, 23.64651811615153], [57.87747831200612, 23.646461645667664], [57.877539606156255, 23.64643989840954], [57.87756323014155, 23.646498897973323], [57.87750100239225, 23.64651811615153]]]}, "properties": {"OBJECTID": 95, "Shape_Length": 27.023356010839635, "Shape_Area": 45.62514921600361, "Bldg_ID": "BF_105", "Gov_Name": "Al Batinah South", "Wil_Name": "Barka", "Bldg_Type": "Room", "Latitude": 23.64647956, "Longitude": 57.87752076}}, {"type": "Feature", "id": 96, "geometry": {"type": "Polygon", "coordinates": [[[57.87745797564545, 23.646530586238768], [57.87744232058306, 23.646492152538286], [57.877450808032705, 23.64648829843196], [57.87745309965981, 23.646493936772718], [57.877474206180636, 23.646486089567606], [57.877487336753376, 23.64652130861907], [57.87745797564545, 23.646530586238768]]]}, "properties": {"OBJECTID": 96, "Shape_Length": 15.78741024660461, "Shape_Area": 13.612307288145285, "Bldg_ID": "BF_106", "Gov_Name": "Al Batinah South", "Wil_Name": "Barka", "Bldg_Type": "Room", "Latitude": 23.64650795, "Longitude": 57.87746522}}, {"type": "Feature", "id": 97, "geometry": {"type": "Polygon", "coordinates": [[[57.879748517569546, 23.64583158327522], [57.87964582901062, 23.645862982066525], [57.87963010638766, 23.645822883484154], [57.879706052418676, 23.64580010661527], [57.879707442512455, 23.64580316237486], [57.87973477949879, 23.645795618217857], [57.879748517569546, 23.64583158327522]]]}, "properties": {"OBJECTID": 97, "Shape_Length": 31.4017801601779, "Shape_Area": 50.64926453604715, "Bldg_ID": "BF_107", "Gov_Name": "Al Batinah South", "Wil_Name": "Barka", "Bldg_Type": null, "Latitude": 23.64582805, "Longitude": 57.87968861}}, {"type": "Feature", "id": 98, "geometry": {"type": "Polygon", "coordinates": [[[57.879336210574714, 23.645988365226742], [57.87931774255496, 23.645947201053175], [57.87943481769817, 23.64590238426401], [57.87945251423129, 23.645945174941797], [57.879336210574714, 23.645988365226742]]]}, "properties": {"OBJECTID": 98, "Shape_Length": 35.723174098197944, "Shape_Area": 64.30325578984971, "Bldg_ID": "BF_108", "Gov_Name": "Al Batinah South", "Wil_Name": "Barka", "Bldg_Type": null, "Latitude": 23.64594564, "Longitude": 57.87938557}}, {"type": "Feature", "id": 99, "geometry": {"type": "Polygon", "coordinates": [[[57.87921340516505, 23.646024744248557], [57.87919714694205, 23.645992217453692], [57.87931304743253, 23.645947227678988], [57.87932912622832, 23.645982097470313], [57.87921340516505, 23.646024744248557]]]}, "properties": {"OBJECTID": 99, "Shape_Length": 33.70036018480138, "Shape_Area": 52.07384967130413, "Bldg_ID": "BF_109", "Gov_Name": "Al Batinah South", "Wil_Name": "Barka", "Bldg_Type": null, "Latitude": 23.64598634, "Longitude": 57.87926372}}, {"type": "Feature", "id": 100, "geometry": {"type": "Polygon", "coordinates": [[[57.87952057973566, 23.646001917021938], [57.87946610121049, 23.645899863935107], [57.87950297660149, 23.645885237936323], [57.87955803999168, 23.64598692641313], [57.87952057973566, 23.646001917021938]]]}, "properties": {"OBJECTID": 100, "Shape_Length": 33.434479615857356, "Shape_Area": 51.918913557687006, "Bldg_ID": "BF_110", "Gov_Name": "Al Batinah South", "Wil_Name": "Barka", "Bldg_Type": null, "Latitude": 23.64594363, "Longitude": 57.879512}}, {"type": "Feature", "id": 101, "geometry": {"type": "Polygon", "coordinates": [[[57.87975316267727, 23.645866311059628], [57.879762216452, 23.645888815243378], [57.879703372852106, 23.645909652588642], [57.87969275301795, 23.645885928034247], [57.87975316267727, 23.645866311059628]]]}, "properties": {"OBJECTID": 101, "Shape_Length": 18.461940065585573, "Shape_Area": 17.8115971382166, "Bldg_ID": "BF_111", "Gov_Name": "Al Batinah South", "Wil_Name": "Barka", "Bldg_Type": null, "Latitude": 23.64588776, "Longitude": 57.87972753}}, {"type": "Feature", "id": 102, "geometry": {"type": "Polygon", "coordinates": [[[57.87900023595902, 23.646140828742894], [57.87897782211975, 23.64608415912173], [57.879046225605656, 23.646061626740586], [57.87906841554977, 23.64611809259488], [57.87900023595902, 23.646140828742894]]]}, "properties": {"OBJECTID": 102, "Shape_Length": 28.13227902948885, "Shape_Area": 49.3271173652076, "Bldg_ID": "BF_112", "Gov_Name": "Al Batinah South", "Wil_Name": "Barka", "Bldg_Type": null, "Latitude": 23.64610118, "Longitude": 57.87902315}}, {"type": "Feature", "id": 103, "geometry": {"type": "Polygon", "coordinates": [[[57.878277046496855, 23.646502727676328], [57.87826418766954, 23.646476965444325], [57.878292827173674, 23.64646593594458], [57.87830502245729, 23.646492317010452], [57.878277046496855, 23.646502727676328]]]}, "properties": {"OBJECTID": 103, "Shape_Length": 12.55782959748881, "Shape_Area": 9.851200790742235, "Bldg_ID": "BF_113", "Gov_Name": "Al Batinah South", "Wil_Name": "Barka", "Bldg_Type": null, "Latitude": 23.64648441, "Longitude": 57.87828477}}, {"type": "Feature", "id": 104, "geometry": {"type": "Polygon", "coordinates": [[[57.87899460286317, 23.64778940217989], [57.87894542340647, 23.6478056675767], [57.878906599392586, 23.6477259339093], [57.87880836055733, 23.647759413211364], [57.87878982720837, 23.647714501989856], [57.87894312660993, 23.647663650984377], [57.87899460286317, 23.64778940217989]]]}, "properties": {"OBJECTID": 104, "Shape_Length": 62.507498824459354, "Shape_Area": 141.5869450197095, "Bldg_ID": "BF_114", "Gov_Name": "Al Batinah South", "Wil_Name": "Barka", "Bldg_Type": null, "Latitude": 23.64772866, "Longitude": 57.8789046}}, {"type": "Feature", "id": 105, "geometry": {"type": "Polygon", "coordinates": [[[57.87880528313166, 23.64775195669478], [57.87875242605553, 23.647771312843723], [57.87873396189999, 23.64773250232232], [57.87877169148105, 23.647720462919132], [57.878777354310834, 23.647729675953293], [57.87879369293723, 23.647723870623942], [57.87880528313166, 23.64775195669478]]]}, "properties": {"OBJECTID": 105, "Shape_Length": 20.851014322140127, "Shape_Area": 24.82489547857661, "Bldg_ID": "BF_115", "Gov_Name": "Al Batinah South", "Wil_Name": "Barka", "Bldg_Type": null, "Latitude": 23.64774431, "Longitude": 57.87876897}}, {"type": "Feature", "id": 106, "geometry": {"type": "Polygon", "coordinates": [[[57.87907333198287, 23.647700047777665], [57.879140801865205, 23.64780781228593], [57.87911011461249, 23.647825831660068], [57.879036573131884, 23.647717671639192], [57.87907333198287, 23.647700047777665]]]}, "properties": {"OBJECTID": 106, "Shape_Length": 35.843053531364355, "Shape_Area": 55.3056711137614, "Bldg_ID": "BF_116", "Gov_Name": "Al Batinah South", "Wil_Name": "Barka", "Bldg_Type": null, "Latitude": 23.64776172, "Longitude": 57.87908938}}, {"type": "Feature", "id": 107, "geometry": {"type": "Polygon", "coordinates": [[[57.879157182259334, 23.647910533983637], [57.87913753070119, 23.64787569438085], [57.87916568068989, 23.647863563784544], [57.87918459069552, 23.647899233111097], [57.879157182259334, 23.647910533983637]]]}, "properties": {"OBJECTID": 107, "Shape_Length": 14.974815846645438, "Shape_Area": 13.610643270847877, "Bldg_ID": "BF_117", "Gov_Name": "Al Batinah South", "Wil_Name": "Barka", "Bldg_Type": null, "Latitude": 23.64788714, "Longitude": 57.87916122}}, {"type": "Feature", "id": 108, "geometry": {"type": "Polygon", "coordinates": [[[57.87891153439216, 23.64793617934218], [57.878867538119216, 23.647953414269903], [57.87884573151231, 23.647903442028788], [57.87888971771506, 23.64788470153435], [57.87891153439216, 23.64793617934218]]]}, "properties": {"OBJECTID": 108, "Shape_Length": 21.90116658133102, "Shape_Area": 29.630505026253243, "Bldg_ID": "BF_118", "Gov_Name": "Al Batinah South", "Wil_Name": "Barka", "Bldg_Type": null, "Latitude": 23.64791934, "Longitude": 57.8788787}}, {"type": "Feature", "id": 109, "geometry": {"type": "Polygon", "coordinates": [[[57.87899460286317, 23.64778940217989], [57.87898772155619, 23.647772592945515], [57.87904056827825, 23.64775286646488], [57.879049459824515, 23.647768548850767], [57.87899460286317, 23.64778940217989]]]}, "properties": {"OBJECTID": 109, "Shape_Length": 15.816706623759789, "Shape_Area": 11.686913606414791, "Bldg_ID": "BF_119", "Gov_Name": "Al Batinah South", "Wil_Name": "Barka", "Bldg_Type": null, "Latitude": 23.64777094, "Longitude": 57.87901803}}, {"type": "Feature", "id": 110, "geometry": {"type": "Polygon", "coordinates": [[[57.90009450781521, 23.64220437607162], [57.90010766426126, 23.64212645426868], [57.90021069595566, 23.64214412150572], [57.90019563553298, 23.64221987947573], [57.90009450781521, 23.64220437607162]]]}, "properties": {"OBJECTID": 110, "Shape_Length": 38.40552723555985, "Shape_Area": 91.22709536888902, "Bldg_ID": "BF_120", "Gov_Name": "Al Batinah South", "Wil_Name": "Barka", "Bldg_Type": "Room", "Latitude": 23.64217354, "Longitude": 57.90015195}}, {"type": "Feature", "id": 111, "geometry": {"type": "Polygon", "coordinates": [[[57.900658581153955, 23.641991717936442], [57.9006590241755, 23.641986972689025], [57.90064247122732, 23.641986850252696], [57.9006431385606, 23.64196875177792], [57.90063815199569, 23.641969145629307], [57.90063990862961, 23.641948049447844], [57.90068594886896, 23.64195172178503], [57.9006827178211, 23.6419888781032], [57.90066552558458, 23.641988029601183], [57.90066569739541, 23.641992219425877], [57.900671021575924, 23.641992594037653], [57.9006716922984, 23.642009517813698], [57.900653082097165, 23.642009771314438], [57.90065343425302, 23.64199174782896], [57.900658581153955, 23.641991717936442]]]}, "properties": {"OBJECTID": 111, "Shape_Length": 24.974275387163125, "Shape_Area": 22.550695120181192, "Bldg_ID": "BF_121", "Gov_Name": "Al Batinah South", "Wil_Name": "Barka", "Bldg_Type": " Pool", "Latitude": 23.64197372, "Longitude": 57.90066239}}, {"type": "Feature", "id": 112, "geometry": {"type": "Polygon", "coordinates": [[[57.90130100619478, 23.64087912097735], [57.9012528511189, 23.640876665062237], [57.9012530907495, 23.64085739672359], [57.90124665570927, 23.640857434120736], [57.90124857766876, 23.640830859999674], [57.901305153352716, 23.640834180107237], [57.90130100619478, 23.64087912097735]]]}, "properties": {"OBJECTID": 112, "Shape_Length": 21.43453631161433, "Shape_Area": 27.269728248414193, "Bldg_ID": "BF_122", "Gov_Name": "Al Batinah South", "Wil_Name": "Barka", "Bldg_Type": "Pool", "Latitude": 23.64085438, "Longitude": 57.90127638}}, {"type": "Feature", "id": 113, "geometry": {"type": "Polygon", "coordinates": [[[57.900973083801844, 23.64077203886779], [57.90097249208762, 23.640794159734863], [57.90092508326873, 23.640792154591555], [57.90092591970305, 23.640769690895223], [57.900973083801844, 23.64077203886779]]]}, "properties": {"OBJECTID": 113, "Shape_Length": 14.597366858303285, "Shape_Area": 11.922500849036407, "Bldg_ID": "BF_123", "Gov_Name": "Al Batinah South", "Wil_Name": "Barka", "Bldg_Type": null, "Latitude": 23.64078202, "Longitude": 57.90094908}}, {"type": "Feature", "id": 114, "geometry": {"type": "Polygon", "coordinates": [[[57.9008403568961, 23.640779992116165], [57.90083997856833, 23.64076095587431], [57.90086423249819, 23.64076081498559], [57.9008647364953, 23.64078030661057], [57.9008403568961, 23.640779992116165]]]}, "properties": {"OBJECTID": 114, "Shape_Length": 9.227795559395608, "Shape_Area": 5.289948647057649, "Bldg_ID": "BF_124", "Gov_Name": "Al Batinah South", "Wil_Name": "Barka", "Bldg_Type": null, "Latitude": 23.64077053, "Longitude": 57.90085237}}, {"type": "Feature", "id": 115, "geometry": {"type": "Polygon", "coordinates": [[[57.900733363222294, 23.640750972545554], [57.90078016688272, 23.640754804812953], [57.90077600473065, 23.640797580803362], [57.90072969847586, 23.640794087956902], [57.900733363222294, 23.640750972545554]]]}, "properties": {"OBJECTID": 115, "Shape_Length": 19.075552190838863, "Shape_Area": 22.74176408462972, "Bldg_ID": "BF_125", "Gov_Name": "Al Batinah South", "Wil_Name": "Barka", "Bldg_Type": null, "Latitude": 23.64077432, "Longitude": 57.90075479}}, {"type": "Feature", "id": 116, "geometry": {"type": "Polygon", "coordinates": [[[57.900693518010456, 23.640787343494353], [57.90060203342979, 23.640782288540287], [57.90060450469784, 23.640745564744876], [57.900696495251985, 23.640752212704456], [57.900693518010456, 23.640787343494353]]]}, "properties": {"OBJECTID": 116, "Shape_Length": 26.735839760158335, "Shape_Area": 37.40273226371258, "Bldg_ID": "BF_126", "Gov_Name": "Al Batinah South", "Wil_Name": "Barka", "Bldg_Type": null, "Latitude": 23.64076681, "Longitude": 57.90064881}}, {"type": "Feature", "id": 117, "geometry": {"type": "Polygon", "coordinates": [[[57.9006266769707, 23.640794956339096], [57.90061973155004, 23.6409102479247], [57.900587427981776, 23.640908297660367], [57.90059901954176, 23.640793870547277], [57.9006266769707, 23.640794956339096]]]}, "properties": {"OBJECTID": 117, "Shape_Length": 31.63498852882843, "Shape_Area": 39.04918108306326, "Bldg_ID": "BF_127", "Gov_Name": "Al Batinah South", "Wil_Name": "Barka", "Bldg_Type": null, "Latitude": 23.64085334, "Longitude": 57.90060811}}, {"type": "Feature", "id": 118, "geometry": {"type": "Polygon", "coordinates": [[[57.90076366327385, 23.6409211688686], [57.90068907007844, 23.640915869538638], [57.900689101094095, 23.640919399043128], [57.9006813455129, 23.640919444086425], [57.900681470296455, 23.640915329310143], [57.900640822066556, 23.640912441232594], [57.90064389832778, 23.640881606365703], [57.900765785066284, 23.640892120643738], [57.90076366327385, 23.6409211688686]]]}, "properties": {"OBJECTID": 118, "Shape_Length": 32.566426237490255, "Shape_Area": 41.99157121065726, "Bldg_ID": "BF_128", "Gov_Name": "Al Batinah South", "Wil_Name": "Barka", "Bldg_Type": null, "Latitude": 23.64090193, "Longitude": 57.90070277}}, {"type": "Feature", "id": 119, "geometry": {"type": "Polygon", "coordinates": [[[57.90085961443427, 23.640927914751398], [57.90080500159691, 23.640924041163785], [57.90080487653041, 23.64092797078681], [57.90079702565062, 23.640927986584035], [57.900796779954426, 23.640923458490196], [57.90078532928655, 23.640922646193484], [57.90078668001652, 23.640893959209027], [57.900865221576595, 23.640899736829226], [57.90085961443427, 23.640927914751398]]]}, "properties": {"OBJECTID": 119, "Shape_Length": 22.88457905970052, "Shape_Area": 25.137422359008504, "Bldg_ID": "BF_129", "Gov_Name": "Al Batinah South", "Wil_Name": "Barka", "Bldg_Type": null, "Latitude": 23.64091116, "Longitude": 57.90082383}}, {"type": "Feature", "id": 120, "geometry": {"type": "Polygon", "coordinates": [[[57.894232104231335, 23.64536308105239], [57.89415875969893, 23.645382742075846], [57.894149638066246, 23.645349306003506], [57.89422376215981, 23.645330531039455], [57.894232104231335, 23.64536308105239]]]}, "properties": {"OBJECTID": 120, "Shape_Length": 23.152610017111673, "Shape_Area": 29.368483499801528, "Bldg_ID": "BF_130", "Gov_Name": "Al Batinah South", "Wil_Name": "Barka", "Bldg_Type": null, "Latitude": 23.64535645, "Longitude": 57.89419087}}, {"type": "Feature", "id": 121, "geometry": {"type": "Polygon", "coordinates": [[[57.894659772332396, 23.643780624841728], [57.89460004824468, 23.64379488584366], [57.89456908208167, 23.643684011201827], [57.8946327543239, 23.643672789266823], [57.894659772332396, 23.643780624841728]]]}, "properties": {"OBJECTID": 121, "Shape_Length": 37.8348448471567, "Shape_Area": 80.36859628329853, "Bldg_ID": "BF_131", "Gov_Name": "Al Batinah South", "Wil_Name": "Barka", "Bldg_Type": null, "Latitude": 23.64373267, "Longitude": 57.89461513}}, {"type": "Feature", "id": 122, "geometry": {"type": "Polygon", "coordinates": [[[57.89419266127543, 23.643172296594866], [57.89417547840699, 23.643119312169294], [57.894223130737046, 23.64310336242779], [57.89423838902504, 23.643157782285503], [57.89419266127543, 23.643172296594866]]]}, "properties": {"OBJECTID": 122, "Shape_Length": 22.450516442293402, "Shape_Area": 31.107027742322817, "Bldg_ID": "BF_132", "Gov_Name": "Al Batinah South", "Wil_Name": "Barka", "Bldg_Type": null, "Latitude": 23.64313797, "Longitude": 57.89420741}}, {"type": "Feature", "id": 123, "geometry": {"type": "Polygon", "coordinates": [[[57.89407278061409, 23.64308730709068], [57.894068841417585, 23.643076641386912], [57.89401017718701, 23.64309390188056], [57.89399660661552, 23.643060313504225], [57.89407594388511, 23.643040618031094], [57.89409343430785, 23.643082021729867], [57.89407278061409, 23.64308730709068]]]}, "properties": {"OBJECTID": 123, "Shape_Length": 26.983741383937275, "Shape_Area": 34.37741878060954, "Bldg_ID": "BF_133", "Gov_Name": "Al Batinah South", "Wil_Name": "Barka", "Bldg_Type": null, "Latitude": 23.64306762, "Longitude": 57.89404533}}, {"type": "Feature", "id": 124, "geometry": {"type": "Polygon", "coordinates": [[[57.89396823346329, 23.64311745697198], [57.893845822793466, 23.643154623714825], [57.893827047834755, 23.643103798029472], [57.89392837037511, 23.643075659281035], [57.89392342749062, 23.64305954405818], [57.89394816269798, 23.643053835072514], [57.89396823346329, 23.64311745697198]]]}, "properties": {"OBJECTID": 124, "Shape_Length": 41.675995381338595, "Shape_Area": 81.31432151185052, "Bldg_ID": "BF_134", "Gov_Name": "Al Batinah South", "Wil_Name": "Barka", "Bldg_Type": null, "Latitude": 23.64310859, "Longitude": 57.89390017}}, {"type": "Feature", "id": 125, "geometry": {"type": "Polygon", "coordinates": [[[57.89373435694457, 23.642979361620405], [57.89371256153303, 23.642928553326442], [57.894003245312646, 23.6428456055239], [57.89402112200059, 23.642897550007643], [57.89373435694457, 23.642979361620405]]]}, "properties": {"OBJECTID": 125, "Shape_Length": 73.74246399599859, "Shape_Area": 185.97772848334017, "Bldg_ID": "BF_135", "Gov_Name": "Al Batinah South", "Wil_Name": "Barka", "Bldg_Type": null, "Latitude": 23.64291271, "Longitude": 57.89386781}}, {"type": "Feature", "id": 126, "geometry": {"type": "Polygon", "coordinates": [[[57.89364104730873, 23.6430074983215], [57.89359485026107, 23.643022351148367], [57.893577989685106, 23.642969145315448], [57.893557345508164, 23.642974533517208], [57.89357554039808, 23.6430297584346], [57.893443782733236, 23.643065377356148], [57.89345482746992, 23.64310443021952], [57.893396421464324, 23.64312118320576], [57.893362993367084, 23.643025713825423], [57.89339329515338, 23.643017229853434], [57.893377101327566, 23.642965033540836], [57.893446708350425, 23.642945378187726], [57.893442413852334, 23.642928580912066], [57.89347206270072, 23.642921114072642], [57.89347591976261, 23.642938318499443], [57.89365575617171, 23.642887627241315], [57.893700926168194, 23.643026748067278], [57.893652289009204, 23.643040031672214], [57.89364104730873, 23.6430074983215]]]}, "properties": {"OBJECTID": 126, "Shape_Length": 123.39976861799225, "Shape_Area": 433.6571591050371, "Bldg_ID": "BF_136", "Gov_Name": "Al Batinah South", "Wil_Name": "Barka", "Bldg_Type": null, "Latitude": 23.64299211, "Longitude": 57.89352242}}, {"type": "Feature", "id": 127, "geometry": {"type": "Polygon", "coordinates": [[[57.8934026861079, 23.64328565335417], [57.89337923612251, 23.643232865709205], [57.89346862471531, 23.64320926231208], [57.89348896001786, 23.643259603068614], [57.8934026861079, 23.64328565335417]]]}, "properties": {"OBJECTID": 127, "Shape_Length": 31.007661451904568, "Shape_Area": 57.28573176619547, "Bldg_ID": "BF_137", "Gov_Name": "Al Batinah South", "Wil_Name": "Barka", "Bldg_Type": null, "Latitude": 23.64324687, "Longitude": 57.89343442}}, {"type": "Feature", "id": 128, "geometry": {"type": "Polygon", "coordinates": [[[57.89350710514785, 23.64315702646243], [57.89351789590831, 23.64319101385638], [57.89350164885492, 23.643195971180138], [57.89350664306752, 23.643218642418304], [57.89348272053193, 23.64322708965715], [57.89347465798367, 23.643206058236515], [57.89346109395166, 23.643211251185477], [57.89344693700347, 23.643173587305597], [57.89348799973053, 23.643162203473505], [57.893484161918984, 23.64314783587415], [57.89350259929027, 23.643141447011562], [57.89350710514785, 23.64315702646243]]]}, "properties": {"OBJECTID": 128, "Shape_Length": 29.028465492924123, "Shape_Area": 36.40911640459394, "Bldg_ID": "BF_138", "Gov_Name": "Al Batinah South", "Wil_Name": "Barka", "Bldg_Type": null, "Latitude": 23.64318564, "Longitude": 57.89348547}}, {"type": "Feature", "id": 129, "geometry": {"type": "Polygon", "coordinates": [[[57.89404053000186, 23.642992054168218], [57.89405935097813, 23.64304473743466], [57.894000714469016, 23.643059293597272], [57.893981854111146, 23.64300759322705], [57.89404053000186, 23.642992054168218]]]}, "properties": {"OBJECTID": 129, "Shape_Length": 24.601378136411775, "Shape_Area": 37.77532018735315, "Bldg_ID": "BF_139", "Gov_Name": "Al Batinah South", "Wil_Name": "Barka", "Bldg_Type": null, "Latitude": 23.64302587, "Longitude": 57.89402069}}, {"type": "Feature", "id": 130, "geometry": {"type": "Polygon", "coordinates": [[[57.89432697692095, 23.643197590949097], [57.894261192538835, 23.643230376984576], [57.894225480229906, 23.64317571470684], [57.89429017789452, 23.643144600446288], [57.89432697692095, 23.643197590949097]]]}, "properties": {"OBJECTID": 130, "Shape_Length": 29.102164688889637, "Shape_Area": 52.7411698750378, "Bldg_ID": "BF_140", "Gov_Name": "Al Batinah South", "Wil_Name": "Barka", "Bldg_Type": null, "Latitude": 23.64318723, "Longitude": 57.89427595}}, {"type": "Feature", "id": 131, "geometry": {"type": "Polygon", "coordinates": [[[57.887046525304235, 23.645957574664102], [57.88708389263623, 23.64595249717541], [57.887092976843746, 23.64599460098999], [57.88679519210466, 23.646042513702422], [57.886780882905875, 23.64597591616234], [57.88704330653443, 23.645936920719908], [57.887046525304235, 23.645957574664102]]]}, "properties": {"OBJECTID": 131, "Shape_Length": 76.37826264452359, "Shape_Area": 216.66044902328227, "Bldg_ID": "BF_141", "Gov_Name": "Al Batinah South", "Wil_Name": "Barka", "Bldg_Type": null, "Latitude": 23.64598806, "Longitude": 57.88693053}}, {"type": "Feature", "id": 132, "geometry": {"type": "Polygon", "coordinates": [[[57.8870037027794, 23.64576875986421], [57.88673968434334, 23.645809797448116], [57.88673079043741, 23.64577365452013], [57.886996557102144, 23.645732644886465], [57.8870037027794, 23.64576875986421]]]}, "properties": {"OBJECTID": 132, "Shape_Length": 62.963031253977235, "Shape_Area": 111.79471603797988, "Bldg_ID": "BF_142", "Gov_Name": "Al Batinah South", "Wil_Name": "Barka", "Bldg_Type": null, "Latitude": 23.64577122, "Longitude": 57.8868675}}, {"type": "Feature", "id": 133, "geometry": {"type": "Polygon", "coordinates": [[[57.88598668230726, 23.643763254784282], [57.88593874922794, 23.643770754220775], [57.885923595213875, 23.643678608148846], [57.88597407978737, 23.643673219361887], [57.88598668230726, 23.643763254784282]]]}, "properties": {"OBJECTID": 133, "Shape_Length": 30.513093702404724, "Shape_Area": 51.63219149014612, "Bldg_ID": "BF_143", "Gov_Name": "Al Batinah South", "Wil_Name": "Barka", "Bldg_Type": null, "Latitude": 23.64372114, "Longitude": 57.88595562}}, {"type": "Feature", "id": 134, "geometry": {"type": "Polygon", "coordinates": [[[57.885963977648515, 23.643638423618846], [57.88591234554199, 23.64364476370203], [57.885897168812235, 23.6435224392397], [57.885936476792125, 23.64351314747691], [57.885963977648515, 23.643638423618846]]]}, "properties": {"OBJECTID": 134, "Shape_Length": 37.23561580004767, "Shape_Area": 65.45631017760581, "Bldg_ID": "BF_144", "Gov_Name": "Al Batinah South", "Wil_Name": "Barka", "Bldg_Type": null, "Latitude": 23.64358227, "Longitude": 57.88592809}}, {"type": "Feature", "id": 135, "geometry": {"type": "Polygon", "coordinates": [[[57.88385907434202, 23.644699709376358], [57.88383960771442, 23.64465411946887], [57.88393753178496, 23.644618258922005], [57.88395569480048, 23.644665064725753], [57.88385907434202, 23.644699709376358]]]}, "properties": {"OBJECTID": 135, "Shape_Length": 32.251418051145976, "Shape_Area": 58.23992666620782, "Bldg_ID": "BF_145", "Gov_Name": "Al Batinah South", "Wil_Name": "Barka", "Bldg_Type": "Pool", "Latitude": 23.64465918, "Longitude": 57.88389807}}, {"type": "Feature", "id": 136, "geometry": {"type": "Polygon", "coordinates": [[[57.884001431194505, 23.644591886187598], [57.88402229888447, 23.644645793756442], [57.88398180064357, 23.644661137830237], [57.88397151477088, 23.644656284882405], [57.8839553532577, 23.64463144155104], [57.88395192316001, 23.644609170202294], [57.884001431194505, 23.644591886187598]]]}, "properties": {"OBJECTID": 136, "Shape_Length": 23.079593945779056, "Shape_Area": 35.33012498851365, "Bldg_ID": "BF_146", "Gov_Name": "Al Batinah South", "Wil_Name": "Barka", "Bldg_Type": null, "Latitude": 23.64462746, "Longitude": 57.88398632}}, {"type": "Feature", "id": 137, "geometry": {"type": "Polygon", "coordinates": [[[57.88395587184705, 23.644586478350238], [57.88376302330489, 23.644655059054013], [57.883799823231094, 23.644739248559116], [57.883758495176664, 23.644753085353518], [57.8837026586546, 23.644621925182555], [57.88393729102201, 23.644539210684233], [57.88395587184705, 23.644586478350238]]]}, "properties": {"OBJECTID": 137, "Shape_Length": 82.40858499106022, "Shape_Area": 187.54210904475661, "Bldg_ID": "BF_147", "Gov_Name": "Al Batinah South", "Wil_Name": "Barka", "Bldg_Type": null, "Latitude": 23.64462798, "Longitude": 57.88381324}}, {"type": "Feature", "id": 138, "geometry": {"type": "Polygon", "coordinates": [[[57.88396668944069, 23.64521913146079], [57.88392597934062, 23.645232738076963], [57.883923687112734, 23.645226755722526], [57.88389645648384, 23.645234751602374], [57.88389264892461, 23.645226932654], [57.883868920657136, 23.64523467734593], [57.88384955333269, 23.645183595441104], [57.88385376894011, 23.645177575990335], [57.883845911577545, 23.64516309285442], [57.88383791882298, 23.645165674590277], [57.88382337398449, 23.645124480489613], [57.88385360696337, 23.645116237194127], [57.883845148939486, 23.645086768927836], [57.8839088383829, 23.645065883442445], [57.883910389565344, 23.645069992275047], [57.88399805543011, 23.64504415964869], [57.88400493195486, 23.6450616451762], [57.884044146238224, 23.645048970135875], [57.884047117212276, 23.6450587899155], [57.88408660785092, 23.645046097031404], [57.88408234527069, 23.645037242005483], [57.88412216505097, 23.645025967964727], [57.88403534051592, 23.64478152681448], [57.884160752776985, 23.644743329994412], [57.88423016293768, 23.644942064744065], [57.884132473407334, 23.644969370865798], [57.884175350027405, 23.645092035229595], [57.8840062219958, 23.645141885968023], [57.88402252969889, 23.645184684915755], [57.883982569731835, 23.645197720965314], [57.883979243830474, 23.645190234359305], [57.8839610102579, 23.645195406144055], [57.88396668944069, 23.64521913146079]]]}, "properties": {"OBJECTID": 138, "Shape_Length": 188.89342929838776, "Shape_Area": 748.4736816940003, "Bldg_ID": "BF_148", "Gov_Name": "Al Batinah South", "Wil_Name": "Barka", "Bldg_Type": null, "Latitude": 23.64501134, "Longitude": 57.88404553}}, {"type": "Feature", "id": 139, "geometry": {"type": "Polygon", "coordinates": [[[57.88377175472892, 23.64507911629002], [57.883724369526085, 23.64495601687014], [57.88380455776981, 23.644931808468055], [57.883824963185354, 23.644988419255668], [57.883810966697446, 23.644991496743973], [57.883834695730286, 23.64505846541588], [57.88377175472892, 23.64507911629002]]]}, "properties": {"OBJECTID": 139, "Shape_Length": 45.75508116444138, "Shape_Area": 109.99933488996405, "Bldg_ID": "BF_149", "Gov_Name": "Al Batinah South", "Wil_Name": "Barka", "Bldg_Type": null, "Latitude": 23.64500299, "Longitude": 57.88378264}}, {"type": "Feature", "id": 140, "geometry": {"type": "Polygon", "coordinates": [[[57.88404179401003, 23.644775739366565], [57.884024273041774, 23.644729358932878], [57.88413980284172, 23.64469338975671], [57.88415613168733, 23.64474473733189], [57.88404179401003, 23.644775739366565]]]}, "properties": {"OBJECTID": 140, "Shape_Length": 35.95705435766821, "Shape_Area": 69.82479135500151, "Bldg_ID": "BF_150", "Gov_Name": "Al Batinah South", "Wil_Name": "Barka", "Bldg_Type": null, "Latitude": 23.64473547, "Longitude": 57.88409129}}, {"type": "Feature", "id": 141, "geometry": {"type": "Polygon", "coordinates": [[[57.88424435127234, 23.64559289525952], [57.884191438188026, 23.64560891442881], [57.88416683556288, 23.645541109024837], [57.88422580602753, 23.64552819935031], [57.88424435127234, 23.64559289525952]]]}, "properties": {"OBJECTID": 141, "Shape_Length": 27.18774363101398, "Shape_Area": 45.378749374726084, "Bldg_ID": "BF_151", "Gov_Name": "Al Batinah South", "Wil_Name": "Barka", "Bldg_Type": null, "Latitude": 23.6455674, "Longitude": 57.88420665}}, {"type": "Feature", "id": 142, "geometry": {"type": "Polygon", "coordinates": [[[57.883858509993416, 23.64551457600582], [57.88374427798479, 23.64531090679226], [57.88378717429274, 23.64528865861838], [57.8839040399608, 23.645493522167396], [57.883858509993416, 23.64551457600582]]]}, "properties": {"OBJECTID": 142, "Shape_Length": 61.223639998132896, "Shape_Area": 130.24477073642973, "Bldg_ID": "BF_152", "Gov_Name": "Al Batinah South", "Wil_Name": "Barka", "Bldg_Type": null, "Latitude": 23.64540249, "Longitude": 57.88382387}}, {"type": "Feature", "id": 143, "geometry": {"type": "Polygon", "coordinates": [[[57.88749858074743, 23.63907135303796], [57.88778368973353, 23.639024005930967], [57.88780435715856, 23.639108895622428], [57.887509789651304, 23.63915251882518], [57.88749858074743, 23.63907135303796]]]}, "properties": {"OBJECTID": 143, "Shape_Length": 78.6748145646356, "Shape_Area": 279.96770274107934, "Bldg_ID": "BF_153", "Gov_Name": "Al Batinah South", "Wil_Name": "Barka", "Bldg_Type": null, "Latitude": 23.63908917, "Longitude": 57.88765061}}, {"type": "Feature", "id": 144, "geometry": {"type": "Polygon", "coordinates": [[[57.88737594255616, 23.639129481859595], [57.88736901436928, 23.63907511742436], [57.88744566669918, 23.63906976724299], [57.88744767614032, 23.639124538259534], [57.88737594255616, 23.639129481859595]]]}, "properties": {"OBJECTID": 144, "Shape_Length": 27.306942485235457, "Shape_Area": 45.98305243225433, "Bldg_ID": "BF_154", "Gov_Name": "Al Batinah South", "Wil_Name": "Barka", "Bldg_Type": null, "Latitude": 23.63909942, "Longitude": 57.88740956}}, {"type": "Feature", "id": 145, "geometry": {"type": "Polygon", "coordinates": [[[57.88737363341972, 23.639170006170044], [57.887370023903074, 23.63913572249449], [57.88743233267972, 23.639131447000644], [57.88743291306307, 23.63916765555948], [57.88737363341972, 23.639170006170044]]]}, "properties": {"OBJECTID": 145, "Shape_Length": 20.248733332938397, "Shape_Area": 24.278213826683793, "Bldg_ID": "BF_155", "Gov_Name": "Al Batinah South", "Wil_Name": "Barka", "Bldg_Type": null, "Latitude": 23.63915104, "Longitude": 57.88740247}}, {"type": "Feature", "id": 146, "geometry": {"type": "Polygon", "coordinates": [[[57.887362091785555, 23.639143162353566], [57.887039144739255, 23.639201310585346], [57.88702249776728, 23.63913830483315], [57.88735555810531, 23.63908652863581], [57.887362091785555, 23.639143162353566]]]}, "properties": {"OBJECTID": 146, "Shape_Length": 81.50371890352739, "Shape_Area": 228.79047979921518, "Bldg_ID": "BF_156", "Gov_Name": "Al Batinah South", "Wil_Name": "Barka", "Bldg_Type": null, "Latitude": 23.63914279, "Longitude": 57.88719123}}, {"type": "Feature", "id": 147, "geometry": {"type": "Polygon", "coordinates": [[[57.88650592726311, 23.639302041104255], [57.886521101131606, 23.639402406153238], [57.88613037618451, 23.63945372429172], [57.88611411083516, 23.639352687133208], [57.88650592726311, 23.639302041104255]]]}, "properties": {"OBJECTID": 147, "Shape_Length": 103.14472891521241, "Shape_Area": 454.0401017195599, "Bldg_ID": "BF_157", "Gov_Name": "Al Batinah South", "Wil_Name": "Barka", "Bldg_Type": null, "Latitude": 23.63937773, "Longitude": 57.88631762}}, {"type": "Feature", "id": 148, "geometry": {"type": "Polygon", "coordinates": [[[57.885872637816504, 23.639450795441547], [57.885862978227365, 23.639388176853945], [57.88597140983933, 23.639376105818364], [57.885980890386364, 23.639437023797235], [57.885872637816504, 23.639450795441547]]]}, "properties": {"OBJECTID": 148, "Shape_Length": 36.104216504626905, "Shape_Area": 76.97542814762217, "Bldg_ID": "BF_158", "Gov_Name": "Al Batinah South", "Wil_Name": "Barka", "Bldg_Type": null, "Latitude": 23.63941306, "Longitude": 57.88592173}}, {"type": "Feature", "id": 149, "geometry": {"type": "Polygon", "coordinates": [[[57.886528314056214, 23.640005653652608], [57.88653456711625, 23.64007670764899], [57.88650623197919, 23.640078320157045], [57.886500495283315, 23.640006054729767], [57.886528314056214, 23.640005653652608]]]}, "properties": {"OBJECTID": 149, "Shape_Length": 21.649182882938597, "Shape_Area": 22.790907813553552, "Bldg_ID": "BF_159", "Gov_Name": "Al Batinah South", "Wil_Name": "Barka", "Bldg_Type": null, "Latitude": 23.64004182, "Longitude": 57.88651737}}, {"type": "Feature", "id": 150, "geometry": {"type": "Polygon", "coordinates": [[[57.885923315437246, 23.633662987289902], [57.88582478689233, 23.633684802234406], [57.88578527896069, 23.633526818271736], [57.885890202744655, 23.63350319656305], [57.885923315437246, 23.633662987289902]]]}, "properties": {"OBJECTID": 150, "Shape_Length": 57.31645203149642, "Shape_Area": 191.86530091842087, "Bldg_ID": "BF_160", "Gov_Name": "Al Batinah South", "Wil_Name": "Barka", "Bldg_Type": null, "Latitude": 23.6335936, "Longitude": 57.88585572}}, {"type": "Feature", "id": 151, "geometry": {"type": "Polygon", "coordinates": [[[57.88427787438293, 23.63310479287811], [57.8842692014794, 23.63310642020607], [57.88425511401528, 23.63304846640935], [57.88431447731047, 23.633036634802426], [57.88432650670379, 23.633079499754285], [57.88427680598758, 23.63309138918381], [57.88427787438293, 23.63310479287811]]]}, "properties": {"OBJECTID": 151, "Shape_Length": 25.302108872896973, "Shape_Area": 33.02767937089189, "Bldg_ID": "BF_161", "Gov_Name": "Al Batinah South", "Wil_Name": "Barka", "Bldg_Type": "Pool", "Latitude": 23.63306629, "Longitude": 57.88428955}}, {"type": "Feature", "id": 152, "geometry": {"type": "Polygon", "coordinates": [[[57.884211350692894, 23.63307035198889], [57.88420432124019, 23.633043572487725], [57.88424949839246, 23.633031933764254], [57.884255802688855, 23.63306006948475], [57.884211350692894, 23.63307035198889]]]}, "properties": {"OBJECTID": 152, "Shape_Length": 15.691734110213423, "Shape_Area": 14.72291067239887, "Bldg_ID": "BF_162", "Gov_Name": "Al Batinah South", "Wil_Name": "Barka", "Bldg_Type": null, "Latitude": 23.63305139, "Longitude": 57.88423038}}, {"type": "Feature", "id": 153, "geometry": {"type": "Polygon", "coordinates": [[[57.88425974839514, 23.633286745242174], [57.88426395054336, 23.633286369040345], [57.8842899495811, 23.633372848379636], [57.884243364474564, 23.633379804834586], [57.884241885453825, 23.633358684748966], [57.88421306968098, 23.633365011530056], [57.88419682492402, 23.63327953241509], [57.88422641379594, 23.633274610219775], [57.88422957540691, 23.63329008656378], [57.88425974839514, 23.633286745242174]]]}, "properties": {"OBJECTID": 153, "Shape_Length": 38.064141841363934, "Shape_Area": 69.71439338970492, "Bldg_ID": "BF_163", "Gov_Name": "Al Batinah South", "Wil_Name": "Barka", "Bldg_Type": null, "Latitude": 23.63332807, "Longitude": 57.8842417}}, {"type": "Feature", "id": 154, "geometry": {"type": "Polygon", "coordinates": [[[57.886210810619616, 23.6358963151368], [57.88618902688587, 23.635809778687648], [57.886332730873946, 23.635775737970118], [57.88636225984771, 23.63585941035393], [57.886210810619616, 23.6358963151368]]]}, "properties": {"OBJECTID": 154, "Shape_Length": 50.69245083136756, "Shape_Area": 152.1253230128652, "Bldg_ID": "BF_164", "Gov_Name": "Al Batinah South", "Wil_Name": "Barka", "Bldg_Type": null, "Latitude": 23.63583573, "Longitude": 57.88627369}}, {"type": "Feature", "id": 155, "geometry": {"type": "Polygon", "coordinates": [[[57.88667254844983, 23.635735744048393], [57.886595047338645, 23.635750888413714], [57.88658644781688, 23.63572107063067], [57.88666790619278, 23.635703098316675], [57.88667254844983, 23.635735744048393]]]}, "properties": {"OBJECTID": 155, "Shape_Length": 23.686968491128127, "Shape_Area": 29.273308760895134, "Bldg_ID": "BF_165", "Gov_Name": "Al Batinah South", "Wil_Name": "Barka", "Bldg_Type": null, "Latitude": 23.63572747, "Longitude": 57.88663086}}, {"type": "Feature", "id": 156, "geometry": {"type": "Polygon", "coordinates": [[[57.88683473979497, 23.6356974840241], [57.88675007065201, 23.63571965839232], [57.886737382198184, 23.63568724562504], [57.88682614765102, 23.635666731403738], [57.88683473979497, 23.6356974840241]]]}, "properties": {"OBJECTID": 156, "Shape_Length": 25.644945497703397, "Shape_Area": 33.49675881601089, "Bldg_ID": "BF_166", "Gov_Name": "Al Batinah South", "Wil_Name": "Barka", "Bldg_Type": null, "Latitude": 23.63569282, "Longitude": 57.88678649}}, {"type": "Feature", "id": 157, "geometry": {"type": "Polygon", "coordinates": [[[57.886743213212384, 23.635863921988978], [57.88669137905149, 23.63583383655718], [57.88670999033307, 23.635805041897346], [57.88676268154426, 23.635834724113224], [57.886743213212384, 23.635863921988978]]]}, "properties": {"OBJECTID": 157, "Shape_Length": 20.053692508657416, "Shape_Area": 23.541358347064286, "Bldg_ID": "BF_167", "Gov_Name": "Al Batinah South", "Wil_Name": "Barka", "Bldg_Type": null, "Latitude": 23.63583442, "Longitude": 57.88672693}}, {"type": "Feature", "id": 158, "geometry": {"type": "Polygon", "coordinates": [[[57.886983896159194, 23.635336176739674], [57.886974216861944, 23.635289572903375], [57.88703250335298, 23.635279468795982], [57.887042126859455, 23.635327392518928], [57.886983896159194, 23.635336176739674]]]}, "properties": {"OBJECTID": 158, "Shape_Length": 22.718616723325383, "Shape_Area": 32.127962354630476, "Bldg_ID": "BF_168", "Gov_Name": "Al Batinah South", "Wil_Name": "Barka", "Bldg_Type": null, "Latitude": 23.63530811, "Longitude": 57.88700831}}, {"type": "Feature", "id": 159, "geometry": {"type": "Polygon", "coordinates": [[[57.88342349852696, 23.631484257724843], [57.88338569385422, 23.631491509830692], [57.88337918667423, 23.63146202493634], [57.883416823616194, 23.631454467603103], [57.88342349852696, 23.631484257724843]]]}, "properties": {"OBJECTID": 159, "Shape_Length": 14.567804403977803, "Shape_Area": 13.177795719776402, "Bldg_ID": "BF_169", "Gov_Name": "Al Batinah South", "Wil_Name": "Barka", "Bldg_Type": null, "Latitude": 23.63147306, "Longitude": 57.88340134}}, {"type": "Feature", "id": 160, "geometry": {"type": "Polygon", "coordinates": [[[57.882484378197375, 23.63211084925939], [57.88247643093061, 23.632080611121253], [57.88251207292992, 23.63207170694064], [57.88251813915079, 23.6321029989727], [57.882484378197375, 23.63211084925939]]]}, "properties": {"OBJECTID": 160, "Shape_Length": 14.283146943953934, "Shape_Area": 12.720708980387467, "Bldg_ID": "BF_170", "Gov_Name": "Al Batinah South", "Wil_Name": "Barka", "Bldg_Type": null, "Latitude": 23.63209138, "Longitude": 57.88249777}}, {"type": "Feature", "id": 161, "geometry": {"type": "Polygon", "coordinates": [[[57.8832613972065, 23.63104295303781], [57.88326051237635, 23.631037166765815], [57.883246626917106, 23.6310399183893], [57.88324413333146, 23.631028571250493], [57.883275635716096, 23.631020929659034], [57.88327889977459, 23.63103884408395], [57.8832613972065, 23.63104295303781]]]}, "properties": {"OBJECTID": 161, "Shape_Length": 10.554415846015255, "Shape_Area": 5.586213169845499, "Bldg_ID": "BF_171", "Gov_Name": "Al Batinah South", "Wil_Name": "Barka", "Bldg_Type": null, "Latitude": 23.6310322, "Longitude": 57.88326301}}, {"type": "Feature", "id": 162, "geometry": {"type": "Polygon", "coordinates": [[[57.88129916356397, 23.63098467591366], [57.88128885216896, 23.63093364684662], [57.88131689565874, 23.630928286007634], [57.88132670436701, 23.63097993210376], [57.88129916356397, 23.63098467591366]]]}, "properties": {"OBJECTID": 162, "Shape_Length": 17.33183303797332, "Shape_Area": 16.688736218555025, "Bldg_ID": "BF_172", "Gov_Name": "Al Batinah South", "Wil_Name": "Barka", "Bldg_Type": null, "Latitude": 23.63095654, "Longitude": 57.88130791}}, {"type": "Feature", "id": 163, "geometry": {"type": "Polygon", "coordinates": [[[57.88150942076741, 23.631731022022667], [57.88147787352763, 23.63173947368552], [57.881458237447845, 23.63168629743051], [57.88149190143532, 23.631678319664697], [57.88150942076741, 23.631731022022667]]]}, "properties": {"OBJECTID": 163, "Shape_Length": 19.218965867353017, "Shape_Area": 21.219048897749563, "Bldg_ID": "BF_173", "Gov_Name": "Al Batinah South", "Wil_Name": "Barka", "Bldg_Type": null, "Latitude": 23.63170855, "Longitude": 57.88148423}}, {"type": "Feature", "id": 164, "geometry": {"type": "Polygon", "coordinates": [[[57.88910631786997, 23.629101525941202], [57.889101204529965, 23.629082350548163], [57.88912150418832, 23.62907704353172], [57.88912762003684, 23.629096312530308], [57.88910631786997, 23.629101525941202]]]}, "properties": {"OBJECTID": 164, "Shape_Length": 8.809991049143155, "Shape_Area": 4.8496083014822196, "Bldg_ID": "BF_174", "Gov_Name": "Al Batinah South", "Wil_Name": "Barka", "Bldg_Type": null, "Latitude": 23.62908937, "Longitude": 57.88911421}}, {"type": "Feature", "id": 165, "geometry": {"type": "Polygon", "coordinates": [[[57.88836424021698, 23.63372183484017], [57.888317896703235, 23.63362247304138], [57.888389581232836, 23.63359545430604], [57.88843593313886, 23.633696053415168], [57.88836424021698, 23.63372183484017]]]}, "properties": {"OBJECTID": 165, "Shape_Length": 39.82552495849236, "Shape_Area": 94.77053394016387, "Bldg_ID": "BF_175", "Gov_Name": "Al Batinah South", "Wil_Name": "Barka", "Bldg_Type": null, "Latitude": 23.63365887, "Longitude": 57.88837695}}, {"type": "Feature", "id": 166, "geometry": {"type": "Polygon", "coordinates": [[[57.88862478473857, 23.63351428066676], [57.88866232708569, 23.633503855848463], [57.88868907831942, 23.633586312644876], [57.88865016996787, 23.633593342047604], [57.88862478473857, 23.63351428066676]]]}, "properties": {"OBJECTID": 166, "Shape_Length": 26.70163375181755, "Shape_Area": 37.43527860492173, "Bldg_ID": "BF_176", "Gov_Name": "Al Batinah South", "Wil_Name": "Barka", "Bldg_Type": null, "Latitude": 23.63354946, "Longitude": 57.88865674}}, {"type": "Feature", "id": 167, "geometry": {"type": "Polygon", "coordinates": [[[57.88803619611175, 23.6334440389925], [57.8880463762688, 23.6334875446419], [57.888008165381905, 23.633494495828582], [57.88799990299272, 23.63344840508464], [57.88803619611175, 23.6334440389925]]]}, "properties": {"OBJECTID": 167, "Shape_Length": 17.80654362972253, "Shape_Area": 19.437428463331553, "Bldg_ID": "BF_177", "Gov_Name": "Al Batinah South", "Wil_Name": "Barka", "Bldg_Type": null, "Latitude": 23.63346888, "Longitude": 57.88802256}}, {"type": "Feature", "id": 168, "geometry": {"type": "Polygon", "coordinates": [[[57.88749095999458, 23.633346653423356], [57.88748756154175, 23.63331194943096], [57.88752097233851, 23.63330960324309], [57.88752381902452, 23.633344184847026], [57.88749095999458, 23.633346653423356]]]}, "properties": {"OBJECTID": 168, "Shape_Length": 14.478924670872633, "Shape_Area": 13.049422664072837, "Bldg_ID": "BF_178", "Gov_Name": "Al Batinah South", "Wil_Name": "Barka", "Bldg_Type": null, "Latitude": 23.63332805, "Longitude": 57.88750581}}, {"type": "Feature", "id": 169, "geometry": {"type": "Polygon", "coordinates": [[[57.88814423645568, 23.633249007150365], [57.88811498877585, 23.633256524829275], [57.88810306936626, 23.63322288302706], [57.88813396115081, 23.633214215198638], [57.88814423645568, 23.633249007150365]]]}, "properties": {"OBJECTID": 169, "Shape_Length": 14.30196817801529, "Shape_Area": 12.634903762356464, "Bldg_ID": "BF_179", "Gov_Name": "Al Batinah South", "Wil_Name": "Barka", "Bldg_Type": null, "Latitude": 23.63323547, "Longitude": 57.88812405}}, {"type": "Feature", "id": 170, "geometry": {"type": "Polygon", "coordinates": [[[57.88884078397882, 23.633224990861624], [57.8889078866929, 23.633215633078162], [57.88892040812883, 23.633279607960652], [57.88885499507619, 23.633290502342323], [57.88884078397882, 23.633224990861624]]]}, "properties": {"OBJECTID": 170, "Shape_Length": 28.29813335031846, "Shape_Area": 49.97821138737511, "Bldg_ID": "BF_180", "Gov_Name": "Al Batinah South", "Wil_Name": "Barka", "Bldg_Type": null, "Latitude": 23.6332526, "Longitude": 57.88888085}}, {"type": "Feature", "id": 171, "geometry": {"type": "Polygon", "coordinates": [[[57.88225590264228, 23.643349698785205], [57.88224553693462, 23.64330644131344], [57.882280053881544, 23.643295106699007], [57.88229312133256, 23.643340514663702], [57.88225590264228, 23.643349698785205]]]}, "properties": {"OBJECTID": 171, "Shape_Length": 17.77384059759658, "Shape_Area": 19.315335286062666, "Bldg_ID": "BF_181", "Gov_Name": "Al Batinah South", "Wil_Name": "Barka", "Bldg_Type": null, "Latitude": 23.64332309, "Longitude": 57.88226889}}, {"type": "Feature", "id": 172, "geometry": {"type": "Polygon", "coordinates": [[[57.89177588719047, 23.644440355419714], [57.891770192999076, 23.64440853967907], [57.89180075534187, 23.644402272759834], [57.89180646015326, 23.64443565457954], [57.89177588719047, 23.644440355419714]]]}, "properties": {"OBJECTID": 172, "Shape_Length": 13.666932963182804, "Shape_Area": 11.606435397336194, "Bldg_ID": "BF_182", "Gov_Name": "Al Batinah South", "Wil_Name": "Barka", "Bldg_Type": null, "Latitude": 23.64442166, "Longitude": 57.89178844}}, {"type": "Feature", "id": 173, "geometry": {"type": "Polygon", "coordinates": [[[57.89191289499092, 23.644171706663823], [57.891921626106274, 23.644234993044364], [57.89184489473915, 23.6442442775699], [57.891837702687184, 23.644178353129632], [57.89191289499092, 23.644171706663823]]]}, "properties": {"OBJECTID": 173, "Shape_Length": 29.99791183301272, "Shape_Area": 56.13889114446795, "Bldg_ID": "BF_183", "Gov_Name": "Al Batinah South", "Wil_Name": "Barka", "Bldg_Type": null, "Latitude": 23.64420749, "Longitude": 57.89187906}}, {"type": "Feature", "id": 174, "geometry": {"type": "Polygon", "coordinates": [[[57.89181956869403, 23.64417775022209], [57.891825270904384, 23.644210604590814], [57.891785130413986, 23.644216801054558], [57.891779419920326, 23.64418272290154], [57.89181956869403, 23.64417775022209]]]}, "properties": {"OBJECTID": 174, "Shape_Length": 15.785043901768654, "Shape_Area": 15.532419548902187, "Bldg_ID": "BF_184", "Gov_Name": "Al Batinah South", "Wil_Name": "Barka", "Bldg_Type": null, "Latitude": 23.644197, "Longitude": 57.89180223}}, {"type": "Feature", "id": 175, "geometry": {"type": "Polygon", "coordinates": [[[57.89158517139992, 23.643971145423386], [57.89157822004117, 23.643921189889994], [57.89163312002242, 23.643913311764532], [57.89163801804197, 23.643963068657246], [57.89158517139992, 23.643971145423386]]]}, "properties": {"OBJECTID": 175, "Shape_Length": 22.239332004741634, "Shape_Area": 30.86688484423472, "Bldg_ID": "BF_185", "Gov_Name": "Al Batinah South", "Wil_Name": "Barka", "Bldg_Type": null, "Latitude": 23.64394203, "Longitude": 57.89160857}}, {"type": "Feature", "id": 176, "geometry": {"type": "Polygon", "coordinates": [[[57.89145301733754, 23.64419480672266], [57.891414170611306, 23.64419964537517], [57.891405576374616, 23.644143937792315], [57.89144301890612, 23.64413892205968], [57.89145301733754, 23.64419480672266]]]}, "properties": {"OBJECTID": 176, "Shape_Length": 20.358630953848348, "Shape_Area": 24.55320794230403, "Bldg_ID": "BF_186", "Gov_Name": "Al Batinah South", "Wil_Name": "Barka", "Bldg_Type": null, "Latitude": 23.64416949, "Longitude": 57.89142899}}, {"type": "Feature", "id": 177, "geometry": {"type": "Polygon", "coordinates": [[[57.89167234192008, 23.64414386179126], [57.89167451422279, 23.644161469746365], [57.891638007734905, 23.644164855303273], [57.89163821473754, 23.644146931998904], [57.89167234192008, 23.64414386179126]]]}, "properties": {"OBJECTID": 177, "Shape_Length": 11.186646276205225, "Shape_Area": 7.121570275333215, "Bldg_ID": "BF_187", "Gov_Name": "Al Batinah South", "Wil_Name": "Barka", "Bldg_Type": null, "Latitude": 23.64415438, "Longitude": 57.89165576}}, {"type": "Feature", "id": 178, "geometry": {"type": "Polygon", "coordinates": [[[57.892232350218144, 23.64158492509175], [57.89236587896169, 23.64156067458964], [57.892348733762304, 23.641500812776822], [57.89238908883202, 23.641494434311912], [57.892404116630075, 23.641595251983706], [57.892374519609824, 23.641600640965358], [57.89237159721995, 23.641581146942773], [57.892369404234586, 23.641581894763494], [57.89223461587681, 23.64160747931115], [57.892232350218144, 23.64158492509175]]]}, "properties": {"OBJECTID": 178, "Shape_Length": 58.220648953039515, "Shape_Area": 73.99830249098527, "Bldg_ID": "BF_188", "Gov_Name": "Al Batinah South", "Wil_Name": "Barka", "Bldg_Type": null, "Latitude": 23.64156284, "Longitude": 57.8923427}}, {"type": "Feature", "id": 179, "geometry": {"type": "Polygon", "coordinates": [[[57.89117858330326, 23.642095886312653], [57.89115056318704, 23.64196684784056], [57.89121677407838, 23.6419554664131], [57.89124488766731, 23.6420839660298], [57.89117858330326, 23.642095886312653]]]}, "properties": {"OBJECTID": 179, "Shape_Length": 42.844625322181045, "Shape_Area": 100.04875216034918, "Bldg_ID": "BF_189", "Gov_Name": "Al Batinah South", "Wil_Name": "Barka", "Bldg_Type": null, "Latitude": 23.64202558, "Longitude": 57.89119769}}, {"type": "Feature", "id": 180, "geometry": {"type": "Polygon", "coordinates": [[[57.89082325981892, 23.642108672286582], [57.8908061902569, 23.64202991047754], [57.89089027576338, 23.64201705726373], [57.89090395067916, 23.642094291389718], [57.89082325981892, 23.642108672286582]]]}, "properties": {"OBJECTID": 180, "Shape_Length": 34.63419759051329, "Shape_Area": 74.93754161978038, "Bldg_ID": "BF_190", "Gov_Name": "Al Batinah South", "Wil_Name": "Barka", "Bldg_Type": null, "Latitude": 23.64206228, "Longitude": 57.89085569}}, {"type": "Feature", "id": 181, "geometry": {"type": "Polygon", "coordinates": [[[57.89090395067916, 23.642094291389718], [57.89089167612815, 23.642096478998194], [57.890873349839985, 23.642014558714568], [57.891010651558325, 23.64199011427574], [57.8910226085685, 23.642044856935122], [57.890954744414515, 23.64205765134636], [57.890960256235644, 23.642085601598776], [57.89090395067916, 23.642094291389718]]]}, "properties": {"OBJECTID": 181, "Shape_Length": 47.016901464628134, "Shape_Area": 110.74894519995358, "Bldg_ID": "BF_191", "Gov_Name": "Al Batinah South", "Wil_Name": "Barka", "Bldg_Type": "Pool", "Latitude": 23.64203929, "Longitude": 57.89094312}}, {"type": "Feature", "id": 182, "geometry": {"type": "Polygon", "coordinates": [[[57.890164308920355, 23.641953723078792], [57.89015397449865, 23.641907337337116], [57.8902430999718, 23.64188980498677], [57.89025218932477, 23.641937352154365], [57.890164308920355, 23.641953723078792]]]}, "properties": {"OBJECTID": 182, "Shape_Length": 29.029461774842407, "Shape_Area": 48.80282009308118, "Bldg_ID": "BF_192", "Gov_Name": "Al Batinah South", "Wil_Name": "Barka", "Bldg_Type": null, "Latitude": 23.64192196, "Longitude": 57.89020352}}, {"type": "Feature", "id": 183, "geometry": {"type": "Polygon", "coordinates": [[[57.900402854046575, 23.63573043044386], [57.9002727169905, 23.635732164907225], [57.9002732200247, 23.63570866987787], [57.90010152484925, 23.63571199116529], [57.900102836106434, 23.635670628048274], [57.90039775127086, 23.635667068402082], [57.900402854046575, 23.63573043044386]]]}, "properties": {"OBJECTID": 183, "Shape_Length": 75.0979394199503, "Shape_Area": 169.87847715207477, "Bldg_ID": "BF_193", "Gov_Name": "Al Batinah South", "Wil_Name": "Barka", "Bldg_Type": null, "Latitude": 23.63569525, "Longitude": 57.9002675}}, {"type": "Feature", "id": 184, "geometry": {"type": "Polygon", "coordinates": [[[57.87763764162385, 23.645286738345657], [57.87759232984756, 23.64516321242086], [57.87801016573969, 23.645043110665494], [57.878011726042565, 23.64504611580207], [57.878048995407006, 23.645035443022465], [57.878050202569206, 23.645043415940656], [57.87822023213432, 23.64499652812866], [57.87824439789195, 23.645070154529623], [57.87807725765637, 23.645117203034854], [57.87808672067527, 23.64515083873015], [57.87805239871173, 23.645163313869904], [57.87763764162385, 23.645286738345657]]]}, "properties": {"OBJECTID": 184, "Shape_Length": 160.83537752568824, "Shape_Area": 839.7908229005079, "Bldg_ID": "BF_194", "Gov_Name": "Al Batinah South", "Wil_Name": "Barka", "Bldg_Type": null, "Latitude": 23.64514053, "Longitude": 57.87789605}}, {"type": "Feature", "id": 185, "geometry": {"type": "Polygon", "coordinates": [[[57.87743433458741, 23.645078204282765], [57.877330459225206, 23.644772474220428], [57.87740247167586, 23.644751029472086], [57.877402802612316, 23.6447477273137], [57.8774499321674, 23.644735448997505], [57.87747252985713, 23.64480482853664], [57.877501344789714, 23.64479633166582], [57.87749643727129, 23.644781996781898], [57.87752447096955, 23.644771908376914], [57.877529576354995, 23.64478695115062], [57.87758759406043, 23.64477048717144], [57.87758876669646, 23.644773140453058], [57.87762084962393, 23.6447640930811], [57.87767228444295, 23.64491487447756], [57.87758006843603, 23.64494075188659], [57.877570621133245, 23.644909598055285], [57.87755044782896, 23.64491503206146], [57.87754688735611, 23.644900689556117], [57.877514607499876, 23.644909028114323], [57.8775603526613, 23.645037583333167], [57.87743433458741, 23.645078204282765]]]}, "properties": {"OBJECTID": 185, "Shape_Length": 142.77094792856624, "Shape_Area": 719.5872766849624, "Bldg_ID": "BF_195", "Gov_Name": "Al Batinah South", "Wil_Name": "Barka", "Bldg_Type": null, "Latitude": 23.64488757, "Longitude": 57.87749024}}, {"type": "Feature", "id": 186, "geometry": {"type": "Polygon", "coordinates": [[[57.87802394523509, 23.644886995257085], [57.87798503208342, 23.644766641373778], [57.87787091770921, 23.644799171258065], [57.877849120190675, 23.644734253566174], [57.877914618840826, 23.64471402322879], [57.877909891403235, 23.644697736431542], [57.87794004505603, 23.644687990906842], [57.87794285745454, 23.644705706566707], [57.87803238147506, 23.644680198243627], [57.87806476030639, 23.644773105706594], [57.87815042844167, 23.644746732209168], [57.87818553579589, 23.64484476609737], [57.878098333325255, 23.644872034341223], [57.878096370961735, 23.644866371564294], [57.87802394523509, 23.644886995257085]]]}, "properties": {"OBJECTID": 186, "Shape_Length": 106.55437923924376, "Shape_Area": 369.68834135519467, "Bldg_ID": "BF_196", "Gov_Name": "Al Batinah South", "Wil_Name": "Barka", "Bldg_Type": null, "Latitude": 23.64478133, "Longitude": 57.87802688}}, {"type": "Feature", "id": 187, "geometry": {"type": "Polygon", "coordinates": [[[57.878251597524375, 23.64506021741204], [57.87818878097821, 23.64488575109874], [57.878287849070986, 23.644859147186665], [57.878348250606926, 23.645032241631924], [57.878251597524375, 23.64506021741204]]]}, "properties": {"OBJECTID": 187, "Shape_Length": 61.341583204246284, "Shape_Area": 211.04279257119947, "Bldg_ID": "BF_197", "Gov_Name": "Al Batinah South", "Wil_Name": "Barka", "Bldg_Type": null, "Latitude": 23.6449591, "Longitude": 57.87826894}}, {"type": "Feature", "id": 188, "geometry": {"type": "Polygon", "coordinates": [[[57.87828208973861, 23.645051392067337], [57.87833905333654, 23.64503490397197], [57.87834884913839, 23.645065214900022], [57.87829141233038, 23.64507881725266], [57.87828208973861, 23.645051392067337]]]}, "properties": {"OBJECTID": 188, "Shape_Length": 18.822679653000872, "Shape_Area": 20.272222749586494, "Bldg_ID": "BF_198", "Gov_Name": "Al Batinah South", "Wil_Name": "Barka", "Bldg_Type": null, "Latitude": 23.64505744, "Longitude": 57.8783158}}, {"type": "Feature", "id": 189, "geometry": {"type": "Polygon", "coordinates": [[[57.877999236454485, 23.644810572880484], [57.877915036517514, 23.644834240130923], [57.87790286546371, 23.644798668846438], [57.877987627891166, 23.644774669654016], [57.877999236454485, 23.644810572880484]]]}, "properties": {"OBJECTID": 189, "Shape_Length": 26.30114671485114, "Shape_Area": 37.29590332006565, "Bldg_ID": "BF_199", "Gov_Name": "Al Batinah South", "Wil_Name": "Barka", "Bldg_Type": null, "Latitude": 23.64480451, "Longitude": 57.87795122}}, {"type": "Feature", "id": 190, "geometry": {"type": "Polygon", "coordinates": [[[57.87817904341838, 23.644535210989385], [57.87810930962814, 23.644555465419153], [57.87809693810855, 23.644518653387276], [57.87816705383064, 23.644498042746804], [57.87817904341838, 23.644535210989385]]]}, "properties": {"OBJECTID": 190, "Shape_Length": 23.524675874509416, "Shape_Area": 32.02098907770935, "Bldg_ID": "BF_200", "Gov_Name": "Al Batinah South", "Wil_Name": "Barka", "Bldg_Type": null, "Latitude": 23.64452681, "Longitude": 57.87813811}}, {"type": "Feature", "id": 191, "geometry": {"type": "Polygon", "coordinates": [[[57.87810600625324, 23.64442464776634], [57.87800783213599, 23.644449860988995], [57.87799120757644, 23.644392328376536], [57.87809120502785, 23.644369874948406], [57.87810600625324, 23.64442464776634]]]}, "properties": {"OBJECTID": 191, "Shape_Length": 33.73504114671678, "Shape_Area": 67.06427551340914, "Bldg_ID": "BF_201", "Gov_Name": "Al Batinah South", "Wil_Name": "Barka", "Bldg_Type": null, "Latitude": 23.64440924, "Longitude": 57.87804861}}, {"type": "Feature", "id": 192, "geometry": {"type": "Polygon", "coordinates": [[[57.87820907747151, 23.644680616535503], [57.87810111613019, 23.644712080286002], [57.878060385366666, 23.644590567070903], [57.878168333330585, 23.64455931567775], [57.87820907747151, 23.644680616535503]]]}, "properties": {"OBJECTID": 192, "Shape_Length": 51.230663413072314, "Shape_Area": 162.44085267113678, "Bldg_ID": "BF_202", "Gov_Name": "Al Batinah South", "Wil_Name": "Barka", "Bldg_Type": null, "Latitude": 23.64463566, "Longitude": 57.87813472}}, {"type": "Feature", "id": 193, "geometry": {"type": "Polygon", "coordinates": [[[57.877643801358275, 23.64474233068055], [57.8775663614357, 23.644527089782873], [57.87766864435924, 23.644496098402445], [57.87774426053284, 23.644711440792793], [57.877643801358275, 23.64474233068055]]]}, "properties": {"OBJECTID": 193, "Shape_Length": 71.95033785352865, "Shape_Area": 273.20828567155576, "Bldg_ID": "BF_203", "Gov_Name": "Al Batinah South", "Wil_Name": "Barka", "Bldg_Type": null, "Latitude": 23.64461895, "Longitude": 57.87765565}}, {"type": "Feature", "id": 194, "geometry": {"type": "Polygon", "coordinates": [[[57.877540256704584, 23.644528713343785], [57.87726352495235, 23.644581781353303], [57.87725296661961, 23.644535432056557], [57.87752985029194, 23.644482812097525], [57.877540256704584, 23.644528713343785]]]}, "properties": {"OBJECTID": 194, "Shape_Length": 68.103138587449, "Shape_Area": 150.44611725974195, "Bldg_ID": "BF_204", "Gov_Name": "Al Batinah South", "Wil_Name": "Barka", "Bldg_Type": null, "Latitude": 23.64453223, "Longitude": 57.87739642}}, {"type": "Feature", "id": 195, "geometry": {"type": "Polygon", "coordinates": [[[57.87729329895047, 23.645131581063684], [57.87718010710384, 23.644793673883743], [57.87722865518245, 23.644779454765487], [57.87734312542782, 23.645116892237194], [57.87729329895047, 23.645131581063684]]]}, "properties": {"OBJECTID": 195, "Shape_Length": 88.82897870478857, "Shape_Area": 206.1520779188706, "Bldg_ID": "BF_205", "Gov_Name": "Al Batinah South", "Wil_Name": "Barka", "Bldg_Type": null, "Latitude": 23.64495615, "Longitude": 57.87726155}}, {"type": "Feature", "id": 196, "geometry": {"type": "Polygon", "coordinates": [[[57.882393698583144, 23.643527309778772], [57.88235616922641, 23.643536665494153], [57.88234197476059, 23.643482997886892], [57.8824155500684, 23.643467064099177], [57.88240869944316, 23.64343219450259], [57.88233210619334, 23.643446483575413], [57.88231944076936, 23.643396408312988], [57.88266232842893, 23.643313280279482], [57.88267651557101, 23.643365839674363], [57.882590362178256, 23.643389602736388], [57.88260673680392, 23.643454617423906], [57.88242625745766, 23.64349415508878], [57.88238812616066, 23.643503514237036], [57.882393698583144, 23.643527309778772]]]}, "properties": {"OBJECTID": 196, "Shape_Length": 119.7450912001153, "Shape_Area": 397.8296866181664, "Bldg_ID": "BF_206", "Gov_Name": "Al Batinah South", "Wil_Name": "Barka", "Bldg_Type": null, "Latitude": 23.64341363, "Longitude": 57.88249122}}, {"type": "Feature", "id": 197, "geometry": {"type": "Polygon", "coordinates": [[[57.88562205736719, 23.63769066733195], [57.8855743618289, 23.637476519670052], [57.88574523184622, 23.63744713567544], [57.885787805959524, 23.63766401760509], [57.88562205736719, 23.63769066733195]]]}, "properties": {"OBJECTID": 197, "Shape_Length": 83.50015850391506, "Shape_Area": 423.9464564677615, "Bldg_ID": "BF_208", "Gov_Name": "Al Batinah South", "Wil_Name": "Barka", "Bldg_Type": null, "Latitude": 23.63756898, "Longitude": 57.88568236}}, {"type": "Feature", "id": 198, "geometry": {"type": "Polygon", "coordinates": [[[57.90160223233027, 23.636113219997952], [57.90160080403527, 23.63604180092795], [57.901857832614304, 23.636042470701767], [57.90185515748839, 23.63613209584354], [57.90160223233027, 23.636113219997952]]]}, "properties": {"OBJECTID": 198, "Shape_Length": 69.9387580904877, "Shape_Area": 231.95105207145934, "Bldg_ID": "BF_209", "Gov_Name": "Al Batinah South", "Wil_Name": "Barka", "Bldg_Type": null, "Latitude": 23.63608248, "Longitude": 57.90173385}}, {"type": "Feature", "id": 199, "geometry": {"type": "Polygon", "coordinates": [[[57.892890570603164, 23.642888666110064], [57.89288255057568, 23.642849029481255], [57.892970404000835, 23.642833274952615], [57.89297779970506, 23.64287365940477], [57.892890570603164, 23.642888666110064]]]}, "properties": {"OBJECTID": 199, "Shape_Length": 27.17919556306118, "Shape_Area": 40.89510691186715, "Bldg_ID": "BF_210", "Gov_Name": "Al Batinah South", "Wil_Name": "Barka", "Bldg_Type": null, "Latitude": 23.64286111, "Longitude": 57.89293044}}, {"type": "Feature", "id": 200, "geometry": {"type": "Polygon", "coordinates": [[[57.89265874076273, 23.642853204605967], [57.892636606109946, 23.642729043250306], [57.89283754904636, 23.642694573866766], [57.89285066411911, 23.642760784794515], [57.892910613202254, 23.642749956223007], [57.892921482979425, 23.642809923635003], [57.89265874076273, 23.642853204605967]]]}, "properties": {"OBJECTID": 200, "Shape_Length": 82.41943677741057, "Shape_Area": 334.9676385401278, "Bldg_ID": "BF_211", "Gov_Name": "Al Batinah South", "Wil_Name": "Barka", "Bldg_Type": null, "Latitude": 23.64277554, "Longitude": 57.89276593}}, {"type": "Feature", "id": 201, "geometry": {"type": "Polygon", "coordinates": [[[57.892615912448946, 23.64259241310469], [57.892603721320015, 23.6425116409304], [57.89265278807312, 23.64250605583031], [57.892664726799744, 23.642586180958446], [57.892615912448946, 23.64259241310469]]]}, "properties": {"OBJECTID": 201, "Shape_Length": 28.05335957386511, "Shape_Area": 45.269888911883, "Bldg_ID": "BF_212", "Gov_Name": "Al Batinah South", "Wil_Name": "Barka", "Bldg_Type": null, "Latitude": 23.64254906, "Longitude": 57.89263425}}, {"type": "Feature", "id": 202, "geometry": {"type": "Polygon", "coordinates": [[[57.89301619865937, 23.64264771883092], [57.892979343271, 23.64265351100952], [57.89296908640392, 23.64260267138033], [57.89300758566574, 23.64259568564838], [57.89301619865937, 23.64264771883092]]]}, "properties": {"OBJECTID": 202, "Shape_Length": 19.36905342229821, "Shape_Area": 22.567414690913452, "Bldg_ID": "BF_213", "Gov_Name": "Al Batinah South", "Wil_Name": "Barka", "Bldg_Type": null, "Latitude": 23.64262468, "Longitude": 57.89299307}}, {"type": "Feature", "id": 203, "geometry": {"type": "Polygon", "coordinates": [[[57.893076872894405, 23.642855298613537], [57.89306889326736, 23.642820467667182], [57.89310984772435, 23.64281177698654], [57.89311670184716, 23.64284978553288], [57.893076872894405, 23.642855298613537]]]}, "properties": {"OBJECTID": 203, "Shape_Length": 16.602352462340228, "Shape_Area": 17.20821405634653, "Bldg_ID": "BF_214", "Gov_Name": "Al Batinah South", "Wil_Name": "Barka", "Bldg_Type": null, "Latitude": 23.64283416, "Longitude": 57.89309332}}, {"type": "Feature", "id": 204, "geometry": {"type": "Polygon", "coordinates": [[[57.89304151935682, 23.64286266817038], [57.89303826114789, 23.642842394836222], [57.89305604844678, 23.642839756226497], [57.89306022657735, 23.642860362057547], [57.89304151935682, 23.64286266817038]]]}, "properties": {"OBJECTID": 204, "Shape_Length": 8.35290679404406, "Shape_Area": 4.3159063699832005, "Bldg_ID": "BF_215", "Gov_Name": "Al Batinah South", "Wil_Name": "Barka", "Bldg_Type": null, "Latitude": 23.64285137, "Longitude": 57.89304906}}, {"type": "Feature", "id": 205, "geometry": {"type": "Polygon", "coordinates": [[[57.893135837493126, 23.643514186167202], [57.89312414557597, 23.643481754723414], [57.89310924645051, 23.643483954012964], [57.893102494493434, 23.643461005668723], [57.893176410215325, 23.643449218641585], [57.89319398096263, 23.643502489972892], [57.893135837493126, 23.643514186167202]]]}, "properties": {"OBJECTID": 205, "Shape_Length": 27.841646334391406, "Shape_Area": 42.48566083984456, "Bldg_ID": "BF_216", "Gov_Name": "Al Batinah South", "Wil_Name": "Barka", "Bldg_Type": "Pool", "Latitude": 23.64348025, "Longitude": 57.89315145}}, {"type": "Feature", "id": 206, "geometry": {"type": "Polygon", "coordinates": [[[57.89311761928399, 23.643407546018857], [57.89311019242257, 23.643369805410934], [57.89315832826102, 23.64336265846131], [57.89316518781386, 23.6434014599763], [57.89311761928399, 23.643407546018857]]]}, "properties": {"OBJECTID": 206, "Shape_Length": 18.47122658700345, "Shape_Area": 21.21604329144161, "Bldg_ID": "BF_217", "Gov_Name": "Al Batinah South", "Wil_Name": "Barka", "Bldg_Type": null, "Latitude": 23.6433853, "Longitude": 57.89313792}}, {"type": "Feature", "id": 207, "geometry": {"type": "Polygon", "coordinates": [[[57.89339206122485, 23.64328779643307], [57.893429209727536, 23.643277644545428], [57.8934384275817, 23.643303931329434], [57.89340031890811, 23.643314466287023], [57.89339206122485, 23.64328779643307]]]}, "properties": {"OBJECTID": 207, "Shape_Length": 14.139910426761585, "Shape_Area": 12.272816921039613, "Bldg_ID": "BF_218", "Gov_Name": "Al Batinah South", "Wil_Name": "Barka", "Bldg_Type": null, "Latitude": 23.64329602, "Longitude": 57.89341501}}]}