{"type":"FeatureCollection","features":[{"type":"Feature","id":1,"geometry":{"type":"Polygon","coordinates":[[[57.888736710990827,23.644824350012417],[57.88848467298336,23.644870770830515],[57.888426430964458,23.644602416297232],[57.888681578906585,23.644547216757402],[57.888736710990827,23.644824350012417]]]},"properties":{"OBJECTID":1,"Field_ID":"FL_001","Governorat":"North Al Batinah","Wilayat":"Barka","Plant_Type_EN":"Sidr","Plant_Ty_AR":"السدر","Tree_Count":22,"Survey_Date":1784505600000,"Latitude":23.64471064,"Longitude":57.88858287,"Shape_Length":114.44461123211123,"Shape_Area":813.63969686665121}},{"type":"Feature","id":3,"geometry":{"type":"Polygon","coordinates":[[[57.88754173349809,23.645530254874096],[57.886997909377037,23.645623304324218],[57.886991779885868,23.645589874154428],[57.887537460031908,23.645502669526728],[57.88754173349809,23.645530254874096]]]},"properties":{"OBJECTID":3,"Field_ID":"FL_003","Governorat":"North Al Batinah","Wilayat":"Barka","Plant_Type_EN":"Sidr","Plant_Ty_AR":"السدر","Tree_Count":13,"Survey_Date":1784505600000,"Latitude":23.645562999999999,"Longitude":57.887258320000001,"Shape_Length":119.74620260596481,"Shape_Area":192.97816017356871}},{"type":"Feature","id":4,"geometry":{"type":"Polygon","coordinates":[[[57.887469861944624,23.645158650506495],[57.887392795569795,23.644780940394195],[57.887606143296338,23.644731891430684],[57.88768834048043,23.64509879601669],[57.887635915848328,23.645104574014439],[57.88763862250147,23.645142901011706],[57.887469861944624,23.645158650506495]]]},"properties":{"OBJECTID":4,"Field_ID":"FL_004","Governorat":"North Al Batinah","Wilayat":"Barka","Plant_Type_EN":"Sidr","Plant_Ty_AR":"السدر","Tree_Count":16,"Survey_Date":1784505600000,"Latitude":23.644948960000001,"Longitude":57.887540020000003,"Shape_Length":133.40012133969927,"Shape_Area":982.96397866673374}},{"type":"Feature","id":5,"geometry":{"type":"Polygon","coordinates":[[[57.883274175332396,23.63326559139912],[57.8831947673267,23.632998056431695],[57.883441857680836,23.632933517636371],[57.883526216977209,23.633209398722297],[57.883274175332396,23.63326559139912]]]},"properties":{"OBJECTID":5,"Field_ID":"FL_005","Governorat":"North Al Batinah","Wilayat":"Barka","Plant_Type_EN":"Cactus","Plant_Ty_AR":"صبار","Tree_Count":135,"Survey_Date":1784764800000,"Latitude":23.633101679999999,"Longitude":57.883360000000003,"Shape_Length":115.09414025388796,"Shape_Area":821.6802327365466}},{"type":"Feature","id":6,"geometry":{"type":"Polygon","coordinates":[[[57.887078085078002,23.628844150493361],[57.886992948970494,23.628621968173455],[57.887012254040968,23.628612936006487],[57.887106993563201,23.628835456294031],[57.887078085078002,23.628844150493361]]]},"properties":{"OBJECTID":6,"Field_ID":"FL_006","Governorat":"North Al Batinah","Wilayat":"Barka","Plant_Type_EN":"Pomegranate","Plant_Ty_AR":"رمان","Tree_Count":12,"Survey_Date":1784764800000,"Latitude":23.628734949999998,"Longitude":57.887050160000001,"Shape_Length":57.863982953770694,"Shape_Area":69.544593064934119}},{"type":"Feature","id":7,"geometry":{"type":"Polygon","coordinates":[[[57.887932598584833,23.645812727128256],[57.887561245780404,23.645891581569785],[57.887527813022885,23.64564097339245],[57.887896670468663,23.645605786615626],[57.887932598584833,23.645812727128256]]]},"properties":{"OBJECTID":7,"Field_ID":"FL_007","Governorat":"North Al Batinah","Wilayat":"Barka","Plant_Type_EN":"Papaya","Plant_Ty_AR":"بابايا","Tree_Count":138,"Survey_Date":1784505600000,"Latitude":23.6457391,"Longitude":57.887723950000002,"Shape_Length":127.85404424998492,"Shape_Area":978.5348675382138}},{"type":"Feature","id":183,"geometry":{"type":"Polygon","coordinates":[[[57.88676415218093,23.645675828195269],[57.887462737301696,23.645568339601592],[57.887473071606642,23.645627009891236],[57.887294195107401,23.645654508081314],[57.886776596600278,23.64574417867107],[57.88676415218093,23.645675828195269]]]},"properties":{"OBJECTID":183,"Field_ID":"FL_183","Governorat":"North Al Batinah","Wilayat":"Barka","Plant_Type_EN":"Orange","Plant_Ty_AR":"برتقال","Tree_Count":12,"Survey_Date":1784505600000,"Latitude":23.645679130000001,"Longitude":57.887096509999999,"Shape_Length":158.71245967473206,"Shape_Area":504.53765266864957}},{"type":"Feature","id":184,"geometry":{"type":"Polygon","coordinates":[[[57.887607018777551,23.634334981745138],[57.887581017632172,23.634068363892517],[57.887915351137494,23.634011349977861],[57.887928337676335,23.634080532828296],[57.888114472202346,23.634042812757052],[57.888164845578657,23.634254025192664],[57.887607018777551,23.634334981745138]]]},"properties":{"OBJECTID":184,"Field_ID":"FL_184","Governorat":"North Al Batinah","Wilayat":"Barka","Plant_Type_EN":"Orange","Plant_Ty_AR":"برتقال","Tree_Count":21,"Survey_Date":1784764800000,"Latitude":23.634172769999999,"Longitude":57.887851840000003,"Shape_Length":173.08403841220544,"Shape_Area":1543.3258740398999}},{"type":"Feature","id":185,"geometry":{"type":"Polygon","coordinates":[[[57.888542456523588,23.627907842818523],[57.888907309335799,23.627769062823358],[57.888971572748133,23.62796846938668],[57.889088426870543,23.628376302699873],[57.888688100578847,23.628498556412314],[57.888542456523588,23.627907842818523]]]},"properties":{"OBJECTID":185,"Field_ID":"FL_185","Governorat":"North Al Batinah","Wilayat":"Barka","Plant_Type_EN":"Mango","Plant_Ty_AR":"مانجو","Tree_Count":125,"Survey_Date":1784764800000,"Latitude":23.628140569999999,"Longitude":57.88881001,"Shape_Length":220.09216256457017,"Shape_Area":2845.5857419607401}},{"type":"Feature","id":186,"geometry":{"type":"Polygon","coordinates":[[[57.883522239725487,23.642049281919384],[57.883492224173246,23.641826047952204],[57.883731338627051,23.641806784127553],[57.883741576585805,23.642031580380539],[57.883522239725487,23.642049281919384]]]},"properties":{"OBJECTID":186,"Field_ID":"FL_186","Governorat":"North Al Batinah","Wilayat":"Barka","Plant_Type_EN":"Mango","Plant_Ty_AR":"مانجو","Tree_Count":4,"Survey_Date":1785801600000,"Latitude":23.641926810000001,"Longitude":57.883621699999999,"Shape_Length":96.757798228747532,"Shape_Area":584.12310413723674}},{"type":"Feature","id":187,"geometry":{"type":"Polygon","coordinates":[[[57.900734601866453,23.642313379938376],[57.900763717150284,23.64208722795075],[57.900696687581167,23.642083432782787],[57.900714911769875,23.641925348278622],[57.901161482085513,23.641963556562054],[57.901135444769153,23.642141564913011],[57.901127019715815,23.642237864589962],[57.901058904938459,23.642241398987295],[57.901044922347275,23.642355518463003],[57.900734601866453,23.642313379938376]]]},"properties":{"OBJECTID":187,"Field_ID":"FL_187","Governorat":"North Al Batinah","Wilayat":"Barka","Plant_Type_EN":"Mango","Plant_Ty_AR":"مانجو","Tree_Count":55,"Survey_Date":1785801600000,"Latitude":23.642125459999999,"Longitude":57.900926429999998,"Shape_Length":177.66692175527558,"Shape_Area":1715.0735240862109}},{"type":"Feature","id":188,"geometry":{"type":"Polygon","coordinates":[[[57.879761000405047,23.64867900487787],[57.878239120325617,23.648987244429463],[57.878079321271123,23.64850358316431],[57.878819764975013,23.648250407108332],[57.878839403344216,23.648310284361685],[57.879078114384598,23.648253402512417],[57.879070915851649,23.648228006577934],[57.879569873245103,23.648088790379429],[57.879761000405047,23.64867900487787]]]},"properties":{"OBJECTID":188,"Field_ID":"FL_188","Governorat":"North Al Batinah","Wilayat":"Barka","Plant_Type_EN":"Mango","Plant_Ty_AR":"مانجو","Tree_Count":126,"Survey_Date":1785801600000,"Latitude":23.648556230000001,"Longitude":57.87892961,"Shape_Length":451.81429591624203,"Shape_Area":9987.8150682580726}},{"type":"Feature","id":189,"geometry":{"type":"Polygon","coordinates":[[[57.878603696666239,23.647713415362993],[57.877884634594857,23.647926385366421],[57.877770246667865,23.647583086286904],[57.878502365007989,23.647380302291403],[57.878603696666239,23.647713415362993]]]},"properties":{"OBJECTID":189,"Field_ID":"FL_189","Governorat":"North Al Batinah","Wilayat":"Barka","Plant_Type_EN":"Mango","Plant_Ty_AR":"مانجو","Tree_Count":39,"Survey_Date":1785801600000,"Latitude":23.647651100000001,"Longitude":57.878187840000002,"Shape_Length":233.07795568298769,"Shape_Area":3024.4981275820919}},{"type":"Feature","id":190,"geometry":{"type":"Polygon","coordinates":[[[57.8792358066285,23.64803175605897],[57.879153658513331,23.648058441705505],[57.878993405812338,23.647626212018022],[57.879332772415125,23.647531965582314],[57.87934813934271,23.647575156039284],[57.879303904991559,23.647586080893827],[57.879402700776041,23.647880807422595],[57.879376738819062,23.647921491979162],[57.879214926003861,23.647986567375618],[57.8792358066285,23.64803175605897]]]},"properties":{"OBJECTID":190,"Field_ID":"FL_190","Governorat":"North Al Batinah","Wilayat":"Barka","Plant_Type_EN":"Mango","Plant_Ty_AR":"مانجو","Tree_Count":52,"Survey_Date":1785801600000,"Latitude":23.647776929999999,"Longitude":57.879206269999997,"Shape_Length":168.13537665000297,"Shape_Area":1419.8473492585335}},{"type":"Feature","id":191,"geometry":{"type":"Polygon","coordinates":[[[57.884991253129293,23.636393982143062],[57.884892000078615,23.635900678052213],[57.884988297979582,23.635884814915702],[57.885084846047505,23.63637148141845],[57.884991253129293,23.636393982143062]]]},"properties":{"OBJECTID":191,"Field_ID":"FL_191","Governorat":"North Al Batinah","Wilayat":"Barka","Plant_Type_EN":"Mango","Plant_Ty_AR":"مانجو","Tree_Count":5,"Survey_Date":1784764800000,"Latitude":23.636137189999999,"Longitude":57.884988870000001,"Shape_Length":130.17056916681128,"Shape_Area":546.62745777810926}},{"type":"Feature","id":192,"geometry":{"type":"Polygon","coordinates":[[[57.887643491944523,23.633594590842112],[57.887511266034863,23.633025418839772],[57.887741214721785,23.632971757305086],[57.887906511951407,23.632938291602567],[57.888056618071133,23.633517514618095],[57.887643491944523,23.633594590842112]]]},"properties":{"OBJECTID":192,"Field_ID":"FL_192","Governorat":"North Al Batinah","Wilayat":"Barka","Plant_Type_EN":"Mango","Plant_Ty_AR":"مانجو","Tree_Count":41,"Survey_Date":1784764800000,"Latitude":23.63326983,"Longitude":57.88778052,"Shape_Length":214.8385495829084,"Shape_Area":2758.7363593060995}},{"type":"Feature","id":193,"geometry":{"type":"Polygon","coordinates":[[[57.88909592540125,23.63297711834441],[57.888999925275833,23.633005615290795],[57.88905853330489,23.633178474737292],[57.889151232243172,23.633155129546203],[57.889175904407423,23.633234538140876],[57.888649595736482,23.63336301010348],[57.888472005959201,23.632811022991852],[57.889005150968458,23.632684949320584],[57.88909592540125,23.63297711834441]]]},"properties":{"OBJECTID":193,"Field_ID":"FL_193","Governorat":"North Al Batinah","Wilayat":"Barka","Plant_Type_EN":"Mango","Plant_Ty_AR":"مانجو","Tree_Count":56,"Survey_Date":1784764800000,"Latitude":23.63301959,"Longitude":57.888809909999999,"Shape_Length":258.3677707377089,"Shape_Area":3342.0452198472531}},{"type":"Feature","id":194,"geometry":{"type":"Polygon","coordinates":[[[57.892012069285208,23.644152472556794],[57.891964665722057,23.644158790328447],[57.891929566843373,23.643969742001943],[57.892073242775723,23.643943806676727],[57.892098319364734,23.644143606463],[57.892012069285208,23.644152472556794]]]},"properties":{"OBJECTID":194,"Field_ID":"FL_194","Governorat":"North Al Batinah","Wilayat":"Barka","Plant_Type_EN":"Mango","Plant_Ty_AR":"مانجو","Tree_Count":4,"Survey_Date":1785801600000,"Latitude":23.644052349999999,"Longitude":57.892016759999997,"Shape_Length":72.175693328078736,"Shape_Area":310.74908709420424}},{"type":"Feature","id":195,"geometry":{"type":"Polygon","coordinates":[[[57.891280237339934,23.643953816593143],[57.891054593334147,23.643977135099419],[57.891044213025303,23.643923031894992],[57.891273735377389,23.643899989168968],[57.891280237339934,23.643953816593143]]]},"properties":{"OBJECTID":195,"Field_ID":"FL_195","Governorat":"North Al Batinah","Wilayat":"Barka","Plant_Type_EN":"Mango","Plant_Ty_AR":"مانجو","Tree_Count":5,"Survey_Date":1785801600000,"Latitude":23.643938439999999,"Longitude":57.891162950000002,"Shape_Length":58.789374572352372,"Shape_Area":140.91054495938235}},{"type":"Feature","id":196,"geometry":{"type":"Polygon","coordinates":[[[57.891896806366653,23.644516726941045],[57.891780004804154,23.644528296680789],[57.891767170269176,23.644449904460473],[57.891892001027244,23.644436108235411],[57.891896806366653,23.644516726941045]]]},"properties":{"OBJECTID":196,"Field_ID":"FL_196","Governorat":"North Al Batinah","Wilayat":"Barka","Plant_Type_EN":"Mango","Plant_Ty_AR":"مانجو","Tree_Count":3,"Survey_Date":1785801600000,"Latitude":23.644482289999999,"Longitude":57.891834119999999,"Shape_Length":42.523544379091092,"Shape_Area":109.7419766366792}},{"type":"Feature","id":197,"geometry":{"type":"Polygon","coordinates":[[[57.891523272681134,23.644704143930898],[57.891499503254536,23.644578951340723],[57.891604412147387,23.644566769184006],[57.891619327645564,23.64469473670534],[57.891523272681134,23.644704143930898]]]},"properties":{"OBJECTID":197,"Field_ID":"FL_197","Governorat":"North Al Batinah","Wilayat":"Barka","Plant_Type_EN":"Mango","Plant_Ty_AR":"مانجو","Tree_Count":3,"Survey_Date":1785801600000,"Latitude":23.644635180000002,"Longitude":57.891561600000003,"Shape_Length":48.959757950138076,"Shape_Area":145.99788458907048}},{"type":"Feature","id":198,"geometry":{"type":"Polygon","coordinates":[[[57.885049567599566,23.644448893234035],[57.885009693712405,23.644345514199539],[57.885150185952114,23.644308170753803],[57.885182407698302,23.64441606154757],[57.885049567599566,23.644448893234035]]]},"properties":{"OBJECTID":198,"Field_ID":"FL_198","Governorat":"North Al Batinah","Wilayat":"Barka","Plant_Type_EN":"Mango","Plant_Ty_AR":"مانجو","Tree_Count":4,"Survey_Date":1785801600000,"Latitude":23.644379050000001,"Longitude":57.885098030000002,"Shape_Length":53.480063971057191,"Shape_Area":177.32250174760733}},{"type":"Feature","id":199,"geometry":{"type":"Polygon","coordinates":[[[57.889224609615816,23.644427853261014],[57.889277080077093,23.644748240272712],[57.888762731672969,23.644840931678615],[57.888687040504742,23.644519002120767],[57.889224609615816,23.644427853261014]]]},"properties":{"OBJECTID":199,"Field_ID":"FL_199","Governorat":"North Al Batinah","Wilayat":"Barka","Plant_Type_EN":"Citrus","Plant_Ty_AR":"حمضيات","Tree_Count":65,"Survey_Date":1784505600000,"Latitude":23.64463301,"Longitude":57.888986899999999,"Shape_Length":181.5550077884011,"Shape_Area":1974.1422066543576}},{"type":"Feature","id":200,"geometry":{"type":"Polygon","coordinates":[[[57.889335852292021,23.645199232092839],[57.888825742502092,23.645298741144657],[57.888736694062764,23.644913736727293],[57.889263837620916,23.644811806388521],[57.889335852292021,23.645199232092839]]]},"properties":{"OBJECTID":200,"Field_ID":"FL_200","Governorat":"North Al Batinah","Wilayat":"Barka","Plant_Type_EN":"Citrus","Plant_Ty_AR":"حمضيات","Tree_Count":96,"Survey_Date":1784505600000,"Latitude":23.645054850000001,"Longitude":57.889040219999998,"Shape_Length":195.22840733407196,"Shape_Area":2353.6603369236659}},{"type":"Feature","id":201,"geometry":{"type":"Polygon","coordinates":[[[57.888312110602683,23.644969275793244],[57.888166669378172,23.644983220629591],[57.888122508291623,23.644619202760669],[57.888264089789146,23.644596340247972],[57.888312110602683,23.644969275793244]]]},"properties":{"OBJECTID":201,"Field_ID":"FL_201","Governorat":"North Al Batinah","Wilayat":"Barka","Plant_Type_EN":"Citrus","Plant_Ty_AR":"حمضيات","Tree_Count":28,"Survey_Date":1784505600000,"Latitude":23.644792549999998,"Longitude":57.888216720000003,"Shape_Length":111.71216318763767,"Shape_Area":606.77552532419793}},{"type":"Feature","id":202,"geometry":{"type":"Polygon","coordinates":[[[57.884791724246284,23.644050922251065],[57.884741646468136,23.643909331094825],[57.884977822690963,23.643866372206894],[57.885008336890451,23.644009779271205],[57.884791724246284,23.644050922251065]]]},"properties":{"OBJECTID":202,"Field_ID":"FL_202","Governorat":"North Al Batinah","Wilayat":"Barka","Plant_Type_EN":"Citrus","Plant_Ty_AR":"حمضيات","Tree_Count":17,"Survey_Date":1785801600000,"Latitude":23.643958139999999,"Longitude":57.88487937,"Shape_Length":79.782207920285117,"Shape_Area":383.47111166345059}},{"type":"Feature","id":203,"geometry":{"type":"Polygon","coordinates":[[[57.884680634852586,23.632396625268168],[57.884715780685582,23.632592563361506],[57.884797741861554,23.632981845791896],[57.884206347745376,23.633078776637777],[57.884092942858878,23.632506963266909],[57.884680634852586,23.632396625268168]]]},"properties":{"OBJECTID":203,"Field_ID":"FL_203","Governorat":"North Al Batinah","Wilayat":"Barka","Plant_Type_EN":"Citrus","Plant_Ty_AR":"حمضيات","Tree_Count":89,"Survey_Date":1784764800000,"Latitude":23.63274122,"Longitude":57.884444619999996,"Shape_Length":252.70775856147148,"Shape_Area":3973.5161180330697}},{"type":"Feature","id":204,"geometry":{"type":"Polygon","coordinates":[[[57.88594416539555,23.632074588159455],[57.883982478264073,23.632437654534463],[57.883967172334536,23.632371797433748],[57.885930061530487,23.632013558323429],[57.88594416539555,23.632074588159455]]]},"properties":{"OBJECTID":204,"Field_ID":"FL_204","Governorat":"North Al Batinah","Wilayat":"Barka","Plant_Type_EN":"Citrus","Plant_Ty_AR":"حمضيات","Tree_Count":29,"Survey_Date":1784764800000,"Latitude":23.6322267,"Longitude":57.884943489999998,"Shape_Length":422.59349664616195,"Shape_Area":1465.979313107885}},{"type":"Feature","id":205,"geometry":{"type":"Polygon","coordinates":[[[57.88094873602509,23.632896101157982],[57.88088532245704,23.632429749509491],[57.881539461357654,23.632308754971035],[57.881552329049008,23.632355882112787],[57.881642356859537,23.632779880213761],[57.88094873602509,23.632896101157982]]]},"properties":{"OBJECTID":205,"Field_ID":"FL_205","Governorat":"North Al Batinah","Wilayat":"Barka","Plant_Type_EN":"Citrus","Plant_Ty_AR":"حمضيات","Tree_Count":49,"Survey_Date":1784764800000,"Latitude":23.63260532,"Longitude":57.881256319999999,"Shape_Length":245.22742475602203,"Shape_Area":3685.8085630322703}},{"type":"Feature","id":206,"geometry":{"type":"Polygon","coordinates":[[[57.888524365269213,23.629667873906932],[57.888564483981895,23.629835891840191],[57.888283697986061,23.629897088314628],[57.888242474374238,23.629732059890912],[57.888524365269213,23.629667873906932]]]},"properties":{"OBJECTID":206,"Field_ID":"FL_206","Governorat":"North Al Batinah","Wilayat":"Barka","Plant_Type_EN":"Citrus","Plant_Ty_AR":"حمضيات","Tree_Count":58,"Survey_Date":1784764800000,"Latitude":23.629783060000001,"Longitude":57.888404100000002,"Shape_Length":96.851827487305826,"Shape_Area":557.94111731017097}},{"type":"Feature","id":207,"geometry":{"type":"Polygon","coordinates":[[[57.888981285096321,23.630584424465734],[57.888800505870122,23.629860706357455],[57.888736674565457,23.629605167173146],[57.888657126527661,23.6293675407825],[57.889681358747318,23.629119750713166],[57.890136876445609,23.630313112412132],[57.888981285096321,23.630584424465734]]]},"properties":{"OBJECTID":207,"Field_ID":"FL_207","Governorat":"North Al Batinah","Wilayat":"Barka","Plant_Type_EN":"Citrus","Plant_Ty_AR":"حمضيات","Tree_Count":291,"Survey_Date":1784764800000,"Latitude":23.62985801,"Longitude":57.889372610000002,"Shape_Length":508.52564099987092,"Shape_Area":15866.303163725055}},{"type":"Feature","id":208,"geometry":{"type":"Polygon","coordinates":[[[57.888030878367573,23.631353575840059],[57.887265554286181,23.631472194225687],[57.887124923536113,23.630743139537707],[57.887061279413871,23.630747679863372],[57.886912584840623,23.629930587478253],[57.887763044648352,23.62972620118661],[57.888030878367573,23.631353575840059]]]},"properties":{"OBJECTID":208,"Field_ID":"FL_208","Governorat":"North Al Batinah","Wilayat":"Barka","Plant_Type_EN":"Citrus","Plant_Ty_AR":"حمضيات","Tree_Count":225,"Survey_Date":1784764800000,"Latitude":23.630599790000002,"Longitude":57.887489559999999,"Shape_Length":531.2961259706783,"Shape_Area":15092.797993172055}},{"type":"Feature","id":209,"geometry":{"type":"Polygon","coordinates":[[[57.888782366066884,23.629077342973478],[57.888679192945787,23.62867541206867],[57.888825988076391,23.628617528757488],[57.88897692568257,23.628481055087988],[57.889115745845544,23.628987015957943],[57.888782366066884,23.629077342973478]]]},"properties":{"OBJECTID":209,"Field_ID":"FL_209","Governorat":"North Al Batinah","Wilayat":"Barka","Plant_Type_EN":"Citrus","Plant_Ty_AR":"حمضيات","Tree_Count":133,"Survey_Date":1784764800000,"Latitude":23.628810980000001,"Longitude":57.888897460000003,"Shape_Length":176.82150098307343,"Shape_Area":1748.6359836016991}},{"type":"Feature","id":210,"geometry":{"type":"Polygon","coordinates":[[[57.887140276915133,23.629015764729818],[57.887076016851012,23.628848839983174],[57.887106512524959,23.628838992356346],[57.887172119886529,23.629007711265711],[57.887140276915133,23.629015764729818]]]},"properties":{"OBJECTID":210,"Field_ID":"FL_210","Governorat":"North Al Batinah","Wilayat":"Barka","Plant_Type_EN":"Citrus","Plant_Ty_AR":"حمضيات","Tree_Count":7,"Survey_Date":1784764800000,"Latitude":23.628928080000001,"Longitude":57.887123860000003,"Shape_Length":46.118114735213624,"Shape_Area":65.645326734512935}},{"type":"Feature","id":211,"geometry":{"type":"Polygon","coordinates":[[[57.888649595736482,23.63336301010348],[57.888056618071133,23.633517514618095],[57.887906511951407,23.632938291602567],[57.887741214721785,23.632971757305086],[57.887681671563662,23.632675915128772],[57.888127959350754,23.632577745399271],[57.888192870480474,23.632877029443616],[57.888287950544893,23.63285454633376],[57.888472005959201,23.632811022991852],[57.888649595736482,23.63336301010348]]]},"properties":{"OBJECTID":211,"Field_ID":"FL_211","Governorat":"North Al Batinah","Wilayat":"Barka","Plant_Type_EN":"Citrus","Plant_Ty_AR":"حمضيات","Tree_Count":123,"Survey_Date":1784764800000,"Latitude":23.63305124,"Longitude":57.88817513,"Shape_Length":353.11011854699296,"Shape_Area":5530.506109574254}},{"type":"Feature","id":212,"geometry":{"type":"Polygon","coordinates":[[[57.88449015475269,23.643795881845673],[57.883692654571583,23.643932959318885],[57.883669847641414,23.643834484547181],[57.883688539387386,23.643830262158851],[57.883650846146423,23.643664522608329],[57.884237051647851,23.643566864653085],[57.884254974209099,23.643691850732864],[57.884468667413927,23.6436621813146],[57.88449015475269,23.643795881845673]]]},"properties":{"OBJECTID":212,"Field_ID":"FL_212","Governorat":"North Al Batinah","Wilayat":"Barka","Plant_Type_EN":"Citrus","Plant_Ty_AR":"حمضيات","Tree_Count":104,"Survey_Date":1785801600000,"Latitude":23.64374883,"Longitude":57.884029179999999,"Shape_Length":226.33737273917859,"Shape_Area":2141.2492212655034}},{"type":"Feature","id":213,"geometry":{"type":"Polygon","coordinates":[[[57.885861760878797,23.63334798274968],[57.885807678312375,23.633157646370279],[57.886053495472801,23.633104965182625],[57.886093659247798,23.633304002003527],[57.885861760878797,23.63334798274968]]]},"properties":{"OBJECTID":213,"Field_ID":"FL_213","Governorat":"North Al Batinah","Wilayat":"Barka","Plant_Type_EN":"Citrus","Plant_Ty_AR":"حمضيات","Tree_Count":22,"Survey_Date":1784764800000,"Latitude":23.6332275,"Longitude":57.885954470000001,"Shape_Length":94.09514380647768,"Shape_Area":550.93292355886024}},{"type":"Feature","id":214,"geometry":{"type":"Polygon","coordinates":[[[57.885279302064916,23.62928639716332],[57.885580170548891,23.630169780158234],[57.885573155096999,23.630171482993781],[57.885560289845408,23.630174605631279],[57.885546804931138,23.630177275689736],[57.88458265176957,23.63036820027417],[57.884313692319928,23.629453525361996],[57.884823739060081,23.629342779773559],[57.884836990994749,23.629391964643421],[57.885279302064916,23.62928639716332]]]},"properties":{"OBJECTID":214,"Field_ID":"FL_214","Governorat":"North Al Batinah","Wilayat":"Barka","Plant_Type_EN":"Citrus","Plant_Ty_AR":"حمضيات","Tree_Count":187,"Survey_Date":1784764800000,"Latitude":23.629823699999999,"Longitude":57.884935810000002,"Shape_Length":417.21324785348332,"Shape_Area":10551.744810886856}},{"type":"Feature","id":215,"geometry":{"type":"Polygon","coordinates":[[[57.878102650712457,23.646223982417432],[57.877486140813673,23.646428713218196],[57.877235710601902,23.645744733065776],[57.877858638280316,23.645543335002113],[57.878102650712457,23.646223982417432]]]},"properties":{"OBJECTID":215,"Field_ID":"FL_215","Governorat":"North Al Batinah","Wilayat":"Barka","Plant_Type_EN":"Citrus","Plant_Ty_AR":"حمضيات","Tree_Count":104,"Survey_Date":1785801600000,"Latitude":23.64598488,"Longitude":57.877670260000002,"Shape_Length":293.46627921600179,"Shape_Area":5342.1577055209518}},{"type":"Feature","id":216,"geometry":{"type":"Polygon","coordinates":[[[57.878658554448577,23.645292937527387],[57.878775592215426,23.64557789702906],[57.878051451555962,23.645810845290043],[57.877954470366454,23.645522584270847],[57.878658554448577,23.645292937527387]]]},"properties":{"OBJECTID":216,"Field_ID":"FL_216","Governorat":"North Al Batinah","Wilayat":"Barka","Plant_Type_EN":"Citrus","Plant_Ty_AR":"حمضيات","Tree_Count":16,"Survey_Date":1785801600000,"Latitude":23.645551510000001,"Longitude":57.87836085,"Shape_Length":221.56536724824252,"Shape_Area":2590.9147657726985}},{"type":"Feature","id":217,"geometry":{"type":"Polygon","coordinates":[[[57.878255537634232,23.647061214466596],[57.878339966729627,23.647303005434242],[57.877892700932811,23.647426788284957],[57.877806231013317,23.647205238436726],[57.878255537634232,23.647061214466596]]]},"properties":{"OBJECTID":217,"Field_ID":"FL_217","Governorat":"North Al Batinah","Wilayat":"Barka","Plant_Type_EN":"Citrus","Plant_Ty_AR":"حمضيات","Tree_Count":25,"Survey_Date":1785801600000,"Latitude":23.647247839999999,"Longitude":57.878076319999998,"Shape_Length":150.34588836301043,"Shape_Area":1302.0487719066552}},{"type":"Feature","id":218,"geometry":{"type":"Polygon","coordinates":[[[57.878916559718604,23.647603075101461],[57.878629209521648,23.647691044902274],[57.878400384635285,23.647001630092905],[57.879103800459816,23.646810620163485],[57.879224846995598,23.647163553712023],[57.87887088491042,23.647281069515188],[57.878795299549658,23.647305150877322],[57.878916559718604,23.647603075101461]]]},"properties":{"OBJECTID":218,"Field_ID":"FL_218","Governorat":"North Al Batinah","Wilayat":"Barka","Plant_Type_EN":"Citrus","Plant_Ty_AR":"حمضيات","Tree_Count":71,"Survey_Date":1785801600000,"Latitude":23.647192690000001,"Longitude":57.87878723,"Shape_Length":308.24603949920026,"Shape_Area":4275.0768979959839}},{"type":"Feature","id":219,"geometry":{"type":"Polygon","coordinates":[[[57.886997909377037,23.645623304324218],[57.886727250356401,23.645669227322976],[57.886720420846942,23.645636952719688],[57.886991779885868,23.645589874154428],[57.886997909377037,23.645623304324218]]]},"properties":{"OBJECTID":219,"Field_ID":"FL_219","Governorat":"North Al Batinah","Wilayat":"Barka","Plant_Type_EN":"Citrus","Plant_Ty_AR":"حمضيات","Tree_Count":6,"Survey_Date":1784505600000,"Latitude":23.645629710000001,"Longitude":57.886860030000001,"Shape_Length":63.630152382652696,"Shape_Area":103.94948236377101}},{"type":"Feature","id":221,"geometry":{"type":"Polygon","coordinates":[[[57.883236155672897,23.630834505724078],[57.883245946611638,23.630887045949262],[57.883067372356557,23.630924781208527],[57.882924034726081,23.630955211158369],[57.88290899016625,23.630898985954278],[57.883236155672897,23.630834505724078]]]},"properties":{"OBJECTID":221,"Field_ID":"FL_221","Governorat":"North Al Batinah","Wilayat":"Barka","Plant_Type_EN":"Fig","Plant_Ty_AR":"تين","Tree_Count":26,"Survey_Date":1784764800000,"Latitude":23.630894319999999,"Longitude":57.883076510000002,"Shape_Length":80.137100313404261,"Shape_Area":208.49872020761708}},{"type":"Feature","id":222,"geometry":{"type":"Polygon","coordinates":[[[57.884302898612098,23.629599295414184],[57.884348744501281,23.62975135492005],[57.883431494564377,23.629994727368217],[57.883397560532202,23.629871031537313],[57.884302898612098,23.629599295414184]]]},"properties":{"OBJECTID":222,"Field_ID":"FL_222","Governorat":"North Al Batinah","Wilayat":"Barka","Plant_Type_EN":"Fig","Plant_Ty_AR":"تين","Tree_Count":74,"Survey_Date":1784764800000,"Latitude":23.62979958,"Longitude":57.883886339999997,"Shape_Length":226.10212471695036,"Shape_Area":1535.1638142294005}},{"type":"Feature","id":223,"geometry":{"type":"Polygon","coordinates":[[[57.888121733541858,23.628682292047017],[57.887984611028223,23.628143839636092],[57.888248201041975,23.628042682680931],[57.888542456523588,23.627907842818523],[57.888688100578847,23.628498556412314],[57.888121733541858,23.628682292047017]]]},"properties":{"OBJECTID":223,"Field_ID":"FL_223","Governorat":"North Al Batinah","Wilayat":"Barka","Plant_Type_EN":"Fig","Plant_Ty_AR":"تين","Tree_Count":148,"Survey_Date":1784764800000,"Latitude":23.628308520000001,"Longitude":57.888339019999997,"Shape_Length":252.21276243450737,"Shape_Area":3886.9423642251131}},{"type":"Feature","id":224,"geometry":{"type":"Polygon","coordinates":[[[57.898493358264147,23.637431540274559],[57.898491966846038,23.637368299367292],[57.898791522554603,23.637365236942948],[57.898791987593171,23.637433348725722],[57.898493358264147,23.637431540274559]]]},"properties":{"OBJECTID":224,"Field_ID":"FL_224","Governorat":"North Al Batinah","Wilayat":"Barka","Plant_Type_EN":"Coconut","Plant_Ty_AR":"جوز الهند","Tree_Count":13,"Survey_Date":1785801600000,"Latitude":23.63739958,"Longitude":57.898644060000002,"Shape_Length":75.565157126776867,"Shape_Area":221.85748518511383}},{"type":"Feature","id":225,"geometry":{"type":"Polygon","coordinates":[[[57.898829536087554,23.637377843830993],[57.899495451882316,23.637381944030224],[57.899494884032968,23.637439446538494],[57.898828011220893,23.637435793552665],[57.898829536087554,23.637377843830993]]]},"properties":{"OBJECTID":225,"Field_ID":"FL_225","Governorat":"North Al Batinah","Wilayat":"Barka","Plant_Type_EN":"Coconut","Plant_Ty_AR":"جوز الهند","Tree_Count":30,"Survey_Date":1785801600000,"Latitude":23.63740876,"Longitude":57.899161540000001,"Shape_Length":148.73835752558853,"Shape_Area":434.50639757952888}},{"type":"Feature","id":226,"geometry":{"type":"Polygon","coordinates":[[[57.900033018999707,23.637377728986738],[57.900033792556059,23.637416881620105],[57.899526293530293,23.637418427661093],[57.899526515894856,23.637376938098527],[57.900033018999707,23.637377728986738]]]},"properties":{"OBJECTID":226,"Field_ID":"FL_226","Governorat":"North Al Batinah","Wilayat":"Barka","Plant_Type_EN":"Coconut","Plant_Ty_AR":"جوز الهند","Tree_Count":9,"Survey_Date":1785801600000,"Latitude":23.637397499999999,"Longitude":57.899777460000003,"Shape_Length":112.36277824323139,"Shape_Area":230.88215685757848}},{"type":"Feature","id":227,"geometry":{"type":"Polygon","coordinates":[[[57.898470906799211,23.637546154868595],[57.898469593705848,23.637469682598663],[57.899431448623545,23.637476501308555],[57.899433695865397,23.637551149104045],[57.898470906799211,23.637546154868595]]]},"properties":{"OBJECTID":227,"Field_ID":"FL_227","Governorat":"North Al Batinah","Wilayat":"Barka","Plant_Type_EN":"Coconut","Plant_Ty_AR":"جوز الهند","Tree_Count":38,"Survey_Date":1785801600000,"Latitude":23.63751087,"Longitude":57.898949469999998,"Shape_Length":213.06315845884683,"Shape_Area":821.10018017931543}},{"type":"Feature","id":228,"geometry":{"type":"Polygon","coordinates":[[[57.899971223314274,23.637557233622008],[57.899433695865397,23.637551149104045],[57.899432572247058,23.637513825657972],[57.899970279784384,23.637520749110116],[57.899971223314274,23.637557233622008]]]},"properties":{"OBJECTID":228,"Field_ID":"FL_228","Governorat":"North Al Batinah","Wilayat":"Barka","Plant_Type_EN":"Coconut","Plant_Ty_AR":"جوز الهند","Tree_Count":7,"Survey_Date":1785801600000,"Latitude":23.63753573,"Longitude":57.899700930000002,"Shape_Length":117.86310733569132,"Shape_Area":223.99889475415009}},{"type":"Feature","id":229,"geometry":{"type":"Polygon","coordinates":[[[57.885027517943435,23.632036557376008],[57.884728304785128,23.632078891838528],[57.884718112439288,23.632030618923093],[57.885019895949036,23.631990477234844],[57.885027517943435,23.632036557376008]]]},"properties":{"OBJECTID":229,"Field_ID":"FL_229","Governorat":"North Al Batinah","Wilayat":"Barka","Plant_Type_EN":"Banana","Plant_Ty_AR":"موز","Tree_Count":19,"Survey_Date":1784764800000,"Latitude":23.63203429,"Longitude":57.884872139999999,"Shape_Length":72.589567806003217,"Shape_Area":164.26261233183808}},{"type":"Feature","id":230,"geometry":{"type":"Polygon","coordinates":[[[57.882918376729116,23.632004157799539],[57.882887983369066,23.631902514105526],[57.883065988750566,23.63185663812056],[57.883094942448217,23.631962275788293],[57.882918376729116,23.632004157799539]]]},"properties":{"OBJECTID":230,"Field_ID":"FL_230","Governorat":"North Al Batinah","Wilayat":"Barka","Plant_Type_EN":"Banana","Plant_Ty_AR":"موز","Tree_Count":30,"Survey_Date":1784764800000,"Latitude":23.631931160000001,"Longitude":57.882992270000003,"Shape_Length":61.190219464617435,"Shape_Area":222.22811896144157}},{"type":"Feature","id":231,"geometry":{"type":"Polygon","coordinates":[[[57.887004179468683,23.629388002170955],[57.886896288797622,23.629146695534274],[57.887176940169574,23.629047891377507],[57.887257114864681,23.629309550030325],[57.887219797124516,23.629320998333],[57.887004179468683,23.629388002170955]]]},"properties":{"OBJECTID":231,"Field_ID":"FL_231","Governorat":"North Al Batinah","Wilayat":"Barka","Plant_Type_EN":"Banana","Plant_Ty_AR":"موز","Tree_Count":105,"Survey_Date":1784764800000,"Latitude":23.629220249999999,"Longitude":57.887083570000001,"Shape_Length":116.87197321346358,"Shape_Area":851.74684770579449}},{"type":"Feature","id":232,"geometry":{"type":"Polygon","coordinates":[[[57.888030309936831,23.645155255763935],[57.888026670247285,23.645034326883945],[57.888107586689145,23.645030828716941],[57.888109422664385,23.64509367795274],[57.888142830400007,23.645093053071488],[57.888145124290659,23.645154164643099],[57.888030309936831,23.645155255763935]]]},"properties":{"OBJECTID":232,"Field_ID":"FL_232","Governorat":"North Al Batinah","Wilayat":"Barka","Plant_Type_EN":"Banana","Plant_Ty_AR":"موز","Tree_Count":5,"Survey_Date":1784505600000,"Latitude":23.645098900000001,"Longitude":57.888079060000003,"Shape_Length":50.508077418103369,"Shape_Area":135.01002513904558}},{"type":"Feature","id":233,"geometry":{"type":"Polygon","coordinates":[[[57.88423222340321,23.631965750585824],[57.884050467210692,23.631304406936415],[57.883966142310037,23.631319837207258],[57.883917919649207,23.631121876161643],[57.884071741470962,23.631089651405667],[57.884120820514248,23.631297884110801],[57.884264423936031,23.631907160807728],[57.884276503625031,23.631958410779756],[57.88423222340321,23.631965750585824]]]},"properties":{"OBJECTID":233,"Field_ID":"FL_233","Governorat":"North Al Batinah","Wilayat":"Barka","Plant_Type_EN":"Banana","Plant_Ty_AR":"موز","Tree_Count":47,"Survey_Date":1784764800000,"Latitude":23.6314256,"Longitude":57.884098420000001,"Shape_Length":225.87981960346588,"Shape_Area":806.75760092361747}},{"type":"Feature","id":234,"geometry":{"type":"Polygon","coordinates":[[[57.885055267665244,23.630352009976939],[57.885040152457499,23.63030275357492],[57.885075803391615,23.630294840479905],[57.88508317985918,23.630313302222063],[57.885139155894635,23.630299875636702],[57.885147186881539,23.630332725205157],[57.885055267665244,23.630352009976939]]]},"properties":{"OBJECTID":234,"Field_ID":"FL_234","Governorat":"North Al Batinah","Wilayat":"Barka","Plant_Type_EN":"Banana","Plant_Ty_AR":"موز","Tree_Count":8,"Survey_Date":1784764800000,"Latitude":23.630322970000002,"Longitude":57.885090480000002,"Shape_Length":30.831766939448361,"Shape_Area":43.160815052962853}},{"type":"Feature","id":235,"geometry":{"type":"Polygon","coordinates":[[[57.885179262673404,23.646117307467598],[57.885167415261854,23.646080165206115],[57.885210148653073,23.646071447456187],[57.885223586173737,23.646107107522354],[57.885179262673404,23.646117307467598]]]},"properties":{"OBJECTID":235,"Field_ID":"FL_235","Governorat":"North Al Batinah","Wilayat":"Barka","Plant_Type_EN":"Banana","Plant_Ty_AR":"موز","Tree_Count":4,"Survey_Date":1785801600000,"Latitude":23.646094170000001,"Longitude":57.88519505,"Shape_Length":17.589774782442678,"Shape_Area":19.244341024594771}},{"type":"Feature","id":236,"geometry":{"type":"Polygon","coordinates":[[[57.88905853330489,23.633178474737292],[57.888999925275833,23.633005615290795],[57.88909592540125,23.63297711834441],[57.889151232243172,23.633155129546203],[57.88905853330489,23.633178474737292]]]},"properties":{"OBJECTID":236,"Field_ID":"FL_236","Governorat":"North Al Batinah","Wilayat":"Barka","Plant_Type_EN":"Banana","Plant_Ty_AR":"موز","Tree_Count":21,"Survey_Date":1784764800000,"Latitude":23.63307833,"Longitude":57.889076350000003,"Shape_Length":60.643366128959613,"Shape_Area":203.62060685082227}},{"type":"Feature","id":237,"geometry":{"type":"Polygon","coordinates":[[[57.884791341871903,23.642688747972279],[57.8848783340677,23.643202237560505],[57.883326092775455,23.643418519292908],[57.883260674465959,23.643048477167582],[57.883570392690856,23.643004839615283],[57.883500628256108,23.64252913019563],[57.882935051122395,23.642611373988181],[57.882794574645857,23.641795843091554],[57.882941437678419,23.641768172986446],[57.883014654736435,23.64175437884407],[57.883060382051291,23.641746396125328],[57.883104893802624,23.641738872817328],[57.883250126666809,23.641714326833952],[57.883472156447958,23.64167680142436],[57.883522239725487,23.642049281919384],[57.883741576585805,23.642031580380539],[57.883731338627051,23.641806784127553],[57.884706932677567,23.641650908671103],[57.884804114914722,23.642201131090705],[57.884706815762364,23.642213559646915],[57.884791341871903,23.642688747972279]]]},"properties":{"OBJECTID":237,"Field_ID":"FL_237","Governorat":"North Al Batinah","Wilayat":"Barka","Plant_Type_EN":"Grass","Plant_Ty_AR":"عشب","Tree_Count":0,"Survey_Date":1785801600000,"Latitude":23.64248323,"Longitude":57.883931410000002,"Shape_Length":879.45869224685521,"Shape_Area":28795.16481384333}},{"type":"Feature","id":239,"geometry":{"type":"Polygon","coordinates":[[[57.881713282960483,23.643098082427805],[57.881738302747294,23.643179538645818],[57.881735462838158,23.643182224645685],[57.881492781344321,23.643411772838469],[57.881359132686434,23.643468363669832],[57.880758777172971,23.643621014604737],[57.880570246797546,23.643054081422385],[57.880655119670998,23.642934455921964],[57.881595130429986,23.642684318350899],[57.881713282960483,23.643098082427805]]]},"properties":{"OBJECTID":239,"Field_ID":"FL_239","Governorat":"North Al Batinah","Wilayat":"Barka","Plant_Type_EN":"Grass","Plant_Ty_AR":"عشب","Tree_Count":0,"Survey_Date":1785801600000,"Latitude":23.643148750000002,"Longitude":57.881154170000002,"Shape_Length":352.43953215077022,"Shape_Area":8030.6856229553596}},{"type":"Feature","id":240,"geometry":{"type":"Polygon","coordinates":[[[57.901276392064297,23.642761150012262],[57.900367268674977,23.642623853805606],[57.900454809151199,23.642050820443625],[57.900768576054233,23.642093535636672],[57.900734601866453,23.642313379938376],[57.901044922347275,23.642355518463003],[57.901058904938459,23.642241398987295],[57.901127019715815,23.642237864589962],[57.901161482085513,23.641963556562054],[57.900833320362388,23.641935479855288],[57.900855324722578,23.641779820131198],[57.901026998995683,23.641797500822594],[57.9010704429543,23.64154467909183],[57.900903493606457,23.641523426855851],[57.900907664788058,23.641501739503045],[57.900995762215594,23.640879594099793],[57.901553681390588,23.640916703688927],[57.9015484894773,23.640951234094814],[57.901528984061031,23.641080982990779],[57.901492035970335,23.641326752869922],[57.90137342507488,23.642115720616292],[57.901276392064297,23.642761150012262]]]},"properties":{"OBJECTID":240,"Field_ID":"FL_240","Governorat":"North Al Batinah","Wilayat":"Barka","Plant_Type_EN":"Grass","Plant_Ty_AR":"عشب","Tree_Count":0,"Survey_Date":1785801600000,"Latitude":23.641884489999999,"Longitude":57.901060809999997,"Shape_Length":746.50249582210643,"Shape_Area":11963.463990017857}},{"type":"Feature","id":241,"geometry":{"type":"Polygon","coordinates":[[[57.900907918113106,23.641041598338763],[57.900863861316665,23.641306608601443],[57.900473951000606,23.641244991981903],[57.900569585972171,23.640987988074947],[57.900907918113106,23.641041598338763]]]},"properties":{"OBJECTID":241,"Field_ID":"FL_241","Governorat":"North Al Batinah","Wilayat":"Barka","Plant_Type_EN":"Grass","Plant_Ty_AR":"عشب","Tree_Count":0,"Survey_Date":1785801600000,"Latitude":23.64114837,"Longitude":57.900702989999999,"Shape_Length":135.1349677681194,"Shape_Area":1118.7764265145186}},{"type":"Feature","id":242,"geometry":{"type":"Polygon","coordinates":[[[57.900530669073127,23.641720313811906],[57.900619947301145,23.64132432618192],[57.90085301597486,23.64136272837283],[57.900792065224792,23.641749135772304],[57.900530669073127,23.641720313811906]]]},"properties":{"OBJECTID":242,"Field_ID":"FL_242","Governorat":"North Al Batinah","Wilayat":"Barka","Plant_Type_EN":"Grass","Plant_Ty_AR":"عشب","Tree_Count":0,"Survey_Date":1785801600000,"Latitude":23.641542439999998,"Longitude":57.900697579999999,"Shape_Length":139.01577815811112,"Shape_Area":1120.7965669451855}},{"type":"Feature","id":243,"geometry":{"type":"Polygon","coordinates":[[[57.90033741665107,23.643488496212903],[57.901188911991767,23.643585496259316],[57.901160075996799,23.64387813348754],[57.900292312876118,23.64405531385199],[57.90033741665107,23.643488496212903]]]},"properties":{"OBJECTID":243,"Field_ID":"FL_243","Governorat":"North Al Batinah","Wilayat":"Barka","Plant_Type_EN":"Grass","Plant_Ty_AR":"عشب","Tree_Count":0,"Survey_Date":1785801600000,"Latitude":23.64375369,"Longitude":57.900698939999998,"Shape_Length":273.6341098377884,"Shape_Area":4155.1317765727363}},{"type":"Feature","id":244,"geometry":{"type":"Polygon","coordinates":[[[57.899948256295758,23.638171003966857],[57.899525351040381,23.638173457336251],[57.899510666188355,23.637782807631563],[57.899951441444138,23.63778337931058],[57.899948256295758,23.638171003966857]]]},"properties":{"OBJECTID":244,"Field_ID":"FL_244","Governorat":"North Al Batinah","Wilayat":"Barka","Plant_Type_EN":"Grass","Plant_Ty_AR":"عشب","Tree_Count":0,"Survey_Date":1785801600000,"Latitude":23.63797632,"Longitude":57.89973363,"Shape_Length":174.29781893712476,"Shape_Area":1897.9504556691236}},{"type":"Feature","id":245,"geometry":{"type":"Polygon","coordinates":[[[57.886631591577824,23.647287973457889],[57.885994742390885,23.647436725043452],[57.885982954256527,23.647382230311589],[57.885971713150802,23.647334423331209],[57.88592399485394,23.64713156080127],[57.885805492654477,23.646627779150069],[57.885781863371115,23.646527322437869],[57.885777840225288,23.646510220815458],[57.885766197687047,23.646460723514309],[57.885759585632186,23.646432614973655],[57.885751640314297,23.646388649402027],[57.885668436638511,23.645928210835386],[57.885541131036611,23.645950459312228],[57.885400733954711,23.645490441106858],[57.885874087427347,23.645353538720322],[57.886225428970512,23.645251922925898],[57.886631591577824,23.647287973457889]]]},"properties":{"OBJECTID":245,"Field_ID":"FL_245","Governorat":"North Al Batinah","Wilayat":"Barka","Plant_Type_EN":"Grass","Plant_Ty_AR":"عشب","Tree_Count":0,"Survey_Date":1785801600000,"Latitude":23.646316039999999,"Longitude":57.88607244,"Shape_Length":620.8583618611932,"Shape_Area":16548.144733919515}},{"type":"Feature","id":246,"geometry":{"type":"Polygon","coordinates":[[[57.884912514094609,23.64771064451552],[57.884291180485356,23.646412954893865],[57.884961307786952,23.646187086140724],[57.885379851888537,23.647613769536335],[57.884912514094609,23.64771064451552]]]},"properties":{"OBJECTID":246,"Field_ID":"FL_246","Governorat":"North Al Batinah","Wilayat":"Barka","Plant_Type_EN":"Grass","Plant_Ty_AR":"عشب","Tree_Count":0,"Survey_Date":1785801600000,"Latitude":23.646935089999999,"Longitude":57.884871130000001,"Shape_Length":442.30640791836515,"Shape_Area":9696.5173060100515}},{"type":"Feature","id":247,"geometry":{"type":"Polygon","coordinates":[[[57.887448993512798,23.645207346554198],[57.886645488653734,23.645331697979444],[57.886555921247513,23.644900594165424],[57.887378547590757,23.644801082828362],[57.887448993512798,23.645207346554198]]]},"properties":{"OBJECTID":247,"Field_ID":"FL_247","Governorat":"North Al Batinah","Wilayat":"Barka","Plant_Type_EN":"Grass","Plant_Ty_AR":"عشب","Tree_Count":0,"Survey_Date":1784505600000,"Latitude":23.645060180000002,"Longitude":57.887002789999997,"Shape_Length":261.88157361317815,"Shape_Area":3945.5575615331245}},{"type":"Feature","id":248,"geometry":{"type":"Polygon","coordinates":[[[57.889656806151137,23.645429130263867],[57.887932598584833,23.645812727128256],[57.887896670468663,23.645605786615626],[57.887961637200739,23.645593362336204],[57.887960940203882,23.645590324362722],[57.889484268019551,23.6453021661432],[57.889285907359017,23.64447004949578],[57.889498696411174,23.64442774171162],[57.889656806151137,23.645429130263867]]]},"properties":{"OBJECTID":248,"Field_ID":"FL_248","Governorat":"North Al Batinah","Wilayat":"Barka","Plant_Type_EN":"Grass","Plant_Ty_AR":"عشب","Tree_Count":0,"Survey_Date":1784505600000,"Latitude":23.6453126,"Longitude":57.888974699999999,"Shape_Length":598.42722145395612,"Shape_Area":5463.3116867090366}},{"type":"Feature","id":249,"geometry":{"type":"Polygon","coordinates":[[[57.888479991047596,23.64517536535816],[57.8884541938627,23.645044207409409],[57.888451812435093,23.645037821909099],[57.888452596845333,23.645036089600261],[57.888490037911254,23.644953402415425],[57.888731283699798,23.644896260181874],[57.888773286292398,23.645123618551825],[57.888501701758997,23.645171610107194],[57.888501675793229,23.645171539806679],[57.888479991047596,23.64517536535816]]]},"properties":{"OBJECTID":249,"Field_ID":"FL_249","Governorat":"North Al Batinah","Wilayat":"Barka","Plant_Type_EN":"Grass","Plant_Ty_AR":"عشب","Tree_Count":0,"Survey_Date":1784505600000,"Latitude":23.64504127,"Longitude":57.888611990000001,"Shape_Length":107.04195670282452,"Shape_Area":730.33306254223555}},{"type":"Feature","id":250,"geometry":{"type":"Polygon","coordinates":[[[57.889263837620916,23.644811806388521],[57.88925262772355,23.644814022992239],[57.888736694062764,23.644913736727293],[57.88872809240695,23.644877386317926],[57.88925550830605,23.64477689504729],[57.889263837620916,23.644811806388521]]]},"properties":{"OBJECTID":250,"Field_ID":"FL_250","Governorat":"North Al Batinah","Wilayat":"Barka","Plant_Type_EN":"Grass","Plant_Ty_AR":"عشب","Tree_Count":0,"Survey_Date":1784505600000,"Latitude":23.6448453,"Longitude":57.888994330000003,"Shape_Length":117.9507332329586,"Shape_Area":221.9939781273464}},{"type":"Feature","id":251,"geometry":{"type":"Polygon","coordinates":[[[57.88377951879324,23.644308024466174],[57.883408501021343,23.644396701032289],[57.883251346195479,23.643915373876052],[57.883264506930679,23.643912830474381],[57.883264375712365,23.643912415751089],[57.883669847641414,23.643834484547181],[57.88377951879324,23.644308024466174]]]},"properties":{"OBJECTID":251,"Field_ID":"FL_251","Governorat":"North Al Batinah","Wilayat":"Barka","Plant_Type_EN":"Grass","Plant_Ty_AR":"عشب","Tree_Count":0,"Survey_Date":1785801600000,"Latitude":23.644109490000002,"Longitude":57.883524870000002,"Shape_Length":192.02548706695526,"Shape_Area":2257.2171099092225}},{"type":"Feature","id":252,"geometry":{"type":"Polygon","coordinates":[[[57.885373039217029,23.64122115665813],[57.884228360641366,23.641401243278057],[57.883786618387191,23.639543171779792],[57.884570219973298,23.639438249823563],[57.884570654125973,23.639439976970532],[57.884570926389415,23.639439934773751],[57.884631437479612,23.639687597720762],[57.884693981752115,23.639677752860425],[57.885019437525557,23.639626827049071],[57.885373039217029,23.64122115665813]]]},"properties":{"OBJECTID":252,"Field_ID":"FL_252","Governorat":"North Al Batinah","Wilayat":"Barka","Plant_Type_EN":"Grass","Plant_Ty_AR":"عشب","Tree_Count":0,"Survey_Date":1784764800000,"Latitude":23.640423999999999,"Longitude":57.8845764,"Shape_Length":658.46801413718629,"Shape_Area":23925.10539686642}},{"type":"Feature","id":253,"geometry":{"type":"Polygon","coordinates":[[[57.882784787588889,23.641623263433019],[57.882553014987593,23.640391905689413],[57.882914156715387,23.640321382273441],[57.882770193059123,23.63970567180823],[57.883727646570854,23.639556512969257],[57.884116250613474,23.641417683905264],[57.882784787588889,23.641623263433019]]]},"properties":{"OBJECTID":253,"Field_ID":"FL_253","Governorat":"North Al Batinah","Wilayat":"Barka","Plant_Type_EN":"Grass","Plant_Ty_AR":"عشب","Tree_Count":0,"Survey_Date":1784764800000,"Latitude":23.640646919999998,"Longitude":57.88332552,"Shape_Length":692.36128212640483,"Shape_Area":25919.490167582113}},{"type":"Feature","id":254,"geometry":{"type":"Polygon","coordinates":[[[57.882562089252573,23.642595642660925],[57.882267161050613,23.642634743986118],[57.882175375791341,23.642042025220217],[57.881871201685527,23.64210339341394],[57.8817350262972,23.641627338972263],[57.881322922135851,23.640748985075589],[57.88100184446855,23.640150038241256],[57.882213014144888,23.639841371253873],[57.882477505908767,23.641570580234585],[57.882115876573636,23.641639843717275],[57.882091120309326,23.641566534693489],[57.881995914280786,23.641584639783726],[57.882066906079537,23.641828786708359],[57.882139834046306,23.641812504504671],[57.882139779738182,23.641812154372904],[57.88214442233128,23.641811480371143],[57.882461736600021,23.641765414727416],[57.882562089252573,23.642595642660925]]]},"properties":{"OBJECTID":254,"Field_ID":"FL_254","Governorat":"North Al Batinah","Wilayat":"Barka","Plant_Type_EN":"Grass","Plant_Ty_AR":"عشب","Tree_Count":0,"Survey_Date":1785801600000,"Latitude":23.64099058,"Longitude":57.881921009999999,"Shape_Length":901.89754412141497,"Shape_Area":23089.369786002193}},{"type":"Feature","id":255,"geometry":{"type":"Polygon","coordinates":[[[57.882586708142163,23.642882308383673],[57.882419841446769,23.642877371876455],[57.882172351401167,23.642812723746424],[57.882151978984453,23.642738935502052],[57.882537666398449,23.642662182025578],[57.882586708142163,23.642882308383673]]]},"properties":{"OBJECTID":255,"Field_ID":"FL_255","Governorat":"North Al Batinah","Wilayat":"Barka","Plant_Type_EN":"Grass","Plant_Ty_AR":"عشب","Tree_Count":0,"Survey_Date":1785801600000,"Latitude":23.642779860000001,"Longitude":57.88239514,"Shape_Length":116.82626042126724,"Shape_Area":719.31817143158469}},{"type":"Feature","id":256,"geometry":{"type":"Polygon","coordinates":[[[57.881928780065898,23.642570867240096],[57.882056865739784,23.643179427666553],[57.881875171357123,23.643223573388756],[57.881708156457464,23.642612975246834],[57.881928780065898,23.642570867240096]]]},"properties":{"OBJECTID":256,"Field_ID":"FL_256","Governorat":"North Al Batinah","Wilayat":"Barka","Plant_Type_EN":"Grass","Plant_Ty_AR":"عشب","Tree_Count":0,"Survey_Date":1785801600000,"Latitude":23.64288754,"Longitude":57.881889739999998,"Shape_Length":180.50131486526044,"Shape_Area":1456.690577182072}},{"type":"Feature","id":257,"geometry":{"type":"Polygon","coordinates":[[[57.883839259448422,23.639400993893869],[57.883195670239594,23.636521961518966],[57.884383049662915,23.636305624018217],[57.884980291435916,23.639231620660482],[57.883839259448422,23.639400993893869]]]},"properties":{"OBJECTID":257,"Field_ID":"FL_257","Governorat":"North Al Batinah","Wilayat":"Barka","Plant_Type_EN":"Grass","Plant_Ty_AR":"عشب","Tree_Count":0,"Survey_Date":1784764800000,"Latitude":23.63785352,"Longitude":57.88409841,"Shape_Length":896.45400530935535,"Shape_Area":39514.663552516824}},{"type":"Feature","id":258,"geometry":{"type":"Polygon","coordinates":[[[57.881634642980423,23.636022158529347],[57.882849099286098,23.635723073294699],[57.8836063741253,23.639209116997559],[57.882402385391252,23.639375644665684],[57.88212393833728,23.638040389977618],[57.881634642980423,23.636022158529347]]]},"properties":{"OBJECTID":258,"Field_ID":"FL_258","Governorat":"North Al Batinah","Wilayat":"Barka","Plant_Type_EN":"Grass","Plant_Ty_AR":"عشب","Tree_Count":0,"Survey_Date":1784764800000,"Latitude":23.63757017,"Longitude":57.882630910000003,"Shape_Length":1025.5519220029823,"Shape_Area":48191.893540545017}},{"type":"Feature","id":259,"geometry":{"type":"Polygon","coordinates":[[[57.882883443656539,23.635578712017221],[57.881642153789691,23.635880198983727],[57.881088223646515,23.634006618238786],[57.881745006123566,23.633818264264917],[57.881904556795824,23.634446399798804],[57.882569739693338,23.634244722958744],[57.882883443656539,23.635578712017221]]]},"properties":{"OBJECTID":259,"Field_ID":"FL_259","Governorat":"North Al Batinah","Wilayat":"Barka","Plant_Type_EN":"Grass","Plant_Ty_AR":"عشب","Tree_Count":0,"Survey_Date":1784764800000,"Latitude":23.634907179999999,"Longitude":57.881977800000001,"Shape_Length":710.09628397873325,"Shape_Area":24732.524583916449}},{"type":"Feature","id":260,"geometry":{"type":"Polygon","coordinates":[[[57.884201291489092,23.635256968093309],[57.882930229511338,23.635566916376561],[57.882620643506328,23.634263924339642],[57.88392159498482,23.633925163576581],[57.884201291489092,23.635256968093309]]]},"properties":{"OBJECTID":260,"Field_ID":"FL_260","Governorat":"North Al Batinah","Wilayat":"Barka","Plant_Type_EN":"Grass","Plant_Ty_AR":"عشب","Tree_Count":0,"Survey_Date":1784764800000,"Latitude":23.634749889999998,"Longitude":57.883419420000003,"Shape_Length":569.89980276673941,"Shape_Area":20213.658463523021}},{"type":"Feature","id":261,"geometry":{"type":"Polygon","coordinates":[[[57.88098434472036,23.633926682672357],[57.880932945805384,23.633084544821379],[57.882998139765995,23.632507553126569],[57.883119249169098,23.632900588700036],[57.881712790904217,23.633278926188268],[57.881842646481054,23.633714794241762],[57.88098434472036,23.633926682672357]]]},"properties":{"OBJECTID":261,"Field_ID":"FL_261","Governorat":"North Al Batinah","Wilayat":"Barka","Plant_Type_EN":"Grass","Plant_Ty_AR":"عشب","Tree_Count":0,"Survey_Date":1784764800000,"Latitude":23.633174589999999,"Longitude":57.881822980000003,"Shape_Length":648.90951455637241,"Shape_Area":14108.58619094417}},{"type":"Feature","id":262,"geometry":{"type":"Polygon","coordinates":[[[57.885925578693268,23.631334878374979],[57.885242340057289,23.631496804164101],[57.885321643596406,23.631783185688786],[57.884276503625031,23.631958410779756],[57.883996664160733,23.630771118284546],[57.884055751655985,23.630760991801701],[57.884039386978635,23.630654511238522],[57.883971706067847,23.630665224987617],[57.883967283324992,23.630646454626202],[57.884989189645502,23.630401061214101],[57.884999208765649,23.630431151015937],[57.885390194492459,23.63035077079909],[57.885349433098092,23.630216360932526],[57.885560289845408,23.630174605631279],[57.885580170548891,23.630169780158234],[57.885596888650021,23.630223976880799],[57.885622784286021,23.630305255997442],[57.885700236531967,23.630571600547452],[57.885925578693268,23.631334878374979]]]},"properties":{"OBJECTID":262,"Field_ID":"FL_262","Governorat":"North Al Batinah","Wilayat":"Barka","Plant_Type_EN":"Grass","Plant_Ty_AR":"عشب","Tree_Count":0,"Survey_Date":1784764800000,"Latitude":23.631086799999999,"Longitude":57.884920919999999,"Shape_Length":700.0975233033065,"Shape_Area":24893.946334693355}},{"type":"Feature","id":263,"geometry":{"type":"Polygon","coordinates":[[[57.887315157938538,23.629498976391073],[57.887176940169574,23.629047891377507],[57.888169411899703,23.628706899500095],[57.888296125469516,23.629250659760586],[57.887315157938538,23.629498976391073]]]},"properties":{"OBJECTID":263,"Field_ID":"FL_263","Governorat":"North Al Batinah","Wilayat":"Barka","Plant_Type_EN":"Grass","Plant_Ty_AR":"عشب","Tree_Count":0,"Survey_Date":1784764800000,"Latitude":23.629120619999998,"Longitude":57.8877527,"Shape_Length":325.30386936637865,"Shape_Area":5984.4301545663502}},{"type":"Feature","id":264,"geometry":{"type":"Polygon","coordinates":[[[57.890532137417964,23.631622458293062],[57.888225063405862,23.632166337426519],[57.887847588739049,23.629825806159722],[57.888736674565457,23.629605167173146],[57.888981285096321,23.630584424465734],[57.890136876445609,23.630313112412132],[57.890532137417964,23.631622458293062]],[[57.888524365269213,23.629667873906932],[57.888242474374238,23.629732059890912],[57.888283697986061,23.629897088314628],[57.888564485954632,23.629835893635281],[57.888524365269213,23.629667873906932]]]},"properties":{"OBJECTID":264,"Field_ID":"FL_264","Governorat":"North Al Batinah","Wilayat":"Barka","Plant_Type_EN":"Grass","Plant_Ty_AR":"عشب","Tree_Count":0,"Survey_Date":1784764800000,"Latitude":23.631011090000001,"Longitude":57.889038480000004,"Shape_Length":1079.0723219499998,"Shape_Area":45468.835103590842}},{"type":"Feature","id":265,"geometry":{"type":"Polygon","coordinates":[[[57.88971663691742,23.634422806307196],[57.887690483878409,23.634786801052627],[57.887632387715406,23.634554921434397],[57.888340934891808,23.634426291645713],[57.88831739582649,23.634231885848596],[57.888164845578657,23.634254025192664],[57.888114472202346,23.634042812757052],[57.888241589236571,23.634017052775231],[57.888269431472466,23.634101838160642],[57.88899830527982,23.633951630869898],[57.888800743369011,23.63332611558085],[57.889175904407423,23.633234538140876],[57.889005150968458,23.632684949320584],[57.888192870480474,23.632877029443616],[57.888127959350754,23.632577745399271],[57.890742699903583,23.632100736978803],[57.891044874606386,23.633611528971315],[57.889568651323501,23.63387255209226],[57.889695284384985,23.634356710877515],[57.88971663691742,23.634422806307196]]]},"properties":{"OBJECTID":265,"Field_ID":"FL_265","Governorat":"North Al Batinah","Wilayat":"Barka","Plant_Type_EN":"Grass","Plant_Ty_AR":"عشب","Tree_Count":0,"Survey_Date":1784764800000,"Latitude":23.633324380000001,"Longitude":57.889595919999998,"Shape_Length":1423.6695896240333,"Shape_Area":47174.002740988668}},{"type":"Feature","id":266,"geometry":{"type":"Polygon","coordinates":[[[57.888614570325899,23.640648535921368],[57.887433031748351,23.640818098309705],[57.886836114809533,23.640905015306455],[57.886215968442698,23.641012018909546],[57.885932219303442,23.64106097761351],[57.885803538221481,23.640441115079458],[57.885772351013401,23.640294710627828],[57.886728100932395,23.640151517627313],[57.887290869169078,23.640079085978186],[57.88759656688503,23.640184287843869],[57.887704128845037,23.640071402111317],[57.887245782743037,23.63976081253395],[57.88723574562988,23.639687375006886],[57.88713964261084,23.639301509065209],[57.887976845075414,23.639149226680019],[57.887981453643476,23.639029445405964],[57.888260090824062,23.638985436571733],[57.888471005919087,23.639974976679046],[57.888614570325899,23.640648535921368]]]},"properties":{"OBJECTID":266,"Field_ID":"FL_266","Governorat":"North Al Batinah","Wilayat":"Barka","Plant_Type_EN":"Grass","Plant_Ty_AR":"عشب","Tree_Count":0,"Survey_Date":1784764800000,"Latitude":23.640191720000001,"Longitude":57.887385510000001,"Shape_Length":997.33216439162322,"Shape_Area":33311.630852717703}},{"type":"Feature","id":267,"geometry":{"type":"Polygon","coordinates":[[[57.886367747854329,23.64006664306957],[57.885758257529567,23.640154943678336],[57.885670434842496,23.639703363403683],[57.886288501822108,23.639664465120909],[57.886367747854329,23.64006664306957]]]},"properties":{"OBJECTID":267,"Field_ID":"FL_267","Governorat":"North Al Batinah","Wilayat":"Barka","Plant_Type_EN":"Grass","Plant_Ty_AR":"عشب","Tree_Count":0,"Survey_Date":1784764800000,"Latitude":23.639898030000001,"Longitude":57.88601534,"Shape_Length":222.17666489597769,"Shape_Area":3019.0536165576868}},{"type":"Feature","id":268,"geometry":{"type":"Polygon","coordinates":[[[57.887364602160034,23.636901946324127],[57.885176766871361,23.637310025954086],[57.884993256819051,23.636454040588255],[57.886271769976808,23.636170921857765],[57.886327439373304,23.636389145952101],[57.886545877019763,23.636337505452929],[57.887204442201956,23.636191238740413],[57.887325226470118,23.636727219560147],[57.887364602160034,23.636901946324127]]]},"properties":{"OBJECTID":268,"Field_ID":"FL_268","Governorat":"North Al Batinah","Wilayat":"Barka","Plant_Type_EN":"Grass","Plant_Ty_AR":"عشب","Tree_Count":0,"Survey_Date":1784764800000,"Latitude":23.636709920000001,"Longitude":57.886126900000001,"Shape_Length":655.72462707841282,"Shape_Area":20616.78167935805}},{"type":"Feature","id":269,"geometry":{"type":"Polygon","coordinates":[[[57.886761597982662,23.635633392217006],[57.886420920809172,23.635712681239671],[57.886172127174838,23.6357640009299],[57.886231143203233,23.636083010037318],[57.88543340288588,23.63623882550138],[57.885130253132402,23.636305669109728],[57.885084817044643,23.63631496398332],[57.885074097822681,23.636317304822299],[57.884988297979582,23.635884814915702],[57.884892000078615,23.635900678052213],[57.884864230168454,23.63576265443114],[57.885312053866663,23.635673773166257],[57.887016968607021,23.635352504386365],[57.887069914603622,23.635574246389364],[57.886761597982662,23.635633392217006]]]},"properties":{"OBJECTID":269,"Field_ID":"FL_269","Governorat":"North Al Batinah","Wilayat":"Barka","Plant_Type_EN":"Grass","Plant_Ty_AR":"عشب","Tree_Count":0,"Survey_Date":1784764800000,"Latitude":23.63582779,"Longitude":57.885819689999998,"Shape_Length":574.23167571078932,"Shape_Area":10306.858833443603}},{"type":"Feature","id":270,"geometry":{"type":"Polygon","coordinates":[[[57.88553889442381,23.63533821649051],[57.885538846442962,23.635338224893225],[57.885538973881161,23.635338806728257],[57.885525453789064,23.635340697537085],[57.885500929901539,23.635345896354512],[57.885429703815902,23.635360996183341],[57.885338686091877,23.635380290500127],[57.885281046942417,23.635392510085573],[57.885214612492803,23.635046262673335],[57.884752206301776,23.635145235130079],[57.88457080467898,23.634435940619866],[57.884805902853834,23.634380364502025],[57.88504443735345,23.634323975417473],[57.885206529519252,23.634291994008905],[57.885208585926932,23.634302293181541],[57.885277074569899,23.634670532622319],[57.885367036778945,23.63465718832197],[57.885366808681049,23.634656944857291],[57.88530382811539,23.634281087161572],[57.885463528850757,23.634240469209136],[57.885536068216979,23.634596499452144],[57.885560515278499,23.634618815188048],[57.885589893222075,23.634646335896328],[57.885598932459828,23.634654705704936],[57.885843716469914,23.634619831814817],[57.886223634331621,23.634565705193197],[57.886344796039054,23.634548443734964],[57.886406462553474,23.634539658190491],[57.886434004499463,23.634535733559126],[57.886569212819332,23.634516470551457],[57.886849127352548,23.63448149905981],[57.886946702258165,23.635147545262825],[57.885709325080754,23.635363426183517],[57.885582078664847,23.634675747991285],[57.885577148614523,23.634649094769749],[57.885402037782249,23.634686283759475],[57.88553889442381,23.63533821649051]]]},"properties":{"OBJECTID":270,"Field_ID":"FL_270","Governorat":"North Al Batinah","Wilayat":"Barka","Plant_Type_EN":"Grass","Plant_Ty_AR":"عشب","Tree_Count":0,"Survey_Date":1784764800000,"Latitude":23.63484751,"Longitude":57.885761819999999,"Shape_Length":925.86212009342012,"Shape_Area":17568.252629239025}},{"type":"Feature","id":272,"geometry":{"type":"Polygon","coordinates":[[[57.887396446760803,23.635003543894044],[57.887120559843126,23.635052524534206],[57.886964345478646,23.634374806663491],[57.886549416243369,23.634429783687789],[57.886229173336218,23.63447657760052],[57.886054135850564,23.634505517992679],[57.886046633012413,23.634460615920979],[57.885881909127917,23.634487862416751],[57.885810847006567,23.634123342887534],[57.885888316665358,23.634112975222244],[57.886493573288419,23.63402524444377],[57.887200878620959,23.633895575673211],[57.887396446760803,23.635003543894044]]]},"properties":{"OBJECTID":272,"Field_ID":"FL_272","Governorat":"North Al Batinah","Wilayat":"Barka","Plant_Type_EN":"Grass","Plant_Ty_AR":"عشب","Tree_Count":0,"Survey_Date":1784764800000,"Latitude":23.634339019999999,"Longitude":57.886725009999999,"Shape_Length":530.78895202648675,"Shape_Area":8873.4728082699658}},{"type":"Feature","id":274,"geometry":{"type":"Polygon","coordinates":[[[57.894337450658284,23.645224375833084],[57.894310182116314,23.645230587225441],[57.894242211840911,23.645018320105329],[57.89412603703186,23.644655508134306],[57.893866236844332,23.643844152702755],[57.893722468161691,23.643394955188352],[57.894344257357076,23.643234192634004],[57.894943673307807,23.645085058355502],[57.894337450658284,23.645224375833084]]]},"properties":{"OBJECTID":274,"Field_ID":"FL_274","Governorat":"North Al Batinah","Wilayat":"Barka","Plant_Type_EN":"Grass","Plant_Ty_AR":"عشب","Tree_Count":0,"Survey_Date":1785801600000,"Latitude":23.644237629999999,"Longitude":57.894331100000002,"Shape_Length":558.21889323842765,"Shape_Area":14092.555213887046}},{"type":"Feature","id":275,"geometry":{"type":"Polygon","coordinates":[[[57.891776881063564,23.645645746512002],[57.891605851219808,23.645670385654295],[57.891140699729576,23.645730158789423],[57.891197560315248,23.645987480297205],[57.890949466383113,23.646025943390104],[57.890735102227318,23.644735058549006],[57.891259376036132,23.644669673134988],[57.891369068343188,23.64524598598917],[57.891704935236667,23.645191304630956],[57.891776881063564,23.645645746512002]]]},"properties":{"OBJECTID":275,"Field_ID":"FL_275","Governorat":"North Al Batinah","Wilayat":"Barka","Plant_Type_EN":"Grass","Plant_Ty_AR":"عشب","Tree_Count":0,"Survey_Date":1785801600000,"Latitude":23.64531655,"Longitude":57.891180859999999,"Shape_Length":469.26908808838567,"Shape_Area":8784.9694343570791}},{"type":"Feature","id":276,"geometry":{"type":"Polygon","coordinates":[[[57.899993159666522,23.63526029071102],[57.898601533913912,23.635303287530956],[57.898595352410076,23.635191053415934],[57.898790218584416,23.635174954809241],[57.898761403005075,23.634523956554634],[57.899984976738978,23.634459479309225],[57.899993159666522,23.63526029071102]]]},"properties":{"OBJECTID":276,"Field_ID":"FL_276","Governorat":"North Al Batinah","Wilayat":"Barka","Plant_Type_EN":"Grass","Plant_Ty_AR":"عشب","Tree_Count":0,"Survey_Date":1785801600000,"Latitude":23.63489204,"Longitude":57.89937097,"Shape_Length":460.25968373681081,"Shape_Area":11031.497239767335}},{"type":"Feature","id":277,"geometry":{"type":"Polygon","coordinates":[[[57.900755210182943,23.635104277579952],[57.900760543349477,23.634617244601145],[57.900959756295968,23.63460331371957],[57.900964920360018,23.635104656453915],[57.900755210182943,23.635104277579952]]]},"properties":{"OBJECTID":277,"Field_ID":"FL_277","Governorat":"North Al Batinah","Wilayat":"Barka","Plant_Type_EN":"Grass","Plant_Ty_AR":"عشب","Tree_Count":0,"Survey_Date":1785801600000,"Latitude":23.634859469999999,"Longitude":57.900860610000002,"Shape_Length":151.20979056359295,"Shape_Area":1141.1865645247617}},{"type":"Feature","id":285,"geometry":{"type":"Polygon","coordinates":[[[57.900530669073127,23.641720313811906],[57.900619947301145,23.64132432618192],[57.90085301597486,23.64136272837283],[57.900792065224792,23.641749135772304],[57.900530669073127,23.641720313811906]]]},"properties":{"OBJECTID":285,"Field_ID":"FL_285","Governorat":"North Al Batinah","Wilayat":"Barka","Plant_Type_EN":"Grass","Plant_Ty_AR":"عشب","Tree_Count":0,"Survey_Date":1785801600000,"Latitude":23.641542439999998,"Longitude":57.900697579999999,"Shape_Length":139.01577815811112,"Shape_Area":1120.7965669451855}},{"type":"Feature","id":286,"geometry":{"type":"Polygon","coordinates":[[[57.90033741665107,23.643488496212903],[57.901188911991767,23.643585496259316],[57.901160075996799,23.64387813348754],[57.900292312876118,23.64405531385199],[57.90033741665107,23.643488496212903]]]},"properties":{"OBJECTID":286,"Field_ID":"FL_286","Governorat":"North Al Batinah","Wilayat":"Barka","Plant_Type_EN":"Grass","Plant_Ty_AR":"عشب","Tree_Count":0,"Survey_Date":1785801600000,"Latitude":23.64375369,"Longitude":57.900698939999998,"Shape_Length":273.6341098377884,"Shape_Area":4155.1317765727363}},{"type":"Feature","id":287,"geometry":{"type":"Polygon","coordinates":[[[57.899948256295758,23.638171003966857],[57.899525351040381,23.638173457336251],[57.899510666188355,23.637782807631563],[57.899951441444138,23.63778337931058],[57.899948256295758,23.638171003966857]]]},"properties":{"OBJECTID":287,"Field_ID":"FL_287","Governorat":"North Al Batinah","Wilayat":"Barka","Plant_Type_EN":"Grass","Plant_Ty_AR":"عشب","Tree_Count":0,"Survey_Date":1785801600000,"Latitude":23.63797632,"Longitude":57.89973363,"Shape_Length":174.29781893712476,"Shape_Area":1897.9504556691236}},{"type":"Feature","id":289,"geometry":{"type":"Polygon","coordinates":[[[57.884912514094609,23.64771064451552],[57.884291180485356,23.646412954893865],[57.884961307786952,23.646187086140724],[57.885379851888537,23.647613769536335],[57.884912514094609,23.64771064451552]]]},"properties":{"OBJECTID":289,"Field_ID":"FL_289","Governorat":"North Al Batinah","Wilayat":"Barka","Plant_Type_EN":"Grass","Plant_Ty_AR":"عشب","Tree_Count":0,"Survey_Date":1785801600000,"Latitude":23.646935089999999,"Longitude":57.884871130000001,"Shape_Length":442.30640791836515,"Shape_Area":9696.5173060100515}},{"type":"Feature","id":296,"geometry":{"type":"Polygon","coordinates":[[[57.882784787588889,23.641623263433019],[57.882553014987593,23.640391905689413],[57.882914156715387,23.640321382273441],[57.882770193059123,23.63970567180823],[57.883727646570854,23.639556512969257],[57.884116250613474,23.641417683905264],[57.882784787588889,23.641623263433019]]]},"properties":{"OBJECTID":296,"Field_ID":"FL_296","Governorat":"North Al Batinah","Wilayat":"Barka","Plant_Type_EN":"Grass","Plant_Ty_AR":"عشب","Tree_Count":0,"Survey_Date":1784764800000,"Latitude":23.640646919999998,"Longitude":57.88332552,"Shape_Length":692.36128212640483,"Shape_Area":25919.490167582113}},{"type":"Feature","id":300,"geometry":{"type":"Polygon","coordinates":[[[57.883839259448422,23.639400993893869],[57.883195670239594,23.636521961518966],[57.884383049662915,23.636305624018217],[57.884980291435916,23.639231620660482],[57.883839259448422,23.639400993893869]]]},"properties":{"OBJECTID":300,"Field_ID":"FL_300","Governorat":"North Al Batinah","Wilayat":"Barka","Plant_Type_EN":"Grass","Plant_Ty_AR":"عشب","Tree_Count":0,"Survey_Date":1784764800000,"Latitude":23.63785352,"Longitude":57.88409841,"Shape_Length":896.45400530935535,"Shape_Area":39514.663552516824}},{"type":"Feature","id":301,"geometry":{"type":"Polygon","coordinates":[[[57.881656824777643,23.636016767700909],[57.882849099286098,23.635723073294699],[57.8836063741253,23.639209116997559],[57.882402385391252,23.639375644665684],[57.881656824777643,23.636016767700909]]]},"properties":{"OBJECTID":301,"Field_ID":"FL_301","Governorat":"North Al Batinah","Wilayat":"Barka","Plant_Type_EN":"Grass","Plant_Ty_AR":"عشب","Tree_Count":0,"Survey_Date":1784764800000,"Latitude":23.637576750000001,"Longitude":57.88263147,"Shape_Length":1023.2954154493173,"Shape_Area":48263.989463960752}},{"type":"Feature","id":304,"geometry":{"type":"Polygon","coordinates":[[[57.880955242522084,23.633887462168961],[57.880932945805384,23.633084544821379],[57.882998139765995,23.632507553126569],[57.883119249169098,23.632900588700036],[57.881712790904217,23.633278926188268],[57.881842646481054,23.633714794241762],[57.880955242522084,23.633887462168961]]]},"properties":{"OBJECTID":304,"Field_ID":"FL_304","Governorat":"North Al Batinah","Wilayat":"Barka","Plant_Type_EN":"Grass","Plant_Ty_AR":"عشب","Tree_Count":0,"Survey_Date":1784764800000,"Latitude":23.633168009999999,"Longitude":57.881824160000001,"Shape_Length":646.3255729013506,"Shape_Area":14010.681100345533}},{"type":"Feature","id":306,"geometry":{"type":"Polygon","coordinates":[[[57.887315157938538,23.629498976391073],[57.887176940169574,23.629047891377507],[57.888169411899703,23.628706899500095],[57.888296125469516,23.629250659760586],[57.887315157938538,23.629498976391073]]]},"properties":{"OBJECTID":306,"Field_ID":"FL_306","Governorat":"North Al Batinah","Wilayat":"Barka","Plant_Type_EN":"Grass","Plant_Ty_AR":"عشب","Tree_Count":0,"Survey_Date":1784764800000,"Latitude":23.629120619999998,"Longitude":57.8877527,"Shape_Length":325.30386936637865,"Shape_Area":5984.4301545663502}},{"type":"Feature","id":320,"geometry":{"type":"Polygon","coordinates":[[[57.900755210182943,23.635104277579952],[57.900760543349477,23.634617244601145],[57.900959756295968,23.63460331371957],[57.900964920360018,23.635104656453915],[57.900755210182943,23.635104277579952]]]},"properties":{"OBJECTID":320,"Field_ID":"FL_320","Governorat":"North Al Batinah","Wilayat":"Barka","Plant_Type_EN":"Grass","Plant_Ty_AR":"عشب","Tree_Count":0,"Survey_Date":1785801600000,"Latitude":23.634859469999999,"Longitude":57.900860610000002,"Shape_Length":151.20979056359295,"Shape_Area":1141.1865645247617}},{"type":"Feature","id":323,"geometry":{"type":"Polygon","coordinates":[[[57.89150256411002,23.643739835027091],[57.891285531699154,23.642256885961622],[57.891329632830356,23.642149265052772],[57.892388825402477,23.641941565688448],[57.89265265141465,23.643563776512782],[57.892660703183132,23.643612142354097],[57.891954508366133,23.643691819773778],[57.891547235503019,23.643737769096575],[57.89150256411002,23.643739835027091]]]},"properties":{"OBJECTID":323,"Field_ID":"FL_323","Governorat":"North Al Batinah","Wilayat":"Barka","Plant_Type_EN":"Seasonal Crops","Plant_Ty_AR":"المحاصيل الموسمية","Tree_Count":0,"Survey_Date":1785801600000,"Latitude":23.642867540000001,"Longitude":57.891962839999998,"Shape_Length":594.89122618107194,"Shape_Area":21355.292163966449}},{"type":"Feature","id":324,"geometry":{"type":"Polygon","coordinates":[[[57.890166277451726,23.642204476095515],[57.89070912941358,23.642115388309936],[57.89076822140332,23.642311683725179],[57.891148140496163,23.642241360220005],[57.8911751219471,23.642393638471404],[57.891383264567501,23.643777092157116],[57.891233711328802,23.643787286305376],[57.890522397159373,23.643854129671055],[57.890166277451726,23.642204476095515]]]},"properties":{"OBJECTID":324,"Field_ID":"FL_324","Governorat":"North Al Batinah","Wilayat":"Barka","Plant_Type_EN":"Seasonal Crops","Plant_Ty_AR":"المحاصيل الموسمية","Tree_Count":0,"Survey_Date":1785801600000,"Latitude":23.6429951,"Longitude":57.890790879999997,"Shape_Length":564.50037039263259,"Shape_Area":16818.358181353546}},{"type":"Feature","id":325,"geometry":{"type":"Polygon","coordinates":[[[57.895346516758934,23.645339318752789],[57.895177527684375,23.645454511588586],[57.894864610577365,23.645537437362979],[57.894292077621344,23.645668585964479],[57.893136604525999,23.645851113346225],[57.892767299951586,23.643541646627174],[57.893013197762698,23.643497459901454],[57.893135632509342,23.644046950809997],[57.893584235202312,23.643955383504967],[57.893708200576,23.643930766021793],[57.894125340796926,23.645280863788173],[57.894232503371875,23.645251715682516],[57.89426867966025,23.645349750301662],[57.894419008412761,23.645313810362921],[57.894973166218087,23.645181320467987],[57.895245705815235,23.645121202077764],[57.89528663751301,23.645131998278728],[57.895346516758934,23.645339318752789]]]},"properties":{"OBJECTID":325,"Field_ID":"FL_325","Governorat":"North Al Batinah","Wilayat":"Barka","Plant_Type_EN":"Seasonal Crops","Plant_Ty_AR":"المحاصيل الموسمية","Tree_Count":0,"Survey_Date":1785801600000,"Latitude":23.64492787,"Longitude":57.893659280000001,"Shape_Length":949.5327976910911,"Shape_Area":26022.865839797316}},{"type":"Feature","id":326,"geometry":{"type":"Polygon","coordinates":[[[57.891203640044125,23.646001242570055],[57.891188182312909,23.645945039745328],[57.891140699729576,23.645730158789423],[57.891642157016456,23.645664088443578],[57.891676781392512,23.64593949947184],[57.891203640044125,23.646001242570055]]]},"properties":{"OBJECTID":326,"Field_ID":"FL_326","Governorat":"North Al Batinah","Wilayat":"Barka","Plant_Type_EN":"Seasonal Crops","Plant_Ty_AR":"المحاصيل الموسمية","Tree_Count":0,"Survey_Date":1785801600000,"Latitude":23.645832550000002,"Longitude":57.891415100000003,"Shape_Length":161.80567186891389,"Shape_Area":1542.6230321511805}},{"type":"Feature","id":327,"geometry":{"type":"Polygon","coordinates":[[[57.891258017298185,23.644522324549186],[57.891207624981298,23.644202724795615],[57.890714982128287,23.644249541040409],[57.890668331062685,23.644026347487348],[57.891137834301084,23.643968532501621],[57.891308010647279,23.643949625089956],[57.891373740693012,23.644213630751057],[57.891463289242651,23.644192933149576],[57.891523034149095,23.644450119687814],[57.891531892016225,23.644498999390933],[57.891258017298185,23.644522324549186]]]},"properties":{"OBJECTID":327,"Field_ID":"FL_327","Governorat":"North Al Batinah","Wilayat":"Barka","Plant_Type_EN":"Seasonal Crops","Plant_Ty_AR":"المحاصيل الموسمية","Tree_Count":0,"Survey_Date":1785801600000,"Latitude":23.644192700000001,"Longitude":57.891141089999998,"Shape_Length":279.30595979926204,"Shape_Area":2678.1917407324117}},{"type":"Feature","id":328,"geometry":{"type":"Polygon","coordinates":[[[57.885697409412813,23.647440730574587],[57.885523888819712,23.646472711079646],[57.885759585632186,23.646432614973655],[57.885982905676677,23.64738200479011],[57.885697409412813,23.647440730574587]]]},"properties":{"OBJECTID":328,"Field_ID":"FL_328","Governorat":"North Al Batinah","Wilayat":"Barka","Plant_Type_EN":"Seasonal Crops","Plant_Ty_AR":"المحاصيل الموسمية","Tree_Count":0,"Survey_Date":1785801600000,"Latitude":23.646947879999999,"Longitude":57.885744019999997,"Shape_Length":270.47028043778926,"Shape_Area":2932.131284303357}},{"type":"Feature","id":329,"geometry":{"type":"Polygon","coordinates":[[[57.885372613912644,23.647589096703399],[57.8850701189942,23.646557991395145],[57.885417374268002,23.646468361711833],[57.885602249719689,23.647292625162585],[57.885650871160379,23.64752164733601],[57.885372613912644,23.647589096703399]]]},"properties":{"OBJECTID":329,"Field_ID":"FL_329","Governorat":"North Al Batinah","Wilayat":"Barka","Plant_Type_EN":"Seasonal Crops","Plant_Ty_AR":"المحاصيل الموسمية","Tree_Count":0,"Survey_Date":1785801600000,"Latitude":23.647015020000001,"Longitude":57.885373450000003,"Shape_Length":303.41800041160678,"Shape_Area":3931.5039306204671}},{"type":"Feature","id":330,"geometry":{"type":"Polygon","coordinates":[[[57.884303547401707,23.646365493629169],[57.884141735072951,23.645983467267424],[57.884606661555878,23.64585700530538],[57.884657905465758,23.646020868053732],[57.884865122274974,23.645965045866713],[57.884923262044197,23.646172368018529],[57.884303547401707,23.646365493629169]]]},"properties":{"OBJECTID":330,"Field_ID":"FL_330","Governorat":"North Al Batinah","Wilayat":"Barka","Plant_Type_EN":"Seasonal Crops","Plant_Ty_AR":"المحاصيل الموسمية","Tree_Count":0,"Survey_Date":1785801600000,"Latitude":23.646105800000001,"Longitude":57.884511439999997,"Shape_Length":226.1872213239279,"Shape_Area":2626.4713386189678}},{"type":"Feature","id":331,"geometry":{"type":"Polygon","coordinates":[[[57.885043342234226,23.645331327661605],[57.884879830786609,23.64489458433432],[57.885303681254015,23.644755811177898],[57.885231596567287,23.644465488181801],[57.885399172221376,23.64442992002386],[57.885364386302676,23.644251177291164],[57.885786034598645,23.644138986586633],[57.885988082238804,23.645111572241472],[57.885043342234226,23.645331327661605]]]},"properties":{"OBJECTID":331,"Field_ID":"FL_331","Governorat":"North Al Batinah","Wilayat":"Barka","Plant_Type_EN":"Seasonal Crops","Plant_Ty_AR":"المحاصيل الموسمية","Tree_Count":0,"Survey_Date":1785801600000,"Latitude":23.64480142,"Longitude":57.885493879999999,"Shape_Length":421.44463063489258,"Shape_Area":8565.0678883850669}},{"type":"Feature","id":332,"geometry":{"type":"Polygon","coordinates":[[[57.883773892589971,23.636392294240753],[57.88360196671966,23.635556834692689],[57.884238774739316,23.635398176259361],[57.884422831276758,23.636291251298115],[57.883773892589971,23.636392294240753]]]},"properties":{"OBJECTID":332,"Field_ID":"FL_332","Governorat":"North Al Batinah","Wilayat":"Barka","Plant_Type_EN":"Seasonal Crops","Plant_Ty_AR":"المحاصيل الموسمية","Tree_Count":0,"Survey_Date":1784764800000,"Latitude":23.635908950000001,"Longitude":57.884012949999999,"Shape_Length":329.22264737816124,"Shape_Area":6536.1513860731475}},{"type":"Feature","id":333,"geometry":{"type":"Polygon","coordinates":[[[57.884480642022091,23.634096783635766],[57.884250263629269,23.633071578903614],[57.884797741861554,23.632981845791896],[57.88468332264312,23.632411612063027],[57.885865562989686,23.632202009545569],[57.885963719053358,23.632710706369078],[57.885390054517593,23.632830231466485],[57.885431962825834,23.633039566734446],[57.885283035277602,23.633070678399623],[57.885393789476012,23.63344237613401],[57.885456057614128,23.633432590412681],[57.885517447490031,23.633901659973116],[57.884480642022091,23.634096783635766]]]},"properties":{"OBJECTID":333,"Field_ID":"FL_333","Governorat":"North Al Batinah","Wilayat":"Barka","Plant_Type_EN":"Seasonal Crops","Plant_Ty_AR":"المحاصيل الموسمية","Tree_Count":0,"Survey_Date":1784764800000,"Latitude":23.63314879,"Longitude":57.885049039999998,"Shape_Length":725.38333276898607,"Shape_Area":20067.541071430933}},{"type":"Feature","id":334,"geometry":{"type":"Polygon","coordinates":[[[57.886323604295839,23.633822405528413],[57.885934035060195,23.632026272530236],[57.886101404214394,23.631982635050797],[57.886520453670734,23.633795247749269],[57.886323604295839,23.633822405528413]]]},"properties":{"OBJECTID":334,"Field_ID":"FL_334","Governorat":"North Al Batinah","Wilayat":"Barka","Plant_Type_EN":"Seasonal Crops","Plant_Ty_AR":"المحاصيل الموسمية","Tree_Count":0,"Survey_Date":1784764800000,"Latitude":23.63292701,"Longitude":57.88622462,"Shape_Length":446.04065208665941,"Shape_Area":3872.8603581409193}},{"type":"Feature","id":335,"geometry":{"type":"Polygon","coordinates":[[[57.886053495472801,23.633104965182625],[57.885484758233225,23.633226788254017],[57.885390054517593,23.632830231466485],[57.885963719053358,23.632710706369078],[57.886053495472801,23.633104965182625]]]},"properties":{"OBJECTID":335,"Field_ID":"FL_335","Governorat":"North Al Batinah","Wilayat":"Barka","Plant_Type_EN":"Seasonal Crops","Plant_Ty_AR":"المحاصيل الموسمية","Tree_Count":0,"Survey_Date":1784764800000,"Latitude":23.632968009999999,"Longitude":57.885722569999999,"Shape_Length":209.11834644136349,"Shape_Area":2676.611562537918}},{"type":"Feature","id":336,"geometry":{"type":"Polygon","coordinates":[[[57.88284181296649,23.632471313307956],[57.882700159303972,23.632075243110151],[57.883425390784403,23.63191651778731],[57.883524449000944,23.632309368837923],[57.88284181296649,23.632471313307956]]]},"properties":{"OBJECTID":336,"Field_ID":"FL_336","Governorat":"North Al Batinah","Wilayat":"Barka","Plant_Type_EN":"Seasonal Crops","Plant_Ty_AR":"المحاصيل الموسمية","Tree_Count":0,"Survey_Date":1784764800000,"Latitude":23.6321917,"Longitude":57.883120599999998,"Shape_Length":238.77112703863597,"Shape_Area":3354.0930029253068}},{"type":"Feature","id":337,"geometry":{"type":"Polygon","coordinates":[[[57.883535813882574,23.633282646737637],[57.883441857680836,23.632933517636371],[57.8831947673267,23.632998056431695],[57.883077500817038,23.632550105355655],[57.88348095430176,23.632436729103144],[57.883640960259648,23.632393040445802],[57.883815935816799,23.633216310597199],[57.883535813882574,23.633282646737637]]]},"properties":{"OBJECTID":337,"Field_ID":"FL_337","Governorat":"North Al Batinah","Wilayat":"Barka","Plant_Type_EN":"Seasonal Crops","Plant_Ty_AR":"المحاصيل الموسمية","Tree_Count":0,"Survey_Date":1784764800000,"Latitude":23.632804620000002,"Longitude":57.883476899999998,"Shape_Length":299.4812685273983,"Shape_Area":4261.0427567287625}},{"type":"Feature","id":338,"geometry":{"type":"Polygon","coordinates":[[[57.882270113936279,23.63154019961155],[57.882178932641295,23.631208449385142],[57.88289049329569,23.631047953733823],[57.882965836739658,23.631369557704321],[57.882270113936279,23.63154019961155]]]},"properties":{"OBJECTID":338,"Field_ID":"FL_338","Governorat":"North Al Batinah","Wilayat":"Barka","Plant_Type_EN":"Seasonal Crops","Plant_Ty_AR":"المحاصيل الموسمية","Tree_Count":0,"Survey_Date":1784764800000,"Latitude":23.631291610000002,"Longitude":57.882573870000002,"Shape_Length":222.48947154534795,"Shape_Area":2751.8733634732921}},{"type":"Feature","id":339,"geometry":{"type":"Polygon","coordinates":[[[57.882108126259155,23.631607005552084],[57.881993294769487,23.631620046755955],[57.881903759479528,23.631640092886506],[57.881876472305002,23.631535906869093],[57.881685081593716,23.631582965792678],[57.881672151794383,23.631514990469768],[57.881602656166059,23.631529297406352],[57.88158334057831,23.631475819482812],[57.881936535812279,23.631398301761035],[57.881893566910378,23.631221879438765],[57.881842327614898,23.631044941418484],[57.881555898836119,23.631115525896956],[57.881620791540719,23.631323914389981],[57.881570588375006,23.631333178394485],[57.881502466712455,23.631126716686417],[57.881449444760541,23.63095402375027],[57.8818087031147,23.630876675115687],[57.882362328024918,23.630710480808379],[57.88245298954935,23.631084321159754],[57.882155365549693,23.631159851309249],[57.882162053615509,23.631201161720096],[57.882038866945294,23.631235827882975],[57.882091610533308,23.63152503030518],[57.882108126259155,23.631607005552084]]]},"properties":{"OBJECTID":339,"Field_ID":"FL_339","Governorat":"North Al Batinah","Wilayat":"Barka","Plant_Type_EN":"Seasonal Crops","Plant_Ty_AR":"المحاصيل الموسمية","Tree_Count":0,"Survey_Date":1784764800000,"Latitude":23.63111159,"Longitude":57.88198242,"Shape_Length":485.3868664907049,"Shape_Area":4500.9614714119043}},{"type":"Feature","id":340,"geometry":{"type":"Polygon","coordinates":[[[57.880917379107103,23.631905851176999],[57.880830147263332,23.63128517771527],[57.880880127543008,23.631273363677892],[57.881282934381858,23.631129699939294],[57.881451926988298,23.631766244713397],[57.880917379107103,23.631905851176999]]]},"properties":{"OBJECTID":340,"Field_ID":"FL_340","Governorat":"North Al Batinah","Wilayat":"Barka","Plant_Type_EN":"Seasonal Crops","Plant_Ty_AR":"المحاصيل الموسمية","Tree_Count":0,"Survey_Date":1784764800000,"Latitude":23.631529960000002,"Longitude":57.881125150000003,"Shape_Length":247.85192771978393,"Shape_Area":3704.7254475731056}},{"type":"Feature","id":342,"geometry":{"type":"Polygon","coordinates":[[[57.883168613229003,23.631941081909151],[57.883027274632674,23.63148839951419],[57.883298658533285,23.631419750447282],[57.88341548156874,23.63189400780303],[57.883168613229003,23.631941081909151]]]},"properties":{"OBJECTID":342,"Field_ID":"FL_342","Governorat":"North Al Batinah","Wilayat":"Barka","Plant_Type_EN":"Seasonal Crops","Plant_Ty_AR":"المحاصيل الموسمية","Tree_Count":0,"Survey_Date":1784764800000,"Latitude":23.631681369999999,"Longitude":57.88322702,"Shape_Length":160.42272927725844,"Shape_Area":1440.7778334380002}},{"type":"Feature","id":343,"geometry":{"type":"Polygon","coordinates":[[[57.889674521690971,23.634347579420066],[57.889566019925873,23.633876011074253],[57.889658319711209,23.633855777569661],[57.8905148850438,23.633704891316047],[57.89064317324533,23.634167744173272],[57.890318042501697,23.634252780688456],[57.890306845192661,23.634255419069813],[57.890291724893821,23.63420606213371],[57.889701842023797,23.634351938704413],[57.889676797262638,23.634357472635447],[57.889674521690971,23.634347579420066]]]},"properties":{"OBJECTID":343,"Field_ID":"FL_343","Governorat":"North Al Batinah","Wilayat":"Barka","Plant_Type_EN":"Seasonal Crops","Plant_Ty_AR":"المحاصيل الموسمية","Tree_Count":0,"Survey_Date":1784764800000,"Latitude":23.634023880000001,"Longitude":57.890099929999998,"Shape_Length":312.28273366394467,"Shape_Area":5305.9693294149802}},{"type":"Feature","id":344,"geometry":{"type":"Polygon","coordinates":[[[57.901903924058843,23.635793899940374],[57.901902115304189,23.635815222247274],[57.901560946855525,23.635812779122254],[57.901292623996717,23.635805228904164],[57.901360172336261,23.635590147803143],[57.901423468839972,23.63555263425517],[57.901457612036637,23.635449183461503],[57.901488957414642,23.635336306016146],[57.901588900295536,23.635261433704912],[57.901633507851017,23.635161176260297],[57.90162052749838,23.635109422763691],[57.901630263009942,23.635059270454487],[57.901687968383357,23.635061426022929],[57.901721155489327,23.635000640443632],[57.901783632493093,23.6348270796239],[57.90213796837206,23.634910788391583],[57.90236542977852,23.6349620068506],[57.90230497692621,23.635128414546497],[57.90205957595537,23.635803917121162],[57.90205255019729,23.635787241648369],[57.902041020047598,23.635786354026909],[57.901903924058843,23.635793899940374]]]},"properties":{"OBJECTID":344,"Field_ID":"FL_344","Governorat":"North Al Batinah","Wilayat":"Barka","Plant_Type_EN":"Seasonal Crops","Plant_Ty_AR":"المحاصيل الموسمية","Tree_Count":0,"Survey_Date":1785801600000,"Latitude":23.63536835,"Longitude":57.901853240000001,"Shape_Length":368.89216532048476,"Shape_Area":7308.061556205711}},{"type":"Feature","id":345,"geometry":{"type":"Polygon","coordinates":[[[57.900098445104931,23.635256369562651],[57.900099322721744,23.635065972688508],[57.900633443064976,23.635065894367944],[57.900641336194234,23.635251812835541],[57.900098445104931,23.635256369562651]]]},"properties":{"OBJECTID":345,"Field_ID":"FL_345","Governorat":"North Al Batinah","Wilayat":"Barka","Plant_Type_EN":"Seasonal Crops","Plant_Ty_AR":"المحاصيل الموسمية","Tree_Count":0,"Survey_Date":1785801600000,"Latitude":23.63516027,"Longitude":57.900367080000002,"Shape_Length":151.54599273844224,"Shape_Area":1144.462088592823}},{"type":"Feature","id":346,"geometry":{"type":"Polygon","coordinates":[[[57.899991981719637,23.636052968880456],[57.89909597668283,23.636062887247093],[57.898551244259608,23.635320155218896],[57.89854242090567,23.635308923612932],[57.898662690058273,23.63530139868929],[57.898944336621824,23.635292697327738],[57.900013201698165,23.635263406955417],[57.899991981719637,23.636052968880456]]]},"properties":{"OBJECTID":346,"Field_ID":"FL_346","Governorat":"North Al Batinah","Wilayat":"Barka","Plant_Type_EN":"Seasonal Crops","Plant_Ty_AR":"المحاصيل الموسمية","Tree_Count":0,"Survey_Date":1785801600000,"Latitude":23.635639090000002,"Longitude":57.899401830000002,"Shape_Length":429.75641237083482,"Shape_Area":10433.296167710077}},{"type":"Feature","id":347,"geometry":{"type":"Polygon","coordinates":[[[57.902373419843741,23.634940012728435],[57.901715656408228,23.634776012554934],[57.901684819884991,23.634742703145147],[57.901567231244577,23.634609854670515],[57.901572541379949,23.634570856352141],[57.901582585550031,23.634563775628454],[57.901683156818713,23.634564716526487],[57.901682278635761,23.63443863558231],[57.901928167044879,23.634441691286813],[57.902551193753652,23.634449432249806],[57.902373419843741,23.634940012728435]]]},"properties":{"OBJECTID":347,"Field_ID":"FL_347","Governorat":"North Al Batinah","Wilayat":"Barka","Plant_Type_EN":"Seasonal Crops","Plant_Ty_AR":"المحاصيل الموسمية","Tree_Count":0,"Survey_Date":1785801600000,"Latitude":23.634645299999999,"Longitude":57.902085270000001,"Shape_Length":269.10607772562406,"Shape_Area":3838.2759868554231}},{"type":"Feature","id":348,"geometry":{"type":"Polygon","coordinates":[[[57.888121733541858,23.628682292047017],[57.887606068537835,23.628855308151884],[57.887400682111895,23.628380934752702],[57.887989224363714,23.628129016134714],[57.888121733541858,23.628682292047017]]]},"properties":{"OBJECTID":348,"Field_ID":"FL_348","Governorat":"North Al Batinah","Wilayat":"Barka","Plant_Type_EN":"Seasonal Crops","Plant_Ty_AR":"المحاصيل الموسمية","Tree_Count":0,"Survey_Date":1784764800000,"Latitude":23.62850353,"Longitude":57.887781230000002,"Shape_Length":241.46333858916569,"Shape_Area":3609.5526344051627}},{"type":"Feature","id":349,"geometry":{"type":"Polygon","coordinates":[[[57.887606068537835,23.628855308151884],[57.887195289095501,23.62899136274903],[57.887020926647999,23.628547418993488],[57.887400682111895,23.628380934752702],[57.887606068537835,23.628855308151884]]]},"properties":{"OBJECTID":349,"Field_ID":"FL_349","Governorat":"North Al Batinah","Wilayat":"Barka","Plant_Type_EN":"Uncultivated Area","Plant_Ty_AR":"منطقة غير مزروعة","Tree_Count":0,"Survey_Date":1784764800000,"Latitude":23.628694289999999,"Longitude":57.887309000000002,"Shape_Length":196.25046748433891,"Shape_Area":2374.277429383244}},{"type":"Feature","id":350,"geometry":{"type":"Polygon","coordinates":[[[57.887140276915133,23.629015764729818],[57.886889664654255,23.629090913941894],[57.886762173551084,23.628713674084729],[57.886992948970494,23.628621968173455],[57.887140276915133,23.629015764729818]]]},"properties":{"OBJECTID":350,"Field_ID":"FL_350","Governorat":"North Al Batinah","Wilayat":"Barka","Plant_Type_EN":"Seasonal Crops","Plant_Ty_AR":"المحاصيل الموسمية","Tree_Count":0,"Survey_Date":1784764800000,"Latitude":23.628861860000001,"Longitude":57.886947939999999,"Shape_Length":142.3875634354639,"Shape_Area":1177.5284834466963}},{"type":"Feature","id":351,"geometry":{"type":"Polygon","coordinates":[[[57.883419524285074,23.629864428725018],[57.883391345624261,23.629736773007423],[57.884261625083703,23.62948944068884],[57.884299714235496,23.629599831098336],[57.883419524285074,23.629864428725018]]]},"properties":{"OBJECTID":351,"Field_ID":"FL_351","Governorat":"North Al Batinah","Wilayat":"Barka","Plant_Type_EN":"Seasonal Crops","Plant_Ty_AR":"المحاصيل الموسمية","Tree_Count":0,"Survey_Date":1784764800000,"Latitude":23.629675150000001,"Longitude":57.883834950000001,"Shape_Length":214.60044668970875,"Shape_Area":1272.3787690786457}},{"type":"Feature","id":352,"geometry":{"type":"Polygon","coordinates":[[[57.883310508246602,23.634079318882144],[57.883089858448372,23.633428512948871],[57.88377003737655,23.63326393040559],[57.88392159498482,23.633925163576581],[57.883310508246602,23.634079318882144]]]},"properties":{"OBJECTID":352,"Field_ID":"FL_352","Governorat":"North Al Batinah","Wilayat":"Barka","Plant_Type_EN":"Seasonal Crops","Plant_Ty_AR":"المحاصيل الموسمية","Tree_Count":0,"Survey_Date":1784764800000,"Latitude":23.633668660000001,"Longitude":57.883520869999998,"Shape_Length":286.68255137350258,"Shape_Area":5118.6130441590603}},{"type":"Feature","id":353,"geometry":{"type":"Polygon","coordinates":[[[57.882043870892815,23.632186426107861],[57.881787084267046,23.632248701980426],[57.881539461357654,23.632308754971035],[57.881405767407081,23.632333484664166],[57.881175354862428,23.632376103292096],[57.88088532245704,23.632429749509491],[57.880868074891943,23.632282098557663],[57.880939230616583,23.632277009592745],[57.880905020165635,23.631965942543658],[57.881402784067433,23.631848693365747],[57.881422411757327,23.631913942733828],[57.881942404742368,23.631790817575407],[57.882043870892815,23.632186426107861]]]},"properties":{"OBJECTID":353,"Field_ID":"FL_353","Governorat":"North Al Batinah","Wilayat":"Barka","Plant_Type_EN":"Mixed Vegetation","Plant_Ty_AR":"غطاء نباتي مختلط","Tree_Count":0,"Survey_Date":1784764800000,"Latitude":23.632104009999999,"Longitude":57.881435789999998,"Shape_Length":339.28731425355159,"Shape_Area":5457.5458716365893}},{"type":"Feature","id":354,"geometry":{"type":"Polygon","coordinates":[[[57.882257115499776,23.632328931326345],[57.882126547421727,23.63236557963085],[57.88218830810564,23.63265935145051],[57.881642356859537,23.632779880213761],[57.881552329049008,23.632355882112787],[57.881938763106071,23.6322688896547],[57.882217935657408,23.632206042750614],[57.882257115499776,23.632328931326345]]]},"properties":{"OBJECTID":354,"Field_ID":"FL_354","Governorat":"North Al Batinah","Wilayat":"Barka","Plant_Type_EN":"Mixed Vegetation","Plant_Ty_AR":"غطاء نباتي مختلط","Tree_Count":0,"Survey_Date":1784764800000,"Latitude":23.63249235,"Longitude":57.881890550000001,"Shape_Length":236.23269984204518,"Shape_Area":2938.7753868639638}},{"type":"Feature","id":355,"geometry":{"type":"Polygon","coordinates":[[[57.883789360970802,23.636413794339916],[57.883141798568708,23.636532379571115],[57.882951403010352,23.635689084369204],[57.883598532172698,23.63553078073517],[57.883789360970802,23.636413794339916]]]},"properties":{"OBJECTID":355,"Field_ID":"FL_355","Governorat":"North Al Batinah","Wilayat":"Barka","Plant_Type_EN":"Mixed Vegetation","Plant_Ty_AR":"غطاء نباتي مختلط","Tree_Count":0,"Survey_Date":1784764800000,"Latitude":23.636040120000001,"Longitude":57.883372450000003,"Shape_Length":330.69902331159932,"Shape_Area":6608.6718138407159}},{"type":"Feature","id":356,"geometry":{"type":"Polygon","coordinates":[[[57.882569341736939,23.639581041937472],[57.882529986703226,23.63935799628986],[57.8836063741253,23.639209116997559],[57.883663607827174,23.639200777734082],[57.883705450526975,23.639417039411718],[57.882569341736939,23.639581041937472]]]},"properties":{"OBJECTID":356,"Field_ID":"FL_356","Governorat":"North Al Batinah","Wilayat":"Barka","Plant_Type_EN":"Mixed Vegetation","Plant_Ty_AR":"غطاء نباتي مختلط","Tree_Count":0,"Survey_Date":1784764800000,"Latitude":23.639389770000001,"Longitude":57.88311427,"Shape_Length":283.57725521263922,"Shape_Area":2886.3402166984492}},{"type":"Feature","id":357,"geometry":{"type":"Polygon","coordinates":[[[57.8848783340677,23.643202237560505],[57.884798317836761,23.642729924665854],[57.885639721672099,23.642614952305582],[57.885724690725446,23.643054021345893],[57.8848783340677,23.643202237560505]]]},"properties":{"OBJECTID":357,"Field_ID":"FL_357","Governorat":"North Al Batinah","Wilayat":"Barka","Plant_Type_EN":"Seasonal Crops","Plant_Ty_AR":"المحاصيل الموسمية","Tree_Count":0,"Survey_Date":1785801600000,"Latitude":23.642901519999999,"Longitude":57.885255479999998,"Shape_Length":276.94423292176509,"Shape_Area":4465.4726862468133}},{"type":"Feature","id":358,"geometry":{"type":"Polygon","coordinates":[[[57.885195959988998,23.643951379717077],[57.885045568927801,23.643499631716217],[57.885015696574065,23.643368991287158],[57.885095617697246,23.643356850477669],[57.885772920688076,23.643253961126391],[57.885800197977346,23.643382469318745],[57.885884195995047,23.643778198433889],[57.885195959988998,23.643951379717077]]]},"properties":{"OBJECTID":358,"Field_ID":"FL_358","Governorat":"North Al Batinah","Wilayat":"Barka","Plant_Type_EN":"Mixed Vegetation","Plant_Ty_AR":"غطاء نباتي مختلط","Tree_Count":0,"Survey_Date":1785801600000,"Latitude":23.643586509999999,"Longitude":57.885456189999999,"Shape_Length":277.29260327354802,"Shape_Area":4788.1481650783553}},{"type":"Feature","id":359,"geometry":{"type":"Polygon","coordinates":[[[57.88377951879324,23.644308024466174],[57.883692654571583,23.643932959318885],[57.883823616275805,23.643909651072605],[57.883834528158552,23.64394422287495],[57.883938137298706,23.644274607059568],[57.88377951879324,23.644308024466174]]]},"properties":{"OBJECTID":359,"Field_ID":"FL_359","Governorat":"North Al Batinah","Wilayat":"Barka","Plant_Type_EN":"Mixed Vegetation","Plant_Ty_AR":"غطاء نباتي مختلط","Tree_Count":0,"Survey_Date":1785801600000,"Latitude":23.64411247,"Longitude":57.883810019999999,"Shape_Length":114.72583372035508,"Shape_Area":637.41102308768018}},{"type":"Feature","id":360,"geometry":{"type":"Polygon","coordinates":[[[57.883251346195479,23.643915373876052],[57.883194276544508,23.643740582536317],[57.883557026189507,23.643680152347564],[57.883650846146423,23.643664522608329],[57.883688539387386,23.643830262158851],[57.883669847641414,23.643834484547181],[57.883637101787599,23.643840778570176],[57.883529503482372,23.643861458910497],[57.883251346195479,23.643915373876052]]]},"properties":{"OBJECTID":360,"Field_ID":"FL_360","Governorat":"North Al Batinah","Wilayat":"Barka","Plant_Type_EN":"Seasonal Crops","Plant_Ty_AR":"المحاصيل الموسمية","Tree_Count":0,"Survey_Date":1785801600000,"Latitude":23.64378773,"Longitude":57.883443630000002,"Shape_Length":131.86286620115618,"Shape_Area":903.49612251095436}},{"type":"Feature","id":361,"geometry":{"type":"Polygon","coordinates":[[[57.884614412622376,23.644960901325454],[57.884416925903928,23.64450320290802],[57.885009693712405,23.644345514199539],[57.885049567599566,23.644448893234035],[57.885182407698302,23.64441606154757],[57.885150185952114,23.644308170753803],[57.885364386302676,23.644251177291164],[57.885399172221376,23.64442992002386],[57.884783925665637,23.644624249313598],[57.884883429848053,23.644893405897346],[57.884879494194294,23.644894392971004],[57.885043342234226,23.645331327661605],[57.884954262557315,23.645352047821117],[57.884843552146393,23.645377800241985],[57.884800416465033,23.645388920879387],[57.884614046564209,23.644960993733484],[57.884614412622376,23.644960901325454]]]},"properties":{"OBJECTID":361,"Field_ID":"FL_361","Governorat":"North Al Batinah","Wilayat":"Barka","Plant_Type_EN":"Mixed Vegetation","Plant_Ty_AR":"غطاء نباتي مختلط","Tree_Count":0,"Survey_Date":1785801600000,"Latitude":23.644759489999998,"Longitude":57.884831009999999,"Shape_Length":424.97524457987453,"Shape_Area":4274.9096364434035}},{"type":"Feature","id":362,"geometry":{"type":"Polygon","coordinates":[[[57.885759585632186,23.646432614973655],[57.885485187866379,23.64648128395817],[57.885363832882348,23.645988852379219],[57.885065960967935,23.646053354908425],[57.884905526970257,23.64563366271755],[57.885400733954711,23.645490441106858],[57.885541131036611,23.645950459312228],[57.885549236550837,23.645949042871273],[57.885592672581247,23.645941451806632],[57.885668436638511,23.645928210835386],[57.885759585632186,23.646432614973655]]]},"properties":{"OBJECTID":362,"Field_ID":"FL_362","Governorat":"North Al Batinah","Wilayat":"Barka","Plant_Type_EN":"Mixed Vegetation","Plant_Ty_AR":"غطاء نباتي مختلط","Tree_Count":0,"Survey_Date":1785801600000,"Latitude":23.64594559,"Longitude":57.885363550000001,"Shape_Length":340.56851371751048,"Shape_Area":4319.5707368897993}},{"type":"Feature","id":365,"geometry":{"type":"Polygon","coordinates":[[[57.879614334531972,23.645312958027525],[57.878805974305223,23.64548415716245],[57.878456625520798,23.644333191970741],[57.87925077283596,23.644191180030376],[57.879614334531972,23.645312958027525]]]},"properties":{"OBJECTID":365,"Field_ID":"FL_365","Governorat":"North Al Batinah","Wilayat":"Barka","Plant_Type_EN":"Seasonal Crops","Plant_Ty_AR":"محاصيل موسمية","Tree_Count":0,"Survey_Date":1785801600000,"Latitude":23.644833259999999,"Longitude":57.87903128,"Shape_Length":429.05936791706546,"Shape_Area":10913.168240867377}},{"type":"Feature","id":366,"geometry":{"type":"Polygon","coordinates":[[[57.882646759349939,23.643174976478207],[57.882436328760576,23.643212320053578],[57.882377993828818,23.642866441061081],[57.882419841446769,23.642877371876455],[57.882604677788855,23.642881970373992],[57.882646759349939,23.643174976478207]]]},"properties":{"OBJECTID":366,"Field_ID":"FL_366","Governorat":"North Al Batinah","Wilayat":"Barka","Plant_Type_EN":"Uncultivated Area","Plant_Ty_AR":"منطقة غير مزروعة","Tree_Count":0,"Survey_Date":1785801600000,"Latitude":23.6430352,"Longitude":57.882513850000002,"Shape_Length":116.63486937620684,"Shape_Area":784.32909345940334}},{"type":"Feature","id":367,"geometry":{"type":"Polygon","coordinates":[[[57.888350312990319,23.645001243235999],[57.888319487668134,23.644957562429305],[57.888272242450924,23.64462719911689],[57.888418282926246,23.644601873193828],[57.888476862408524,23.644903658508856],[57.88840310612256,23.645002136604017],[57.888350312990319,23.645001243235999]]]},"properties":{"OBJECTID":367,"Field_ID":"FL_367","Governorat":"North Al Batinah","Wilayat":"Barka","Plant_Type_EN":"Seasonal Crops","Plant_Ty_AR":"محاصيل موسمية","Tree_Count":0,"Survey_Date":1784505600000,"Latitude":23.644797839999999,"Longitude":57.888373809999997,"Shape_Length":110.39641895633244,"Shape_Area":643.12324360184721}},{"type":"Feature","id":369,"geometry":{"type":"Polygon","coordinates":[[[57.89064317324533,23.634167744173272],[57.8905148850438,23.633704891316047],[57.891099609451771,23.633583499040896],[57.891214786228133,23.63401923054127],[57.89064317324533,23.634167744173272]]]},"properties":{"OBJECTID":369,"Field_ID":"FL_369","Governorat":"North Al Batinah","Wilayat":"Barka","Plant_Type_EN":"Uncultivated Area","Plant_Ty_AR":"منطقة غير مزروعة","Tree_Count":0,"Survey_Date":1784764800000,"Latitude":23.633869199999999,"Longitude":57.890864970000003,"Shape_Length":224.27018696883133,"Shape_Area":3119.4077760484947}},{"type":"Feature","id":370,"geometry":{"type":"Polygon","coordinates":[[[57.900099322721744,23.635065972688508],[57.900075457438497,23.63452598134047],[57.900102773387424,23.634504413485779],[57.900416882526905,23.634581336417483],[57.900662960554826,23.634780452345126],[57.900663209893963,23.635057795987318],[57.900099322721744,23.635065972688508]]]},"properties":{"OBJECTID":370,"Field_ID":"FL_370","Governorat":"North Al Batinah","Wilayat":"Barka","Plant_Type_EN":"Seasonal Crops","Plant_Ty_AR":"محاصيل موسمية","Tree_Count":0,"Survey_Date":1785801600000,"Latitude":23.634822249999999,"Longitude":57.900346460000002,"Shape_Length":218.30437510540605,"Shape_Area":2997.5008431608794}},{"type":"Feature","id":371,"geometry":{"type":"Polygon","coordinates":[[[57.901241482501781,23.635824517553438],[57.900783811113087,23.635843503233573],[57.900774545781523,23.635638036779035],[57.900907147234769,23.635638579892404],[57.900906711674651,23.635687677403418],[57.901258751287187,23.635686299710819],[57.901241482501781,23.635824517553438]]]},"properties":{"OBJECTID":371,"Field_ID":"FL_371","Governorat":"North Al Batinah","Wilayat":"Barka","Plant_Type_EN":"Seasonal Crops","Plant_Ty_AR":"محاصيل موسمية","Tree_Count":0,"Survey_Date":1785801600000,"Latitude":23.6357517,"Longitude":57.900995889999997,"Shape_Length":139.7789819354746,"Shape_Area":851.7149613236711}},{"type":"Feature","id":372,"geometry":{"type":"Polygon","coordinates":[[[57.901513664332114,23.634628348234489],[57.901457303527188,23.634621085341934],[57.901409553516672,23.634620898598989],[57.901266159226672,23.634683329763092],[57.901136929585412,23.634762339749859],[57.901134643834958,23.634957337528594],[57.901123900467113,23.635031857551944],[57.901062645292306,23.635103904528805],[57.900964920360018,23.635104656453915],[57.900960224528752,23.634648815785596],[57.900963601455679,23.634579997978175],[57.901514785163734,23.634567400429649],[57.901513664332114,23.634628348234489]]]},"properties":{"OBJECTID":372,"Field_ID":"FL_372","Governorat":"North Al Batinah","Wilayat":"Barka","Plant_Type_EN":"Uncultivated Area","Plant_Ty_AR":"منطقة غير مزروعة","Tree_Count":0,"Survey_Date":1785801600000,"Latitude":23.63477176,"Longitude":57.90111521,"Shape_Length":213.78311933595418,"Shape_Area":1403.4327475222724}},{"type":"Feature","id":373,"geometry":{"type":"Polygon","coordinates":[[[57.898770901191867,23.636929812143439],[57.898545515371666,23.636936245478484],[57.898542820136704,23.636866408859657],[57.89836027926583,23.636870262556581],[57.89827204218863,23.636872063373307],[57.898271972703647,23.63682754165653],[57.898250023738605,23.636827022988289],[57.898251659433498,23.636704243051796],[57.898853001142001,23.636701139535209],[57.898853858863227,23.636810105091573],[57.898774288685843,23.636814411105494],[57.898770901191867,23.636929812143439]]]},"properties":{"OBJECTID":373,"Field_ID":"FL_373","Governorat":"North Al Batinah","Wilayat":"Barka","Plant_Type_EN":"Mixed Vegetation","Plant_Ty_AR":"غطاء نباتي مختلط","Tree_Count":0,"Survey_Date":1785801600000,"Latitude":23.63679848,"Longitude":57.898557930000003,"Shape_Length":173.44923340044556,"Shape_Area":1236.0298566878321}},{"type":"Feature","id":374,"geometry":{"type":"Polygon","coordinates":[[[57.898239173846683,23.636677131884209],[57.898243255548103,23.63658696662192],[57.900049466902374,23.63658453242385],[57.900052305562717,23.636631353849545],[57.898852654284667,23.63665708728524],[57.898852828203403,23.636679113407418],[57.898239173846683,23.636677131884209]]]},"properties":{"OBJECTID":374,"Field_ID":"FL_374","Governorat":"North Al Batinah","Wilayat":"Barka","Plant_Type_EN":"Mixed Vegetation","Plant_Ty_AR":"غطاء نباتي مختلط","Tree_Count":0,"Survey_Date":1785801600000,"Latitude":23.636622840000001,"Longitude":57.899029400000003,"Shape_Length":386.86615894125123,"Shape_Area":1429.3918416002577}},{"type":"Feature","id":375,"geometry":{"type":"Polygon","coordinates":[[[57.891954225152396,23.645860685932348],[57.891786682625209,23.644635237292643],[57.892786956110051,23.644528962901035],[57.8929923032101,23.645718705987949],[57.891954225152396,23.645860685932348]]]},"properties":{"OBJECTID":375,"Field_ID":"FL_375","Governorat":"North Al Batinah","Wilayat":"Barka","Plant_Type_EN":"Seasonal Crops","Plant_Ty_AR":"منطقة غير مزروعة","Tree_Count":0,"Survey_Date":1785801600000,"Latitude":23.645190360000001,"Longitude":57.892378540000003,"Shape_Length":479.88263498134438,"Shape_Area":14160.593338346662}},{"type":"Feature","id":376,"geometry":{"type":"Polygon","coordinates":[[[57.892073432523077,23.644358255004441],[57.8920551943297,23.644148039967423],[57.892098319364734,23.644143606463],[57.892078310725672,23.643984184692332],[57.892504687062051,23.643933682093422],[57.892567919629876,23.644297604032978],[57.892073432523077,23.644358255004441]]]},"properties":{"OBJECTID":376,"Field_ID":"FL_376","Governorat":"North Al Batinah","Wilayat":"Barka","Plant_Type_EN":"Mixed Vegetation","Plant_Ty_AR":"غطاء نباتي مختلط","Tree_Count":0,"Survey_Date":1785801600000,"Latitude":23.644149500000001,"Longitude":57.892305469999997,"Shape_Length":181.08092659590835,"Shape_Area":1942.0206421618161}},{"type":"Feature","id":377,"geometry":{"type":"Polygon","coordinates":[[[57.880587822937613,23.645995449589421],[57.880766799835996,23.646867940485805],[57.880175377641997,23.646997282311158],[57.879921721210259,23.646221629903522],[57.880587822937613,23.645995449589421]]]},"properties":{"OBJECTID":377,"Field_ID":"FL_377","Governorat":"North Al Batinah","Wilayat":"Barka","Plant_Type_EN":"Uncultivated Area","Plant_Ty_AR":"منطقة غير مزروعة","Tree_Count":0,"Survey_Date":1785801600000,"Latitude":23.646509129999998,"Longitude":57.880364739999997,"Shape_Length":322.41322169080217,"Shape_Area":6285.7164205965628}},{"type":"Feature","id":378,"geometry":{"type":"Polygon","coordinates":[[[57.880175377641997,23.646997282311158],[57.880766799835996,23.646867940485805],[57.881093406303528,23.648418178584471],[57.880667490646474,23.648502080352461],[57.880175377641997,23.646997282311158]]]},"properties":{"OBJECTID":378,"Field_ID":"FL_378","Governorat":"North Al Batinah","Wilayat":"Barka","Plant_Type_EN":"Citrus","Plant_Ty_AR":"حمضيات","Tree_Count":69,"Survey_Date":1785801600000,"Latitude":23.647654209999999,"Longitude":57.880664770000003,"Shape_Length":455.27605552597316,"Shape_Area":9267.589305220492}},{"type":"Feature","id":379,"geometry":{"type":"Polygon","coordinates":[[[57.885478332727118,23.646453467621679],[57.885417374268002,23.646468361711833],[57.8850701189942,23.646557991395145],[57.884961307786952,23.646187086140724],[57.884929667761369,23.646076081401763],[57.885083767172674,23.646049499583082],[57.885363832882348,23.645988852379219],[57.885478332727118,23.646453467621679]],[[57.885210148653073,23.646071447456187],[57.885167415261854,23.646080165206115],[57.885179262673404,23.646117307467598],[57.885223589121004,23.646107108408728],[57.885210148653073,23.646071447456187]]]},"properties":{"OBJECTID":379,"Field_ID":"FL_379","Governorat":"North Al Batinah","Wilayat":"Barka","Plant_Type_EN":"Citrus","Plant_Ty_AR":"حمضيات","Tree_Count":16,"Survey_Date":1785801600000,"Latitude":23.646269889999999,"Longitude":57.885208579999997,"Shape_Length":214.13963803624185,"Shape_Area":2359.4353178886599}},{"type":"Feature","id":385,"geometry":{"type":"Polygon","coordinates":[[[57.882242991384643,23.643305943683036],[57.882163702241009,23.64324903179218],[57.882141420556593,23.643066956518258],[57.882331122035218,23.64303749156613],[57.882373844858201,23.643287891183853],[57.882242991384643,23.643305943683036]]]},"properties":{"OBJECTID":385,"Field_ID":"FL_385","Governorat":"North Al Batinah","Wilayat":"Barka","Plant_Type_EN":"Seasonal Crops","Plant_Ty_AR":"المحاصيل الموسمية","Tree_Count":0,"Survey_Date":1785801600000,"Latitude":23.64317256,"Longitude":57.882258120000003,"Shape_Length":91.722586426622456,"Shape_Area":536.63075180148144}},{"type":"Feature","id":386,"geometry":{"type":"Polygon","coordinates":[[[57.882481316933088,23.639720717498669],[57.882698261674179,23.639690119920488],[57.882710815032127,23.639754808655184],[57.882493772075954,23.63978276315207],[57.882481316933088,23.639720717498669]]]},"properties":{"OBJECTID":386,"Field_ID":"FL_386","Governorat":"North Al Batinah","Wilayat":"Barka","Plant_Type_EN":"Banana","Plant_Ty_AR":"موز","Tree_Count":19,"Survey_Date":1784764800000,"Latitude":23.639736989999999,"Longitude":57.88259678,"Shape_Length":59.002984280109715,"Shape_Area":159.42588488080014}},{"type":"Feature","id":388,"geometry":{"type":"Polygon","coordinates":[[[57.88897692568257,23.628481055087988],[57.888825988076391,23.628617528757488],[57.888679192945787,23.62867541206867],[57.888782366066884,23.629077342973478],[57.888296125469516,23.629250659760586],[57.888201267361865,23.628843600414644],[57.888169411899703,23.628706899500095],[57.888962374484976,23.628445389888757],[57.88897692568257,23.628481055087988]]]},"properties":{"OBJECTID":388,"Field_ID":"FL_388","Governorat":"North Al Batinah","Wilayat":"Barka","Plant_Type_EN":"Sidr","Plant_Ty_AR":"السدر","Tree_Count":158,"Survey_Date":1784764800000,"Latitude":23.628860769999999,"Longitude":57.888507910000001,"Shape_Length":288.48797950667654,"Shape_Area":3544.2180959991529}},{"type":"Feature","id":395,"geometry":{"type":"Polygon","coordinates":[[[57.888270360833587,23.644645037184251],[57.888400864341101,23.644624760633402],[57.888456056128319,23.644915610498323],[57.888393748518958,23.645006721552679],[57.888321245368992,23.64501780638799],[57.888305219721303,23.644915760247422],[57.888270360833587,23.644645037184251],[57.888302843384913,23.644712598052646],[57.888304943576557,23.64471087356111],[57.888270360833587,23.644645037184251]]]},"properties":{"OBJECTID":395,"Field_ID":"FL_395","Governorat":"North Al Batinah","Wilayat":"Barka","Plant_Type_EN":"Grass","Plant_Ty_AR":"عشب","Tree_Count":0,"Survey_Date":1785801600000,"Latitude":23.644816200000001,"Longitude":57.888361619999998,"Shape_Length":123.77665182258249,"Shape_Area":570.46977690930453}},{"type":"Feature","id":407,"geometry":{"type":"Polygon","coordinates":[[[57.884732878697903,23.641522663797321],[57.885265428891401,23.641423638263799],[57.88529582642947,23.64156913869548],[57.885439940896013,23.641563816190718],[57.885530416618323,23.642050130029819],[57.884832526055483,23.642157232564678],[57.884732924243579,23.641529439323186],[57.884732878697903,23.641522663797321]]]},"properties":{"OBJECTID":407,"Field_ID":"FL_407","Governorat":"North Al Batinah","Wilayat":"Barka","Plant_Type_EN":"Seasonal Crops","Plant_Ty_AR":"المحاصيل الموسمية","Tree_Count":0,"Survey_Date":1785801600000,"Latitude":23.64179845,"Longitude":57.885116099999998,"Shape_Length":284.32724056018537,"Shape_Area":4885.0833306754221}}]}