{"type":"FeatureCollection","features":[{"type":"Feature","id":2,"geometry":{"type":"Polygon","coordinates":[[[57.886586678748003,23.63620999273283],[57.886545629216599,23.636054094317696],[57.886597861389539,23.636044282381917],[57.886577066946707,23.63597381725749],[57.886617979635275,23.63596499037525],[57.886612104434889,23.635933414753961],[57.886659946111735,23.635865318363823],[57.886669657860416,23.635872935509866],[57.886691379051491,23.635833836557179],[57.886743213212384,23.635863921988978],[57.886726083075587,23.635892253876687],[57.886712024713496,23.635882206692198],[57.886675758355665,23.635937960665686],[57.886679167030223,23.635953967517018],[57.886688069722062,23.63595907026874],[57.886697192534449,23.635996854867916],[57.88670309958453,23.636022966861166],[57.886710743462856,23.636023551788096],[57.886738889761915,23.636114257065266],[57.886747408324453,23.636112833697538],[57.886755370677598,23.636155605157441],[57.886664894950137,23.63617478155145],[57.886670992440358,23.636193797840061],[57.886586678748003,23.63620999273283]]]},"properties":{"OBJECTID":2,"Shape_Length":120.59544015257686,"Shape_Area":469.45587374622471,"Governorate":"Al Batinah South","Wilayat":"Barka","Building_Type":"House","Latitude":23.636052060000001,"Longitude":57.886650340000003,"Building_ID":"BF_002"}},{"type":"Feature","id":4,"geometry":{"type":"Polygon","coordinates":[[[57.884709048269997,23.63565643121353],[57.884707717323636,23.635656822145425],[57.884706340291977,23.63565698956641],[57.884704954445297,23.635656928945131],[57.884703597292436,23.635656641922342],[57.884702305565632,23.635656136266505],[57.88470111422631,23.635655425663522],[57.884700055518863,23.635654529346336],[57.884699158097888,23.635653471574351],[57.884698446252685,23.635652280976867],[57.884698069208696,23.635650750174175],[57.884697962342635,23.63564917724738],[57.88469812886931,23.63564760951401],[57.884698563779175,23.635646094135357],[57.884699253989069,23.635644676697755],[57.884700178735777,23.635643399841232],[57.884701310200626,23.635642301976787],[57.884702614346367,23.635641416130895],[57.884704051941064,23.635640768951991],[57.884705579738323,23.635640379908814],[57.884707151778223,23.635640260704744],[57.884708720769922,23.635640414925735],[57.884710239514263,23.635640837932439],[57.884709902298546,23.635621730897551],[57.88476000062515,23.635622044859311],[57.884759812661628,23.635652135066554],[57.884759074346817,23.635677793711309],[57.88470833231974,23.635678562742847],[57.884709048269997,23.63565643121353]]]},"properties":{"OBJECTID":4,"Shape_Length":24.511145104837766,"Shape_Area":33.805889394963245,"Governorate":"Al Batinah South","Wilayat":"Barka","Building_Type":"Room","Latitude":23.63565006,"Longitude":57.884732829999997,"Building_ID":"BF_004"}},{"type":"Feature","id":5,"geometry":{"type":"Polygon","coordinates":[[[57.884791598240504,23.635711134891555],[57.884750176439631,23.635711317883782],[57.8847517325041,23.635689763221848],[57.884792753076958,23.635691438589813],[57.884791598240504,23.635711134891555]]]},"properties":{"OBJECTID":5,"Shape_Length":12.989494018527243,"Shape_Area":9.6136958111446749,"Governorate":"Al Batinah South","Wilayat":"Barka","Building_Type":"Room","Latitude":23.635700920000001,"Longitude":57.88477125,"Building_ID":"BF_005"}},{"type":"Feature","id":6,"geometry":{"type":"Polygon","coordinates":[[[57.88463253201185,23.635526230889656],[57.88458878567041,23.635303441969651],[57.884714142708013,23.635279244762295],[57.884709887936424,23.635268297885119],[57.884747125904376,23.635261764000632],[57.884756956197243,23.635314177406393],[57.884720986037188,23.635321328171919],[57.884757688686932,23.635506324975687],[57.88463253201185,23.635526230889656]]]},"properties":{"OBJECTID":6,"Shape_Length":86.707024641380599,"Shape_Area":349.51907771250563,"Governorate":"Al Batinah South","Wilayat":"Barka","Building_Type":null,"Latitude":23.635396709999998,"Longitude":57.884677009999997,"Building_ID":"BF_006"}},{"type":"Feature","id":7,"geometry":{"type":"Polygon","coordinates":[[[57.887247206976227,23.645874802811839],[57.88722418546935,23.645756440600895],[57.88720338019877,23.645758691189226],[57.887209591758982,23.645787852372926],[57.887056550140514,23.645811539104976],[57.88706600344365,23.645858948895803],[57.887022766744757,23.645865112180086],[57.886996557102144,23.645732644886465],[57.887283634461774,23.645682071744766],[57.887326549941029,23.645862226082091],[57.887247206976227,23.645874802811839]]]},"properties":{"OBJECTID":7,"Shape_Length":117.72238350399681,"Shape_Area":396.87003915957217,"Governorate":"Al Batinah South","Wilayat":"Barka","Building_Type":null,"Latitude":23.645771010000001,"Longitude":57.887169329999999,"Building_ID":"BF_007"}},{"type":"Feature","id":8,"geometry":{"type":"Polygon","coordinates":[[[57.887964612199376,23.64509084392564],[57.887964306811341,23.6451262256798],[57.887899754354635,23.645126344243188],[57.887900881828955,23.645212653547933],[57.887645298377642,23.64523870728166],[57.887633223602435,23.645104284145724],[57.887689588567838,23.645101703486223],[57.887687473527023,23.645070852472099],[57.88769727161754,23.645069792025417],[57.887697180223967,23.645056243700221],[57.887863491017107,23.645039985038125],[57.887867379219735,23.645091400708029],[57.887964612199376,23.64509084392564]]]},"properties":{"OBJECTID":8,"Shape_Length":105.58936785672584,"Shape_Area":500.53449434674957,"Governorate":"Al Batinah South","Wilayat":"Barka","Building_Type":null,"Latitude":23.645141710000001,"Longitude":57.887778490000002,"Building_ID":"BF_008"}},{"type":"Feature","id":9,"geometry":{"type":"Polygon","coordinates":[[[57.88730200054011,23.645339454716801],[57.887309167407139,23.645408220108393],[57.887207974112464,23.645418503087416],[57.887201884079168,23.645367373663841],[57.887266466768843,23.645359505790207],[57.887265403357432,23.645343854062638],[57.88730200054011,23.645339454716801]]]},"properties":{"OBJECTID":9,"Shape_Length":35.873389672267969,"Shape_Area":67.100635460490011,"Governorate":"Al Batinah South","Wilayat":"Barka","Building_Type":null,"Latitude":23.645383509999998,"Longitude":57.887258760000002,"Building_ID":"BF_009"}},{"type":"Feature","id":10,"geometry":{"type":"Polygon","coordinates":[[[57.88672606705299,23.645594599355004],[57.886716593494256,23.645503131731065],[57.887019978768684,23.645469696104435],[57.887022694372213,23.645562027886335],[57.88672606705299,23.645594599355004]]]},"properties":{"OBJECTID":10,"Shape_Length":82.034948222837116,"Shape_Area":313.63126708993161,"Governorate":"Al Batinah South","Wilayat":"Barka","Building_Type":null,"Latitude":23.645532190000001,"Longitude":57.88687135,"Building_ID":"BF_010"}},{"type":"Feature","id":11,"geometry":{"type":"Polygon","coordinates":[[[57.884728015859828,23.644198541177417],[57.884749304896928,23.644294378965068],[57.884552773913413,23.644349269308311],[57.884524385136523,23.644263254516197],[57.88455215219502,23.644256773744925],[57.884552123122525,23.644252448500531],[57.884661731579769,23.64422420705932],[57.884663566521368,23.644228522000926],[57.884693861978633,23.644222027682929],[57.884691237390328,23.644207735114254],[57.884728015859828,23.644198541177417]]]},"properties":{"OBJECTID":11,"Shape_Length":65.919397886824925,"Shape_Area":216.98362892917658,"Governorate":"Al Batinah South","Wilayat":"Barka","Building_Type":"Rest House","Latitude":23.64427684,"Longitude":57.884639380000003,"Building_ID":"BF_011"}},{"type":"Feature","id":12,"geometry":{"type":"Polygon","coordinates":[[[57.884428024137435,23.643519050466637],[57.884453941623505,23.643660877995806],[57.884257089921086,23.643690825281102],[57.884230161266601,23.643547162764776],[57.884428024137435,23.643519050466637]]]},"properties":{"OBJECTID":12,"Shape_Length":72.83703705371741,"Shape_Area":326.81699570695201,"Governorate":"Al Batinah South","Wilayat":"Barka","Building_Type":null,"Latitude":23.64360447,"Longitude":57.884342070000002,"Building_ID":"BF_012"}},{"type":"Feature","id":13,"geometry":{"type":"Polygon","coordinates":[[[57.884617446367997,23.643947583771009],[57.884626964646849,23.644011376465571],[57.884561494618545,23.644018728048902],[57.884543438731043,23.643924280772222],[57.884580119318613,23.643919642252616],[57.884584249401954,23.643944521639835],[57.884625160620651,23.643937567564745],[57.884626037327557,23.643947079549914],[57.884617446367997,23.643947583771009]]]},"properties":{"OBJECTID":13,"Shape_Length":37.216482281782234,"Shape_Area":65.719454860475381,"Governorate":"Al Batinah South","Wilayat":"Barka","Building_Type":null,"Latitude":23.643971799999999,"Longitude":57.884584949999997,"Building_ID":"BF_013"}},{"type":"Feature","id":14,"geometry":{"type":"Polygon","coordinates":[[[57.883899284612021,23.632274433818917],[57.883873333180475,23.63217262774501],[57.883940497718136,23.632157747800353],[57.883933493924317,23.632130101064615],[57.884024020994275,23.632110739960876],[57.884047537360907,23.632190640162818],[57.884027367691367,23.632195408385801],[57.884037792548483,23.632243742347111],[57.883899284612021,23.632274433818917]]]},"properties":{"OBJECTID":14,"Shape_Length":62.526791596667849,"Shape_Area":211.87214670094045,"Governorate":"Al Batinah South","Wilayat":"Barka","Building_Type":"Room","Latitude":23.632195209999999,"Longitude":57.88396418,"Building_ID":"BF_014"}},{"type":"Feature","id":15,"geometry":{"type":"Polygon","coordinates":[[[57.885383441382224,23.631970371264853],[57.885328951142277,23.63197859246991],[57.885324474453768,23.631951397430832],[57.885378984434197,23.631945967900627],[57.885383441382224,23.631970371264853]]]},"properties":{"OBJECTID":15,"Shape_Length":17.010771084769484,"Shape_Area":16.224881404532425,"Governorate":"Al Batinah South","Wilayat":"Barka","Building_Type":"Room","Latitude":23.631961660000002,"Longitude":57.885353479999999,"Building_ID":"BF_015"}},{"type":"Feature","id":16,"geometry":{"type":"Polygon","coordinates":[[[57.884615643617572,23.632065953850514],[57.884578059651098,23.63207221779459],[57.884584649607397,23.632101867442419],[57.884534115966893,23.632109227640335],[57.884548032858071,23.63214718828905],[57.884504225574695,23.632155472932077],[57.884496532562437,23.632115723683771],[57.884462236265634,23.632122667026749],[57.884454076354245,23.632073389888784],[57.884612200613361,23.632042009826211],[57.884615643617572,23.632065953850514]]]},"properties":{"OBJECTID":16,"Shape_Length":54.209758648630633,"Shape_Area":99.651752112662336,"Governorate":"Al Batinah South","Wilayat":"Barka","Building_Type":"Room","Latitude":23.632092119999999,"Longitude":57.88452736,"Building_ID":"BF_016"}},{"type":"Feature","id":17,"geometry":{"type":"Polygon","coordinates":[[[57.883684489991978,23.631450993975704],[57.883638915785795,23.63122852481127],[57.883640516290157,23.631226133056678],[57.883638678717666,23.631205906456017],[57.883665037674838,23.631202548148114],[57.883670371724705,23.631220824695884],[57.883687600096941,23.631218657328205],[57.883685121388609,23.631206465622309],[57.883704046470612,23.631204264201287],[57.883705385582772,23.631215656745493],[57.883714711514905,23.631213043954606],[57.883748850484999,23.631370825225844],[57.883727674930654,23.631376296407243],[57.883731600166499,23.631396748654318],[57.883710158623394,23.631400127734445],[57.883719032833362,23.631443119108383],[57.883684489991978,23.631450993975704]]]},"properties":{"OBJECTID":17,"Shape_Length":72.841472379701216,"Shape_Area":183.53822303204294,"Governorate":"Al Batinah South","Wilayat":"Barka","Building_Type":null,"Latitude":23.6313146,"Longitude":57.883693020000003,"Building_ID":"BF_017"}},{"type":"Feature","id":18,"geometry":{"type":"Polygon","coordinates":[[[57.883634253664262,23.631159907370602],[57.883608922884456,23.631166305402367],[57.883605082746712,23.63114801221414],[57.883631233272702,23.631143396943774],[57.883634253664262,23.631159907370602]]]},"properties":{"OBJECTID":18,"Shape_Length":9.3121708449464649,"Shape_Area":5.272497174830737,"Governorate":"Al Batinah South","Wilayat":"Barka","Building_Type":null,"Latitude":23.631154429999999,"Longitude":57.883619639999999,"Building_ID":"BF_018"}},{"type":"Feature","id":19,"geometry":{"type":"Polygon","coordinates":[[[57.883632244952032,23.631197740253839],[57.883628699328796,23.631175127196258],[57.883660658856641,23.631169137582344],[57.883664371226502,23.631192493924882],[57.883632244952032,23.631197740253839]]]},"properties":{"OBJECTID":19,"Shape_Length":11.798471185347951,"Shape_Area":8.5485654084875264,"Governorate":"Al Batinah South","Wilayat":"Barka","Building_Type":null,"Latitude":23.631183610000001,"Longitude":57.883646579999997,"Building_ID":"BF_019"}},{"type":"Feature","id":20,"geometry":{"type":"Polygon","coordinates":[[[57.88382329853124,23.630084497340089],[57.883714541640714,23.630134207559546],[57.883706269000115,23.630121388618257],[57.883648921265966,23.630139467652661],[57.883647043181682,23.630133215570318],[57.883628207039877,23.630138422319732],[57.883612586935207,23.630106171355596],[57.883686884681062,23.630076898181688],[57.883668229853036,23.63004396724012],[57.883780796920746,23.629997725307863],[57.88382329853124,23.630084497340089]]]},"properties":{"OBJECTID":20,"Shape_Length":62.322196562211616,"Shape_Area":173.78986123701026,"Governorate":"Al Batinah South","Wilayat":"Barka","Building_Type":null,"Latitude":23.63007562,"Longitude":57.883727010000001,"Building_ID":"BF_020"}},{"type":"Feature","id":21,"geometry":{"type":"Polygon","coordinates":[[[57.881771144292117,23.632328957803104],[57.881743809045474,23.632334133161343],[57.881736468682902,23.632306518937913],[57.881764176789062,23.63230080857435],[57.881764036062457,23.632297214643117],[57.881885302580272,23.632272829866757],[57.881900439674666,23.632356521818515],[57.881784678999438,23.632380522160233],[57.881771144292117,23.632328957803104]]]},"properties":{"OBJECTID":21,"Shape_Length":49.322049945186784,"Shape_Area":126.23698354423709,"Governorate":"Al Batinah South","Wilayat":"Barka","Building_Type":null,"Latitude":23.63232584,"Longitude":57.881827489999999,"Building_ID":"BF_021"}},{"type":"Feature","id":22,"geometry":{"type":"Polygon","coordinates":[[[57.882347478172534,23.632141605169355],[57.882345248739867,23.632132218261393],[57.882374860761701,23.632124925394944],[57.8823776973368,23.632134213109861],[57.882390183555415,23.632130663867322],[57.882405545908746,23.63218458234422],[57.882227932305724,23.63222933810054],[57.882210923651435,23.632173312772828],[57.882300219330538,23.632153598392193],[57.882299918728783,23.632149409259902],[57.882306100726787,23.632148828566528],[57.882299714547138,23.632125813451648],[57.882333182172133,23.632116905421146],[57.882336823617507,23.632144337433697],[57.882347478172534,23.632141605169355]]]},"properties":{"OBJECTID":22,"Shape_Length":58.825940352612854,"Shape_Area":130.81939839315393,"Governorate":"Al Batinah South","Wilayat":"Barka","Building_Type":null,"Latitude":23.632175239999999,"Longitude":57.882310269999998,"Building_ID":"BF_022"}},{"type":"Feature","id":23,"geometry":{"type":"Polygon","coordinates":[[[57.882607830273358,23.63244299096403],[57.882638159299795,23.632437063215821],[57.882594775664934,23.63228174493166],[57.882679161652796,23.63226287837119],[57.882735711027628,23.632466565670708],[57.882619953651322,23.632491047117171],[57.882607830273358,23.63244299096403]]]},"properties":{"OBJECTID":23,"Shape_Length":70.633804646606947,"Shape_Area":222.83442214836913,"Governorate":"Al Batinah South","Wilayat":"Barka","Building_Type":null,"Latitude":23.632380919999999,"Longitude":57.882662449999998,"Building_ID":"BF_023"}},{"type":"Feature","id":24,"geometry":{"type":"Polygon","coordinates":[[[57.882549636532602,23.632448668091847],[57.882530595254131,23.632389391112294],[57.882570950378856,23.632377649348367],[57.882591310187287,23.632436189939448],[57.882549636532602,23.632448668091847]]]},"properties":{"OBJECTID":24,"Shape_Length":22.437605310675245,"Shape_Area":29.982783833917402,"Governorate":"Al Batinah South","Wilayat":"Barka","Building_Type":null,"Latitude":23.632413150000001,"Longitude":57.882560660000003,"Building_ID":"BF_024"}},{"type":"Feature","id":25,"geometry":{"type":"Polygon","coordinates":[[[57.882526015441059,23.632379343793232],[57.882505830190567,23.632319343533354],[57.882553621585224,23.632303722681041],[57.882572968229958,23.632368044995093],[57.882526015441059,23.632379343793232]]]},"properties":{"OBJECTID":25,"Shape_Length":24.468194495245879,"Shape_Area":36.263293957103613,"Governorate":"Al Batinah South","Wilayat":"Barka","Building_Type":null,"Latitude":23.632342319999999,"Longitude":57.882539780000002,"Building_ID":"BF_025"}},{"type":"Feature","id":26,"geometry":{"type":"Polygon","coordinates":[[[57.882564819752638,23.632124821119632],[57.882547306166458,23.63206046850253],[57.882611479955187,23.632047362867539],[57.882629795493429,23.632109962321241],[57.882564819752638,23.632124821119632]]]},"properties":{"OBJECTID":26,"Shape_Length":28.058407816031774,"Shape_Area":49.123988326558283,"Governorate":"Al Batinah South","Wilayat":"Barka","Building_Type":null,"Latitude":23.632085780000001,"Longitude":57.882588249999998,"Building_ID":"BF_026"}},{"type":"Feature","id":28,"geometry":{"type":"Polygon","coordinates":[[[57.883105180270199,23.63045712812087],[57.882955418268857,23.630488307283862],[57.8829333622541,23.630474443170176],[57.882910265247503,23.630345670090168],[57.882922880616093,23.630326612149727],[57.882994095320278,23.630312217178432],[57.882997452026274,23.630327436842837],[57.883051352338526,23.630318886545961],[57.88305310257897,23.630337362352972],[57.883137324071896,23.6303216441544],[57.883159788582766,23.630452110681343],[57.883152626065147,23.630460542173267],[57.883146760007428,23.63046415346794],[57.883140356270268,23.630466692017304],[57.883133609168098,23.630468080791847],[57.883126723434366,23.630468277650717],[57.883119908009157,23.63046727662045],[57.883115728831775,23.630465538365254],[57.883111831861171,23.63046323604582],[57.883108292767091,23.630460414367636],[57.883105180270199,23.63045712812087]]]},"properties":{"OBJECTID":28,"Shape_Length":82.125740580662693,"Shape_Area":381.06959935473702,"Governorate":"Al Batinah South","Wilayat":"Barka","Building_Type":"House","Latitude":23.630398370000002,"Longitude":57.883031000000003,"Building_ID":"BF_028"}},{"type":"Feature","id":29,"geometry":{"type":"Polygon","coordinates":[[[57.881269489124811,23.630994332597382],[57.881258132005165,23.630940267494363],[57.881288852168957,23.630933646846621],[57.881300108506721,23.630989350019483],[57.881269489124811,23.630994332597382]]]},"properties":{"OBJECTID":29,"Shape_Length":18.760701514329668,"Shape_Area":19.752608370316061,"Governorate":"Al Batinah South","Wilayat":"Barka","Building_Type":null,"Latitude":23.63096432,"Longitude":57.881279210000002,"Building_ID":"BF_029"}},{"type":"Feature","id":30,"geometry":{"type":"Polygon","coordinates":[[[57.88791466872518,23.633556619186187],[57.887770183143793,23.633589761682863],[57.887745717205576,23.633499968508602],[57.88788651138308,23.63346968410978],[57.88791466872518,23.633556619186187]]]},"properties":{"OBJECTID":30,"Shape_Length":50.232002770770194,"Shape_Area":151.77971846671363,"Governorate":"Al Batinah South","Wilayat":"Barka","Building_Type":null,"Latitude":23.633529289999998,"Longitude":57.887829080000003,"Building_ID":"BF_030"}},{"type":"Feature","id":31,"geometry":{"type":"Polygon","coordinates":[[[57.887498141462586,23.633226009247288],[57.887481906844982,23.633108748746267],[57.887525442057061,23.633105462209613],[57.887530032055018,23.633142848204081],[57.887509049023308,23.633145046516805],[57.887510583684836,23.633166781318472],[57.887554128516086,23.6331647736463],[57.887559186254215,23.633220063760998],[57.887498141462586,23.633226009247288]]]},"properties":{"OBJECTID":31,"Shape_Length":43.128232180343915,"Shape_Area":64.253562673861666,"Governorate":"Al Batinah South","Wilayat":"Barka","Building_Type":null,"Latitude":23.633171529999998,"Longitude":57.88751749,"Building_ID":"BF_031"}},{"type":"Feature","id":32,"geometry":{"type":"Polygon","coordinates":[[[57.887820110205588,23.633434091616234],[57.887779176537535,23.633308532137491],[57.887845725487324,23.63329204994427],[57.887886162681248,23.633417974428326],[57.887820110205588,23.633434091616234]]]},"properties":{"OBJECTID":32,"Shape_Length":43.054847783665821,"Shape_Area":101.647660691932,"Governorate":"Al Batinah South","Wilayat":"Barka","Building_Type":"Storehouse ","Latitude":23.633363070000001,"Longitude":57.887832770000003,"Building_ID":"BF_032"}},{"type":"Feature","id":33,"geometry":{"type":"Polygon","coordinates":[[[57.887946586924578,23.633650275097256],[57.887956196022863,23.633678590430769],[57.887983942868821,23.633673102727627],[57.887996604801863,23.63371755878681],[57.888008937649502,23.633714528406013],[57.888009932775219,23.633723842804997],[57.887856737346169,23.633753010598799],[57.887828914152763,23.633645555661218],[57.887894407428789,23.633632125068413],[57.887901331325921,23.633658690927717],[57.887946586924578,23.633650275097256]]]},"properties":{"OBJECTID":33,"Shape_Length":56.373939568509478,"Shape_Area":148.68175508236166,"Governorate":"Al Batinah South","Wilayat":"Barka","Building_Type":null,"Latitude":23.633694980000001,"Longitude":57.887907249999998,"Building_ID":"BF_033"}},{"type":"Feature","id":34,"geometry":{"type":"Polygon","coordinates":[[[57.887988447308167,23.633588615321326],[57.888053863674521,23.633572073586741],[57.888093893429037,23.633710801357037],[57.888027814133068,23.633727756053482],[57.887988447308167,23.633588615321326]]]},"properties":{"OBJECTID":34,"Shape_Length":45.730650516342152,"Shape_Area":110.6778500418127,"Governorate":"Al Batinah South","Wilayat":"Barka","Building_Type":null,"Latitude":23.633649940000002,"Longitude":57.888041029999997,"Building_ID":"BF_034"}},{"type":"Feature","id":35,"geometry":{"type":"Polygon","coordinates":[[[57.886731972380638,23.628626035051042],[57.886831491670179,23.628582478479967],[57.886857935198833,23.628635151779193],[57.886758788924176,23.628677767812519],[57.886731972380638,23.628626035051042]]]},"properties":{"OBJECTID":35,"Shape_Length":35.17300434344746,"Shape_Area":71.527459701230143,"Governorate":"Al Batinah South","Wilayat":"Barka","Building_Type":"Room","Latitude":23.628630279999999,"Longitude":57.886795130000003,"Building_ID":"BF_035"}},{"type":"Feature","id":37,"geometry":{"type":"Polygon","coordinates":[[[57.889188150850607,23.627689362087239],[57.88913787584692,23.627707004266544],[57.88911077920524,23.627641476279198],[57.889144113713151,23.627630807242536],[57.889147507041685,23.627638580588492],[57.889167658478186,23.627633422544477],[57.889188150850607,23.627689362087239]]]},"properties":{"OBJECTID":37,"Shape_Length":26.449967199374555,"Shape_Area":41.132842128120423,"Governorate":"Al Batinah South","Wilayat":"Barka","Building_Type":"Room","Latitude":23.627667039999999,"Longitude":57.889149760000002,"Building_ID":"BF_037"}},{"type":"Feature","id":38,"geometry":{"type":"Polygon","coordinates":[[[57.889342775054487,23.62903986771428],[57.889147955883637,23.628537356701006],[57.889166595800937,23.628527257792186],[57.889145922186742,23.628477162985138],[57.889318530790021,23.628420964766036],[57.889338692733844,23.628475558601565],[57.889361156179753,23.628469434402831],[57.889357794716048,23.628453465262282],[57.889469026091561,23.628417092561691],[57.889660469528856,23.628906892841467],[57.889620104763388,23.62897499782207],[57.889342775054487,23.62903986771428]]]},"properties":{"OBJECTID":38,"Shape_Length":203.93138358637603,"Shape_Area":2266.8995592884608,"Governorate":"Al Batinah South","Wilayat":"Barka","Building_Type":"Rest House","Latitude":23.62872368,"Longitude":57.889402169999997,"Building_ID":"BF_038"}},{"type":"Feature","id":39,"geometry":{"type":"Polygon","coordinates":[[[57.884793239409291,23.64593888311682],[57.884777933749618,23.645897892163777],[57.884733053473454,23.645908249604517],[57.884728887494461,23.645896566138866],[57.88469521809818,23.645905264555125],[57.884662890872981,23.645825873752045],[57.884667474149836,23.645824087271947],[57.884649694374119,23.645776891007312],[57.884686020100141,23.645766205767156],[57.884702405356634,23.645813786617136],[57.88472015408113,23.64581028029588],[57.884700905318297,23.645759833685233],[57.884814500106643,23.645727751554393],[57.884847341507481,23.645822651794944],[57.88486025325998,23.64581878016978],[57.884865253732315,23.645832962530907],[57.88485138397148,23.64583462859791],[57.884868235960248,23.645880748102115],[57.884820605362478,23.645895009525233],[57.884834101646,23.645926158729186],[57.884793239409291,23.64593888311682]]]},"properties":{"OBJECTID":39,"Shape_Length":93.281323298801212,"Shape_Area":309.20396212030261,"Governorate":"Al Batinah South","Wilayat":"Barka","Building_Type":"House","Latitude":23.64583038,"Longitude":57.884764840000003,"Building_ID":"BF_039"}},{"type":"Feature","id":40,"geometry":{"type":"Polygon","coordinates":[[[57.885020942087372,23.645997043761103],[57.885015299720713,23.645998068579448],[57.885001037703198,23.645943017049994],[57.885022216009226,23.645937472474571],[57.885015271895334,23.645912442982286],[57.885058966361427,23.645902165387866],[57.885078628490675,23.645985037963374],[57.885020942087372,23.645997043761103]]]},"properties":{"OBJECTID":40,"Shape_Length":31.983235324015101,"Shape_Area":55.933870683680738,"Governorate":"Al Batinah South","Wilayat":"Barka","Building_Type":null,"Latitude":23.645953110000001,"Longitude":57.885040189999998,"Building_ID":"BF_040"}},{"type":"Feature","id":41,"geometry":{"type":"Polygon","coordinates":[[[57.885335576224833,23.645928002788512],[57.885300106783731,23.645933931573918],[57.88529219774756,23.64590115998368],[57.88532702099878,23.645894636973658],[57.885335576224833,23.645928002788512]]]},"properties":{"OBJECTID":41,"Shape_Length":14.814435182367095,"Shape_Area":13.704239168883445,"Governorate":"Al Batinah South","Wilayat":"Barka","Building_Type":"Room","Latitude":23.64591446,"Longitude":57.885313789999998,"Building_ID":"BF_041"}},{"type":"Feature","id":42,"geometry":{"type":"Polygon","coordinates":[[[57.885227133491867,23.646067482097624],[57.885218511249604,23.646040620578592],[57.885248903409448,23.646034307134592],[57.885254866156792,23.646062105096217],[57.885227133491867,23.646067482097624]]]},"properties":{"OBJECTID":42,"Shape_Length":12.30711449881108,"Shape_Area":9.4511930633489509,"Governorate":"Al Batinah South","Wilayat":"Barka","Building_Type":"Storehouse ","Latitude":23.64605091,"Longitude":57.885237330000002,"Building_ID":"BF_042"}},{"type":"Feature","id":43,"geometry":{"type":"Polygon","coordinates":[[[57.885366849522676,23.6460485734823],[57.885383105777514,23.646104042604463],[57.885331998973328,23.646118660023596],[57.885315928505022,23.646057868200394],[57.885366849522676,23.6460485734823]]]},"properties":{"OBJECTID":43,"Shape_Length":24.042043304005364,"Shape_Area":35.671883869923107,"Governorate":"Al Batinah South","Wilayat":"Barka","Building_Type":"Seating Area","Latitude":23.64608252,"Longitude":57.885349150000003,"Building_ID":"BF_043"}},{"type":"Feature","id":44,"geometry":{"type":"Polygon","coordinates":[[[57.885295252576825,23.641404387972337],[57.885285585572568,23.641360475519893],[57.885423389633168,23.641335866962894],[57.885453682899715,23.641479107254419],[57.885363195572531,23.641494653086294],[57.885344660208766,23.641396431445369],[57.885295252576825,23.641404387972337]]]},"properties":{"OBJECTID":44,"Shape_Length":60.979748927008373,"Shape_Area":174.72849863091221,"Governorate":"Al Batinah South","Wilayat":"Barka","Building_Type":"Room","Latitude":23.641410090000001,"Longitude":57.88538252,"Building_ID":"BF_044"}},{"type":"Feature","id":45,"geometry":{"type":"Polygon","coordinates":[[[57.885276510019366,23.641404494966661],[57.885218953294697,23.641413617050233],[57.88520604030284,23.641351496601832],[57.885265506840383,23.641342523487385],[57.885276510019366,23.641404494966661]]]},"properties":{"OBJECTID":45,"Shape_Length":26.059199397826706,"Shape_Area":42.222156567929943,"Governorate":"Al Batinah South","Wilayat":"Barka","Building_Type":"Room","Latitude":23.64137788,"Longitude":57.885241690000001,"Building_ID":"BF_045"}},{"type":"Feature","id":46,"geometry":{"type":"Polygon","coordinates":[[[57.883595472130509,23.641809949090941],[57.883674051216815,23.641804224863819],[57.883677288724023,23.641846895136606],[57.883595568009603,23.64185007850817],[57.883595472130509,23.641809949090941]]]},"properties":{"OBJECTID":46,"Shape_Length":25.562290190117693,"Shape_Area":37.557918888028233,"Governorate":"Al Batinah South","Wilayat":"Barka","Building_Type":null,"Latitude":23.641827889999998,"Longitude":57.883636039999999,"Building_ID":"BF_046"}},{"type":"Feature","id":47,"geometry":{"type":"Polygon","coordinates":[[[57.885056076720851,23.641755234480133],[57.884886512888926,23.641783181527423],[57.88484655181643,23.641607040420642],[57.885034881796628,23.641587479989994],[57.885056076720851,23.641755234480133]]]},"properties":{"OBJECTID":47,"Shape_Length":75.524720896695072,"Shape_Area":355.69983280442062,"Governorate":"Al Batinah South","Wilayat":"Barka","Building_Type":"Storehouse ","Latitude":23.64168201,"Longitude":57.884954839999999,"Building_ID":"BF_047"}},{"type":"Feature","id":48,"geometry":{"type":"Polygon","coordinates":[[[57.885598137614458,23.642473181936957],[57.884800494006093,23.642588127464908],[57.884736034657472,23.642256709381744],[57.884860882420575,23.642237742527644],[57.884856132267196,23.642216585143178],[57.884910842375341,23.642209519752278],[57.884911958411109,23.64222998344361],[57.884959803337125,23.642222715153665],[57.884956109763806,23.642202099080489],[57.885010820147357,23.642194930688532],[57.885012463009012,23.642214714877557],[57.885058275657734,23.642207755307545],[57.885055209710913,23.642187895243772],[57.885110108477868,23.642180312980798],[57.885111044034069,23.642199739023471],[57.885454224389953,23.642147603682162],[57.885450759468569,23.642128925480911],[57.885503793026849,23.642120405372712],[57.885506984876571,23.642139588212665],[57.885536940922456,23.642135037552578],[57.885598137614458,23.642473181936957]]]},"properties":{"OBJECTID":48,"Shape_Length":258.96413328064403,"Shape_Area":3154.7746667012766,"Governorate":"Al Batinah South","Wilayat":"Barka","Building_Type":null,"Latitude":23.642360270000001,"Longitude":57.885168020000002,"Building_ID":"BF_048"}},{"type":"Feature","id":49,"geometry":{"type":"Polygon","coordinates":[[[57.882501450874457,23.63986295503415],[57.882466006935779,23.639866617773929],[57.882456484403903,23.639788087426236],[57.882544709991514,23.639777045974764],[57.882561264358685,23.639886347085703],[57.882504343411561,23.639889918899129],[57.882501450874457,23.63986295503415]]]},"properties":{"OBJECTID":49,"Shape_Length":42.507405436509131,"Shape_Area":99.472593750024259,"Governorate":"Al Batinah South","Wilayat":"Barka","Building_Type":null,"Latitude":23.639831749999999,"Longitude":57.882510760000002,"Building_ID":"BF_049"}},{"type":"Feature","id":50,"geometry":{"type":"Polygon","coordinates":[[[57.882389340578662,23.639536106053288],[57.882384289057789,23.639507356200955],[57.882431611878232,23.639499252609077],[57.882436852914871,23.6395302395056],[57.882389340578662,23.639536106053288]]]},"properties":{"OBJECTID":50,"Shape_Length":16.496321596726172,"Shape_Area":16.401098031551385,"Governorate":"Al Batinah South","Wilayat":"Barka","Building_Type":null,"Latitude":23.63951819,"Longitude":57.882410810000003,"Building_ID":"BF_050"}},{"type":"Feature","id":51,"geometry":{"type":"Polygon","coordinates":[[[57.88244673498707,23.63952874448297],[57.882439894737558,23.639492170472348],[57.882513766085573,23.639483436196169],[57.882517301940275,23.639518909944435],[57.88244673498707,23.63952874448297]]]},"properties":{"OBJECTID":51,"Shape_Length":22.930089265213624,"Shape_Area":29.925869962294115,"Governorate":"Al Batinah South","Wilayat":"Barka","Building_Type":null,"Latitude":23.639505719999999,"Longitude":57.882479160000003,"Building_ID":"BF_051"}},{"type":"Feature","id":52,"geometry":{"type":"Polygon","coordinates":[[[57.88244085334027,23.639479854431205],[57.882401494299266,23.639485194089058],[57.882393185410137,23.639410736571687],[57.882430828504333,23.639408284268313],[57.88244085334027,23.639479854431205]]]},"properties":{"OBJECTID":52,"Shape_Length":24.184620856936291,"Shape_Area":32.151227264727709,"Governorate":"Al Batinah South","Wilayat":"Barka","Building_Type":null,"Latitude":23.63944635,"Longitude":57.882416509999999,"Building_ID":"BF_052"}},{"type":"Feature","id":53,"geometry":{"type":"Polygon","coordinates":[[[57.887996911286216,23.645238882501161],[57.887933428762608,23.645243410679232],[57.887927861618031,23.645184667963452],[57.887989575555743,23.645180740606968],[57.887990936320442,23.645176952937732],[57.888009816186631,23.645175758270796],[57.888009900729323,23.645188867680652],[57.887992953678719,23.645190266239535],[57.887996911286216,23.645238882501161]]]},"properties":{"OBJECTID":53,"Shape_Length":30.289843221768081,"Shape_Area":45.171098110317899,"Governorate":"Al Batinah South","Wilayat":"Barka","Building_Type":" Pool","Latitude":23.6452101,"Longitude":57.887964820000001,"Building_ID":"BF_053"}},{"type":"Feature","id":54,"geometry":{"type":"Polygon","coordinates":[[[57.882530213417056,23.632187471483093],[57.882478698146649,23.632193346321568],[57.882473047308771,23.632146506972635],[57.882530171987732,23.632140189268316],[57.882532928381558,23.632156234265519],[57.882525514711908,23.632156758751162],[57.882530213417056,23.632187471483093]]]},"properties":{"OBJECTID":54,"Shape_Length":22.373301929941491,"Shape_Area":28.500607082469841,"Governorate":"Al Batinah South","Wilayat":"Barka","Building_Type":"Pool","Latitude":23.63216633,"Longitude":57.882502500000001,"Building_ID":"BF_054"}},{"type":"Feature","id":55,"geometry":{"type":"Polygon","coordinates":[[[57.88537550888779,23.646020621583784],[57.885304913316268,23.64603615321596],[57.885288819238262,23.645970391232421],[57.885349914913732,23.645959602345538],[57.885346986384612,23.645941682485045],[57.885356424839898,23.645939179123239],[57.88537550888779,23.646020621583784]]]},"properties":{"OBJECTID":55,"Shape_Length":33.445336930792983,"Shape_Area":56.426493129799553,"Governorate":"Al Batinah South","Wilayat":"Barka","Building_Type":"Pool","Latitude":23.645994429999998,"Longitude":57.885333039999999,"Building_ID":"BF_055"}},{"type":"Feature","id":56,"geometry":{"type":"Polygon","coordinates":[[[57.881326699135819,23.643541061226344],[57.881307489619971,23.64348934763435],[57.881375548363593,23.643470060505084],[57.881395323025266,23.643521541463766],[57.881326699135819,23.643541061226344]]]},"properties":{"OBJECTID":56,"Shape_Length":26.686653135554693,"Shape_Area":44.094267870093191,"Governorate":"Al Batinah South","Wilayat":"Barka","Building_Type":"Pool","Latitude":23.64350554,"Longitude":57.881351270000003,"Building_ID":"BF_056"}},{"type":"Feature","id":58,"geometry":{"type":"Polygon","coordinates":[[[57.891507782567139,23.644149218278855],[57.891499981426477,23.644155981669574],[57.891489768832287,23.644158961216355],[57.89147916362942,23.644157567916729],[57.891470262274474,23.644152077200786],[57.891464824403833,23.644143574483575],[57.891463924985104,23.644133740597994],[57.891467741816072,23.644124519524436],[57.891475520377931,23.644117734101108],[57.891460425880922,23.64401382058908],[57.891457248920354,23.644013527736103],[57.89145416976806,23.644012692474167],[57.891451280317241,23.64401133973055],[57.891448666799697,23.644009509876078],[57.891446407212371,23.644007257520318],[57.891444568989641,23.644004649881825],[57.8914432069908,23.644001764782086],[57.891442361862893,23.643998688323055],[57.891442058827636,23.643995512317552],[57.89144230692871,23.643992331549217],[57.891443098761869,23.643989240943842],[57.891444410695904,23.643986332736418],[57.891446203577907,23.643983693718518],[57.891448423901693,23.643981402648112],[57.891451005404669,23.643979527899134],[57.891453871045314,23.643978125420968],[57.891456935302422,23.643977237068707],[57.891460106727315,23.643976889354036],[57.891463290673045,23.643977092654037],[57.891466392119014,23.643977840901492],[57.891576491256451,23.643962821803168],[57.891604517200399,23.644134551467726],[57.891507782567139,23.644149218278855]]]},"properties":{"OBJECTID":58,"Shape_Length":67.681686612575561,"Shape_Area":255.82315223507311,"Governorate":"Al Batinah South","Wilayat":"Barka","Building_Type":"House","Latitude":23.644058879999999,"Longitude":57.891526409999997,"Building_ID":"BF_058"}},{"type":"Feature","id":62,"geometry":{"type":"Polygon","coordinates":[[[57.891756781790995,23.644104266931333],[57.891759123818304,23.644117549407643],[57.89167262947295,23.644132473548446],[57.891663207362058,23.644086416873595],[57.891751339549593,23.644071577252117],[57.891751372138778,23.644076386582245],[57.891790637573209,23.644070408314846],[57.891795122481234,23.644097822512499],[57.891756781790995,23.644104266931333]]]},"properties":{"OBJECTID":62,"Shape_Length":36.429931652130037,"Shape_Area":59.115573803564132,"Governorate":"Al Batinah South","Wilayat":"Barka","Building_Type":null,"Latitude":23.644098880000001,"Longitude":57.891724439999997,"Building_ID":"BF_062"}},{"type":"Feature","id":63,"geometry":{"type":"Polygon","coordinates":[[[57.891405012967653,23.645168005172085],[57.891388667964662,23.645118458595231],[57.891421788812323,23.645108196655233],[57.891406912979349,23.645044972669663],[57.891380111698155,23.64504723389765],[57.891372714510275,23.645011356326581],[57.891571143692829,23.64496417240823],[57.891578837663317,23.645004775588635],[57.891468917052499,23.645033105883286],[57.891485727806966,23.645093800628235],[57.891580469825605,23.645072751550639],[57.891594479079387,23.645123390855357],[57.891405012967653,23.645168005172085]]]},"properties":{"OBJECTID":63,"Shape_Length":102.96631991183385,"Shape_Area":260.68337524242037,"Governorate":"Al Batinah South","Wilayat":"Barka","Building_Type":"Rest House","Latitude":23.645069939999999,"Longitude":57.891478079999999,"Building_ID":"BF_063"}},{"type":"Feature","id":64,"geometry":{"type":"Polygon","coordinates":[[[57.891820944001253,23.645928920374946],[57.891671738909658,23.645949754449859],[57.89165955591627,23.6458739163396],[57.891719146263775,23.645867942225696],[57.891720070351013,23.645888274166218],[57.891813522163702,23.645874097544635],[57.891820944001253,23.645928920374946]]]},"properties":{"OBJECTID":64,"Shape_Length":48.025060955938116,"Shape_Area":107.4336783604106,"Governorate":"Al Batinah South","Wilayat":"Barka","Building_Type":"Room","Latitude":23.645908210000002,"Longitude":57.891735660000002,"Building_ID":"BF_064"}},{"type":"Feature","id":65,"geometry":{"type":"Polygon","coordinates":[[[57.891702416607728,23.645802753652557],[57.891713123700235,23.645800988650681],[57.891710595482138,23.645785554029565],[57.891694357160276,23.645786793568476],[57.89169238298836,23.645766165095679],[57.891730119043018,23.645766491804064],[57.891732293705054,23.645797318007808],[57.891738451552435,23.645797282593797],[57.89173495931152,23.645765316909209],[57.89178857888998,23.64575805663581],[57.891806000701621,23.64585810005126],[57.891719161322378,23.645868283547021],[57.891702416607728,23.645802753652557]]]},"properties":{"OBJECTID":65,"Shape_Length":51.376195611923578,"Shape_Area":101.06524407327836,"Governorate":"Al Batinah South","Wilayat":"Barka","Building_Type":"Room","Latitude":23.645813530000002,"Longitude":57.891752570000001,"Building_ID":"BF_065"}},{"type":"Feature","id":66,"geometry":{"type":"Polygon","coordinates":[[[57.891655801866783,23.645731544625015],[57.891646005196094,23.645678411770909],[57.891761515753977,23.645660067437657],[57.891771639060927,23.645714228951096],[57.891655801866783,23.645731544625015]]]},"properties":{"OBJECTID":66,"Shape_Length":35.977492744575983,"Shape_Area":72.086578584089366,"Governorate":"Al Batinah South","Wilayat":"Barka","Building_Type":"Room","Latitude":23.645696040000001,"Longitude":57.89170893,"Building_ID":"BF_066"}},{"type":"Feature","id":67,"geometry":{"type":"Polygon","coordinates":[[[57.890596788876479,23.644309701693192],[57.890944343086325,23.644267731510691],[57.890947048711659,23.644289404408056],[57.891141891856265,23.644267162642112],[57.89118149493769,23.644566414007333],[57.891170952634987,23.644568177120213],[57.89117267118214,23.644595230602992],[57.891288125926536,23.644579196434041],[57.891287941463204,23.644582215071487],[57.891321886489891,23.644576551103704],[57.891325571224129,23.644606704791549],[57.891294687173662,23.644610936761307],[57.891297508234167,23.644634588791682],[57.891270958256541,23.64464006935064],[57.891271431530789,23.644662756715142],[57.891144581912876,23.644683375952152],[57.890675914462314,23.644745980378257],[57.890596788876479,23.644309701693192]]]},"properties":{"OBJECTID":67,"Shape_Length":236.31221015920192,"Shape_Area":2703.2547551871576,"Governorate":"Al Batinah South","Wilayat":"Barka","Building_Type":"Slaughterhouse","Latitude":23.644501550000001,"Longitude":57.89091079,"Building_ID":"BF_067"}},{"type":"Feature","id":68,"geometry":{"type":"Polygon","coordinates":[[[57.891697519115887,23.644287837252225],[57.891690374193026,23.644248391523206],[57.891732712164682,23.644241812136311],[57.891740191679816,23.644283466058962],[57.891697519115887,23.644287837252225]]]},"properties":{"OBJECTID":68,"Shape_Length":17.861260925403904,"Shape_Area":19.917163466300426,"Governorate":"Al Batinah South","Wilayat":"Barka","Building_Type":null,"Latitude":23.644265350000001,"Longitude":57.891715390000002,"Building_ID":"BF_068"}},{"type":"Feature","id":69,"geometry":{"type":"Polygon","coordinates":[[[57.890648784861334,23.642007497675937],[57.890662369011451,23.642068153278846],[57.890599471440211,23.64207847134865],[57.890589447766601,23.642019064282731],[57.890584914112758,23.64199772611601],[57.890573400948433,23.642000145964044],[57.890579835422734,23.642031309924871],[57.890555172529155,23.642036400171197],[57.890552607022457,23.642025129467502],[57.890511720305255,23.642033390967551],[57.890494744637444,23.641962391551097],[57.890468864455443,23.641966665961814],[57.890458895835835,23.641911618297112],[57.890522475724879,23.641900869155766],[57.890521387910397,23.641906439091329],[57.89055778809589,23.641900760303066],[57.890556723125123,23.641894637329283],[57.890622957089946,23.641880867068476],[57.890623514145652,23.641887559262795],[57.89068947250847,23.641878410405234],[57.890708533841831,23.641957415492026],[57.890641471673462,23.64196977614133],[57.890648784861334,23.642007497675937]]]},"properties":{"OBJECTID":69,"Shape_Length":98.512250521914268,"Shape_Area":324.58210595287187,"Governorate":"Al Batinah South","Wilayat":"Barka","Building_Type":null,"Latitude":23.641961930000001,"Longitude":57.890589030000001,"Building_ID":"BF_069"}},{"type":"Feature","id":70,"geometry":{"type":"Polygon","coordinates":[[[57.890805944112863,23.641952261406622],[57.890756790301822,23.641963364044969],[57.890729701163309,23.641837821828044],[57.890779618931091,23.641828786743005],[57.890805944112863,23.641952261406622]]]},"properties":{"OBJECTID":70,"Shape_Length":38.455583504289557,"Shape_Area":72.691334860739687,"Governorate":"Al Batinah South","Wilayat":"Barka","Building_Type":null,"Latitude":23.641895510000001,"Longitude":57.890767930000003,"Building_ID":"BF_070"}},{"type":"Feature","id":71,"geometry":{"type":"Polygon","coordinates":[[[57.890899381457118,23.641837997794209],[57.890920570743575,23.641941243250841],[57.890834458030767,23.641956011159611],[57.890803580380592,23.641824505239093],[57.890903916450746,23.641806662445457],[57.890912858044665,23.641835388712913],[57.890899381457118,23.641837997794209]]]},"properties":{"OBJECTID":71,"Shape_Length":50.60215104773205,"Shape_Area":140.37360828302056,"Governorate":"Al Batinah South","Wilayat":"Barka","Building_Type":null,"Latitude":23.641880350000001,"Longitude":57.89086408,"Building_ID":"BF_071"}},{"type":"Feature","id":72,"geometry":{"type":"Polygon","coordinates":[[[57.891078153094853,23.642106222462683],[57.891051914726717,23.641979394691777],[57.891149408798412,23.641961568067412],[57.891177212392108,23.642088746296988],[57.891078153094853,23.642106222462683]]]},"properties":{"OBJECTID":72,"Shape_Length":49.085279193991163,"Shape_Area":146.34613592956501,"Governorate":"Al Batinah South","Wilayat":"Barka","Building_Type":null,"Latitude":23.642034129999999,"Longitude":57.89111424,"Building_ID":"BF_072"}},{"type":"Feature","id":73,"geometry":{"type":"Polygon","coordinates":[[[57.891031309827312,23.641812891458997],[57.891011981892049,23.641815453785838],[57.891009629596837,23.641785575121027],[57.891108195463609,23.641769827847291],[57.891135693226047,23.641900646823935],[57.891052685650237,23.641916305624534],[57.891031309827312,23.641812891458997]]]},"properties":{"OBJECTID":73,"Shape_Length":50.564180517808843,"Shape_Area":134.27201186392469,"Governorate":"Al Batinah South","Wilayat":"Barka","Building_Type":null,"Latitude":23.641840640000002,"Longitude":57.891077610000004,"Building_ID":"BF_073"}},{"type":"Feature","id":74,"geometry":{"type":"Polygon","coordinates":[[[57.892232350218144,23.641584925091749],[57.892222896876341,23.641554361136969],[57.892359149551503,23.641526411736255],[57.892365878961691,23.641560674589641],[57.892232350218144,23.641584925091749]]]},"properties":{"OBJECTID":74,"Shape_Length":35.494456248199938,"Shape_Area":51.763612551313713,"Governorate":"Al Batinah South","Wilayat":"Barka","Building_Type":null,"Latitude":23.641556319999999,"Longitude":57.892296100000003,"Building_ID":"BF_074"}},{"type":"Feature","id":75,"geometry":{"type":"Polygon","coordinates":[[[57.891256374566666,23.641896262828467],[57.891255030491592,23.641882227660012],[57.89132543627592,23.641872844334348],[57.891332241261701,23.641918158310315],[57.891211157371458,23.641935199359462],[57.891206177200679,23.641900925494792],[57.891256374566666,23.641896262828467]]]},"properties":{"OBJECTID":75,"Shape_Length":35.349935237259139,"Shape_Area":56.339642681095,"Governorate":"Al Batinah South","Wilayat":"Barka","Building_Type":null,"Latitude":23.641905399999999,"Longitude":57.891273040000002,"Building_ID":"BF_075"}},{"type":"Feature","id":77,"geometry":{"type":"Polygon","coordinates":[[[57.890766686071572,23.642037903982224],[57.890806190256903,23.64202991047754],[57.890823259818923,23.642108672286582],[57.890784410677327,23.642117558003982],[57.890766686071572,23.642037903982224]]]},"properties":{"OBJECTID":77,"Shape_Length":26.103785739020612,"Shape_Area":36.703163533476371,"Governorate":"Al Batinah South","Wilayat":"Barka","Building_Type":null,"Latitude":23.642073450000002,"Longitude":57.890795079999997,"Building_ID":"BF_077"}},{"type":"Feature","id":78,"geometry":{"type":"Polygon","coordinates":[[[57.898304273113581,23.637681130795322],[57.898221071136525,23.637682569154276],[57.898219817292691,23.637590046754102],[57.898302811381384,23.637588609601295],[57.898304273113581,23.637681130795322]]]},"properties":{"OBJECTID":78,"Shape_Length":37.445669814586907,"Shape_Area":86.854218031302196,"Governorate":"Al Batinah South","Wilayat":"Barka","Building_Type":null,"Latitude":23.63763561,"Longitude":57.898261990000002,"Building_ID":"BF_078"}},{"type":"Feature","id":79,"geometry":{"type":"Polygon","coordinates":[[[57.89820933973828,23.637575195676195],[57.898208369392187,23.637493760163114],[57.898284312884989,23.637492937382341],[57.898285232669224,23.637475726182245],[57.898237129545784,23.637472938426882],[57.898236352358587,23.637362198521451],[57.898248819012935,23.63736253095313],[57.898249771248871,23.637357402513661],[57.898258490280064,23.637357925546386],[57.89825831636395,23.637362896838184],[57.898312049485213,23.637361056521382],[57.898317200197305,23.637477261618745],[57.898306409714934,23.637477324116229],[57.898306044359721,23.637575782662083],[57.89820933973828,23.637575195676195]]]},"properties":{"OBJECTID":79,"Shape_Length":79.368637670239266,"Shape_Area":194.45741436004505,"Governorate":"Al Batinah South","Wilayat":"Barka","Building_Type":null,"Latitude":23.637473920000001,"Longitude":57.898267850000003,"Building_ID":"BF_079"}},{"type":"Feature","id":80,"geometry":{"type":"Polygon","coordinates":[[[57.899949618475063,23.638346446219309],[57.89986118114772,23.638341033500524],[57.89986893962665,23.638261840597977],[57.899955089458288,23.638266502484235],[57.899949618475063,23.638346446219309]]]},"properties":{"OBJECTID":80,"Shape_Length":35.516474706122636,"Shape_Area":78.821539997957871,"Governorate":"Al Batinah South","Wilayat":"Barka","Building_Type":null,"Latitude":23.638304139999999,"Longitude":57.899908750000002,"Building_ID":"BF_080"}},{"type":"Feature","id":81,"geometry":{"type":"Polygon","coordinates":[[[57.900116195104843,23.637609831682525],[57.900042748487465,23.637611787930144],[57.900041992662509,23.637561894398569],[57.900116927728249,23.637565283654297],[57.900116195104843,23.637609831682525]]]},"properties":{"OBJECTID":81,"Shape_Length":25.605632592755931,"Shape_Area":39.566605876007003,"Governorate":"Al Batinah South","Wilayat":"Barka","Building_Type":null,"Latitude":23.637587109999998,"Longitude":57.90007877,"Building_ID":"BF_081"}},{"type":"Feature","id":82,"geometry":{"type":"Polygon","coordinates":[[[57.900043427195847,23.637620003970309],[57.900004626075088,23.637620420609665],[57.900004036601331,23.637564600249036],[57.90004203575905,23.637564756373827],[57.900042748487465,23.637611787930144],[57.900043427195847,23.637620003970309]]]},"properties":{"OBJECTID":82,"Shape_Length":20.135182884515309,"Shape_Area":23.938785693268844,"Governorate":"Al Batinah South","Wilayat":"Barka","Building_Type":null,"Latitude":23.6375925,"Longitude":57.90002338,"Building_ID":"BF_082"}},{"type":"Feature","id":83,"geometry":{"type":"Polygon","coordinates":[[[57.898619395535796,23.637029878028443],[57.898618475844891,23.636955898103299],[57.898817888342677,23.636955124672912],[57.898815902139646,23.637028930859781],[57.898759460544866,23.637029066455383],[57.898758720315136,23.637133453036746],[57.898658282290178,23.637133079434321],[57.898661316542807,23.637030400147012],[57.898619395535796,23.637029878028443]]]},"properties":{"OBJECTID":83,"Shape_Length":79.917158441128038,"Shape_Area":281.74615848168327,"Governorate":"Al Batinah South","Wilayat":"Barka","Building_Type":"House","Latitude":23.63702924,"Longitude":57.89871437,"Building_ID":"BF_083"}},{"type":"Feature","id":84,"geometry":{"type":"Polygon","coordinates":[[[57.898853864491954,23.636935989724769],[57.898799510038437,23.636937834728766],[57.898798978140249,23.636829631387968],[57.898855432376763,23.636831216294077],[57.898853864491954,23.636935989724769]]]},"properties":{"OBJECTID":84,"Shape_Length":34.891534024778387,"Shape_Area":66.633023328498382,"Governorate":"Al Batinah South","Wilayat":"Barka","Building_Type":"Majlis","Latitude":23.63688333,"Longitude":57.898826800000002,"Building_ID":"BF_084"}},{"type":"Feature","id":85,"geometry":{"type":"Polygon","coordinates":[[[57.898540106937766,23.636935705088426],[57.898539014333025,23.636897284967677],[57.898573463917018,23.636897658917384],[57.898573514453034,23.636935511545754],[57.898540106937766,23.636935705088426]]]},"properties":{"OBJECTID":85,"Shape_Length":15.3684703961795,"Shape_Area":14.612873999417364,"Governorate":"Al Batinah South","Wilayat":"Barka","Building_Type":null,"Latitude":23.63691644,"Longitude":57.898556480000003,"Building_ID":"BF_085"}},{"type":"Feature","id":86,"geometry":{"type":"Polygon","coordinates":[[[57.89858642258622,23.637217255411603],[57.898494033184669,23.637219881551552],[57.898491159935844,23.637178974411523],[57.898585808568562,23.637174841299647],[57.89858642258622,23.637217255411603]]]},"properties":{"OBJECTID":86,"Shape_Length":28.329331047654954,"Shape_Area":44.068617902298406,"Governorate":"Al Batinah South","Wilayat":"Barka","Building_Type":"Pool","Latitude":23.63719764,"Longitude":57.898539620000001,"Building_ID":"BF_086"}},{"type":"Feature","id":88,"geometry":{"type":"Polygon","coordinates":[[[57.898804226551455,23.637689514316804],[57.89880319780881,23.637660460872212],[57.898824160206665,23.637660912920396],[57.898824912846472,23.637619232416942],[57.898857907160355,23.637619232680752],[57.898858490510001,23.637613494009702],[57.898865545944744,23.637613453120061],[57.898865607706995,23.637642886091076],[57.898858817384919,23.637642700548689],[57.898857965008716,23.637688437880076],[57.898804226551455,23.637689514316804]]]},"properties":{"OBJECTID":88,"Shape_Length":29.195730373337135,"Shape_Area":35.709623253308322,"Governorate":"Al Batinah South","Wilayat":"Barka","Building_Type":null,"Latitude":23.637656190000001,"Longitude":57.898837649999997,"Building_ID":"BF_088"}},{"type":"Feature","id":89,"geometry":{"type":"Polygon","coordinates":[[[57.898678214499014,23.638351056526211],[57.898677943230837,23.638311322022247],[57.898704341222313,23.638310812296698],[57.89870558033013,23.638350720024832],[57.898678214499014,23.638351056526211]]]},"properties":{"OBJECTID":89,"Shape_Length":14.30485898537213,"Shape_Area":12.093356898282297,"Governorate":"Al Batinah South","Wilayat":"Barka","Building_Type":null,"Latitude":23.638331099999998,"Longitude":57.898691530000001,"Building_ID":"BF_089"}},{"type":"Feature","id":90,"geometry":{"type":"Polygon","coordinates":[[[57.898771695482452,23.638345792923904],[57.898749745025967,23.638346098055489],[57.898748020675029,23.638320270341222],[57.898769385668899,23.638319078052231],[57.898771695482452,23.638345792923904]]]},"properties":{"OBJECTID":90,"Shape_Length":10.254893857118201,"Shape_Area":6.4430155492718679,"Governorate":"Al Batinah South","Wilayat":"Barka","Building_Type":null,"Latitude":23.638332859999998,"Longitude":57.898759779999999,"Building_ID":"BF_090"}},{"type":"Feature","id":91,"geometry":{"type":"Polygon","coordinates":[[[57.898764217397179,23.636614807276249],[57.898763948832425,23.63664195527484],[57.898727084652123,23.63664272525455],[57.898727050310967,23.636615579914196],[57.898764217397179,23.636614807276249]]]},"properties":{"OBJECTID":91,"Shape_Length":13.565002473284444,"Shape_Area":11.347806284931057,"Governorate":"Al Batinah South","Wilayat":"Barka","Building_Type":null,"Latitude":23.63662875,"Longitude":57.898745570000003,"Building_ID":"BF_091"}},{"type":"Feature","id":92,"geometry":{"type":"Polygon","coordinates":[[[57.901925922700464,23.636024785818268],[57.901781443138674,23.636026713338129],[57.901783291348274,23.635986244875472],[57.901926831798548,23.635985192592635],[57.901925922700464,23.636024785818268]]]},"properties":{"OBJECTID":92,"Shape_Length":38.251108345983695,"Shape_Area":65.085539918485026,"Governorate":"Al Batinah South","Wilayat":"Barka","Building_Type":null,"Latitude":23.63600576,"Longitude":57.901854110000002,"Building_ID":"BF_092"}},{"type":"Feature","id":93,"geometry":{"type":"Polygon","coordinates":[[[57.901094510380389,23.636045487343136],[57.900557269123716,23.636048799038981],[57.900554269349904,23.63594405213335],[57.900778574708745,23.635942176106759],[57.900781225748275,23.635996072431073],[57.901090636150869,23.635998098429219],[57.901094510380389,23.636045487343136]]]},"properties":{"OBJECTID":93,"Shape_Length":132.08368099849849,"Shape_Area":440.19472675933815,"Governorate":"Al Batinah South","Wilayat":"Barka","Building_Type":null,"Latitude":23.63600594,"Longitude":57.900773370000003,"Building_ID":"BF_093"}},{"type":"Feature","id":94,"geometry":{"type":"Polygon","coordinates":[[[57.900427549050157,23.63604876366583],[57.900425906827259,23.635998290908145],[57.900477770026257,23.635996196977327],[57.90047780202125,23.636048172967246],[57.900427549050157,23.63604876366583]]]},"properties":{"OBJECTID":94,"Shape_Length":21.767588760015343,"Shape_Area":29.551481077172539,"Governorate":"Al Batinah South","Wilayat":"Barka","Building_Type":null,"Latitude":23.63602272,"Longitude":57.900452379999997,"Building_ID":"BF_094"}},{"type":"Feature","id":95,"geometry":{"type":"Polygon","coordinates":[[[57.900457652786123,23.635997009228998],[57.900425906827259,23.635998290908145],[57.900427549050157,23.63604876366583],[57.900019226523682,23.636053069104562],[57.900015859962274,23.635864206113681],[57.900081839843629,23.63586305823863],[57.900080260428496,23.635670759056016],[57.900102836106434,23.635670628048274],[57.900101524849248,23.635711991165291],[57.900273220024701,23.635708669877872],[57.9002727169905,23.635732164907225],[57.900402854046575,23.635730430443861],[57.900403315545489,23.635778413626255],[57.900231934430082,23.635781511051022],[57.900231810550714,23.635733143855443],[57.900152550073486,23.635734177389175],[57.900151327465387,23.635862775109896],[57.900196061923758,23.635861320561013],[57.900193857311145,23.635965583768751],[57.900458046925102,23.635956881589351],[57.900457652786123,23.635997009228998]]]},"properties":{"OBJECTID":95,"Shape_Length":237.70354907085522,"Shape_Area":880.81331903761793,"Governorate":"Al Batinah South","Wilayat":"Barka","Building_Type":null,"Latitude":23.635913899999998,"Longitude":57.900193139999999,"Building_ID":"BF_095"}},{"type":"Feature","id":96,"geometry":{"type":"Polygon","coordinates":[[[57.898507094092423,23.634625609637435],[57.8985860371249,23.63462196675782],[57.898589936135359,23.634724692616057],[57.898512272255445,23.634726447635938],[57.898507094092423,23.634625609637435]]]},"properties":{"OBJECTID":96,"Shape_Length":38.545498716795848,"Shape_Area":90.151738456047937,"Governorate":"Al Batinah South","Wilayat":"Barka","Building_Type":null,"Latitude":23.634674530000002,"Longitude":57.898548949999999,"Building_ID":"BF_096"}},{"type":"Feature","id":97,"geometry":{"type":"Polygon","coordinates":[[[57.898715522200625,23.634581599705673],[57.898559875513257,23.634585900165597],[57.898557855078032,23.634506043175747],[57.898712010070824,23.634499372345456],[57.898715522200625,23.634581599705673]]]},"properties":{"OBJECTID":97,"Shape_Length":49.581814627205951,"Shape_Area":141.95329797613138,"Governorate":"Al Batinah South","Wilayat":"Barka","Building_Type":null,"Latitude":23.634543279999999,"Longitude":57.898636699999997,"Building_ID":"BF_097"}},{"type":"Feature","id":98,"geometry":{"type":"Polygon","coordinates":[[[57.898729271675762,23.634453511921901],[57.898731606834723,23.634484385878348],[57.898655358158472,23.634485915096466],[57.898655374687507,23.634453722396],[57.898729271675762,23.634453511921901]]]},"properties":{"OBJECTID":98,"Shape_Length":22.308810577399406,"Shape_Area":26.748152568858185,"Governorate":"Al Batinah South","Wilayat":"Barka","Building_Type":null,"Latitude":23.634469469999999,"Longitude":57.898692650000001,"Building_ID":"BF_098"}},{"type":"Feature","id":99,"geometry":{"type":"Polygon","coordinates":[[[57.898341894904163,23.634808078122369],[57.898470620715528,23.634804953522398],[57.898472717653092,23.634896026855763],[57.898337093130166,23.634900170478435],[57.898338127415101,23.63488034566468],[57.898283388761769,23.634883950311533],[57.898283868002913,23.634850449812969],[57.898244213077689,23.634851766906706],[57.898235387876532,23.634631038134259],[57.898332887792876,23.634629821385452],[57.898341894904163,23.634808078122369]]]},"properties":{"OBJECTID":99,"Shape_Length":106.77648920707712,"Shape_Area":400.98606260249534,"Governorate":"Al Batinah South","Wilayat":"Barka","Building_Type":null,"Latitude":23.634785000000001,"Longitude":57.89832972,"Building_ID":"BF_099"}},{"type":"Feature","id":100,"geometry":{"type":"Polygon","coordinates":[[[57.900496199571762,23.634696462395066],[57.900458526416394,23.634667307380877],[57.90048970750216,23.6346310708049],[57.900526645784289,23.634663292813663],[57.900496199571762,23.634696462395066]]]},"properties":{"OBJECTID":100,"Shape_Length":20.13740227509609,"Shape_Area":25.301839541679836,"Governorate":"Al Batinah South","Wilayat":"Barka","Building_Type":null,"Latitude":23.63466429,"Longitude":57.900492659999998,"Building_ID":"BF_100"}},{"type":"Feature","id":101,"geometry":{"type":"Polygon","coordinates":[[[57.901289788374172,23.635426397472706],[57.901290245494415,23.635389634773578],[57.901334156133196,23.635389161944683],[57.901332291413866,23.635427238843402],[57.901289788374172,23.635426397472706]]]},"properties":{"OBJECTID":101,"Shape_Length":17.106853875684706,"Shape_Area":18.262704756283458,"Governorate":"Al Batinah South","Wilayat":"Barka","Building_Type":null,"Latitude":23.635408009999999,"Longitude":57.901311749999998,"Building_ID":"BF_101"}},{"type":"Feature","id":102,"geometry":{"type":"Polygon","coordinates":[[[57.878004778774674,23.646701549730196],[57.877961832144912,23.646604066012252],[57.87802287908346,23.646579802751329],[57.878067392832513,23.646680128972442],[57.878004778774674,23.646701549730196]]]},"properties":{"OBJECTID":102,"Shape_Length":37.242574980403525,"Shape_Area":80.341594738586991,"Governorate":"Al Batinah South","Wilayat":"Barka","Building_Type":"Room","Latitude":23.646641370000001,"Longitude":57.878014389999997,"Building_ID":"BF_102"}},{"type":"Feature","id":103,"geometry":{"type":"Polygon","coordinates":[[[57.878051217150158,23.64684081003892],[57.878020611531234,23.646781131148781],[57.878026716450847,23.646778296664966],[57.878022236041815,23.646766866779373],[57.878102353761129,23.646740278141291],[57.87810621331743,23.64675181902107],[57.878114798924116,23.646750186189131],[57.878132847250932,23.646800927684332],[57.878125388031286,23.646804009189676],[57.878132179102039,23.646815108060039],[57.878051217150158,23.64684081003892]]]},"properties":{"OBJECTID":103,"Shape_Length":37.158705916908595,"Shape_Area":82.931882568272343,"Governorate":"Al Batinah South","Wilayat":"Barka","Building_Type":"Room","Latitude":23.646790249999999,"Longitude":57.878077830000002,"Building_ID":"BF_103"}},{"type":"Feature","id":104,"geometry":{"type":"Polygon","coordinates":[[[57.878698442445945,23.646569746392473],[57.878626973414548,23.646354795648858],[57.878661151686678,23.646346312422494],[57.878656371110559,23.646333543911169],[57.878700500883255,23.646321400524297],[57.878705281457087,23.646334168131006],[57.878762678164293,23.646316542096574],[57.878833171358124,23.646531858680696],[57.878698442445945,23.646569746392473]]]},"properties":{"OBJECTID":104,"Shape_Length":81.629009449972301,"Shape_Area":364.71071321883772,"Governorate":"Al Batinah South","Wilayat":"Barka","Building_Type":null,"Latitude":23.64644139,"Longitude":57.878729460000002,"Building_ID":"BF_104"}},{"type":"Feature","id":105,"geometry":{"type":"Polygon","coordinates":[[[57.87750100239225,23.64651811615153],[57.877478312006119,23.646461645667664],[57.877539606156255,23.64643989840954],[57.877563230141547,23.646498897973323],[57.87750100239225,23.64651811615153]]]},"properties":{"OBJECTID":105,"Shape_Length":27.023356010839635,"Shape_Area":45.625149216003607,"Governorate":"Al Batinah South","Wilayat":"Barka","Building_Type":"Room","Latitude":23.64647956,"Longitude":57.877520760000003,"Building_ID":"BF_105"}},{"type":"Feature","id":106,"geometry":{"type":"Polygon","coordinates":[[[57.877457975645449,23.646530586238768],[57.877442320583057,23.646492152538286],[57.877450808032705,23.646488298431962],[57.87745309965981,23.646493936772718],[57.877474206180636,23.646486089567606],[57.877487336753376,23.646521308619072],[57.877457975645449,23.646530586238768]]]},"properties":{"OBJECTID":106,"Shape_Length":15.78741024660461,"Shape_Area":13.612307288145285,"Governorate":"Al Batinah South","Wilayat":"Barka","Building_Type":"Room","Latitude":23.64650795,"Longitude":57.877465219999998,"Building_ID":"BF_106"}},{"type":"Feature","id":107,"geometry":{"type":"Polygon","coordinates":[[[57.879748517569546,23.645831583275221],[57.87964582901062,23.645862982066525],[57.879630106387658,23.645822883484154],[57.879706052418676,23.645800106615269],[57.879707442512455,23.645803162374861],[57.87973477949879,23.645795618217857],[57.879748517569546,23.645831583275221]]]},"properties":{"OBJECTID":107,"Shape_Length":31.4017801601779,"Shape_Area":50.649264536047149,"Governorate":"Al Batinah South","Wilayat":"Barka","Building_Type":null,"Latitude":23.645828049999999,"Longitude":57.879688610000002,"Building_ID":"BF_107"}},{"type":"Feature","id":108,"geometry":{"type":"Polygon","coordinates":[[[57.879336210574714,23.645988365226742],[57.87931774255496,23.645947201053175],[57.879434817698169,23.645902384264009],[57.879452514231289,23.645945174941797],[57.879336210574714,23.645988365226742]]]},"properties":{"OBJECTID":108,"Shape_Length":35.723174098197944,"Shape_Area":64.303255789849715,"Governorate":"Al Batinah South","Wilayat":"Barka","Building_Type":null,"Latitude":23.645945640000001,"Longitude":57.879385569999997,"Building_ID":"BF_108"}},{"type":"Feature","id":109,"geometry":{"type":"Polygon","coordinates":[[[57.879213405165054,23.646024744248557],[57.879197146942047,23.645992217453692],[57.879313047432532,23.645947227678988],[57.87932912622832,23.645982097470313],[57.879213405165054,23.646024744248557]]]},"properties":{"OBJECTID":109,"Shape_Length":33.700360184801383,"Shape_Area":52.073849671304131,"Governorate":"Al Batinah South","Wilayat":"Barka","Building_Type":null,"Latitude":23.64598634,"Longitude":57.879263719999997,"Building_ID":"BF_109"}},{"type":"Feature","id":110,"geometry":{"type":"Polygon","coordinates":[[[57.879520579735662,23.646001917021938],[57.87946610121049,23.645899863935107],[57.879502976601493,23.645885237936323],[57.879558039991679,23.64598692641313],[57.879520579735662,23.646001917021938]]]},"properties":{"OBJECTID":110,"Shape_Length":33.434479615857356,"Shape_Area":51.918913557687006,"Governorate":"Al Batinah South","Wilayat":"Barka","Building_Type":null,"Latitude":23.645943630000001,"Longitude":57.879511999999998,"Building_ID":"BF_110"}},{"type":"Feature","id":111,"geometry":{"type":"Polygon","coordinates":[[[57.879753162677268,23.645866311059628],[57.879762216452001,23.645888815243378],[57.879703372852106,23.645909652588642],[57.879692753017949,23.645885928034247],[57.879753162677268,23.645866311059628]]]},"properties":{"OBJECTID":111,"Shape_Length":18.461940065585573,"Shape_Area":17.811597138216602,"Governorate":"Al Batinah South","Wilayat":"Barka","Building_Type":null,"Latitude":23.645887760000001,"Longitude":57.879727529999997,"Building_ID":"BF_111"}},{"type":"Feature","id":112,"geometry":{"type":"Polygon","coordinates":[[[57.879000235959019,23.646140828742894],[57.878977822119751,23.646084159121731],[57.879046225605656,23.646061626740586],[57.879068415549767,23.646118092594879],[57.879000235959019,23.646140828742894]]]},"properties":{"OBJECTID":112,"Shape_Length":28.132279029488849,"Shape_Area":49.327117365207599,"Governorate":"Al Batinah South","Wilayat":"Barka","Building_Type":null,"Latitude":23.646101179999999,"Longitude":57.879023150000002,"Building_ID":"BF_112"}},{"type":"Feature","id":113,"geometry":{"type":"Polygon","coordinates":[[[57.878277046496855,23.646502727676328],[57.878264187669537,23.646476965444325],[57.878292827173674,23.64646593594458],[57.87830502245729,23.646492317010452],[57.878277046496855,23.646502727676328]]]},"properties":{"OBJECTID":113,"Shape_Length":12.55782959748881,"Shape_Area":9.8512007907422348,"Governorate":"Al Batinah South","Wilayat":"Barka","Building_Type":null,"Latitude":23.646484409999999,"Longitude":57.87828477,"Building_ID":"BF_113"}},{"type":"Feature","id":114,"geometry":{"type":"Polygon","coordinates":[[[57.878994602863173,23.647789402179889],[57.878945423406471,23.647805667576701],[57.878906599392586,23.6477259339093],[57.878808360557329,23.647759413211364],[57.878789827208372,23.647714501989856],[57.878943126609933,23.647663650984377],[57.878994602863173,23.647789402179889]]]},"properties":{"OBJECTID":114,"Shape_Length":62.507498824459354,"Shape_Area":141.5869450197095,"Governorate":"Al Batinah South","Wilayat":"Barka","Building_Type":null,"Latitude":23.647728659999999,"Longitude":57.878904599999998,"Building_ID":"BF_114"}},{"type":"Feature","id":115,"geometry":{"type":"Polygon","coordinates":[[[57.878805283131662,23.64775195669478],[57.878752426055527,23.647771312843723],[57.878733961899989,23.64773250232232],[57.878771691481049,23.647720462919132],[57.878777354310834,23.647729675953293],[57.878793692937229,23.647723870623942],[57.878805283131662,23.64775195669478]]]},"properties":{"OBJECTID":115,"Shape_Length":20.851014322140127,"Shape_Area":24.824895478576611,"Governorate":"Al Batinah South","Wilayat":"Barka","Building_Type":null,"Latitude":23.64774431,"Longitude":57.878768970000003,"Building_ID":"BF_115"}},{"type":"Feature","id":116,"geometry":{"type":"Polygon","coordinates":[[[57.879073331982873,23.647700047777665],[57.879140801865205,23.647807812285929],[57.879110114612487,23.647825831660068],[57.879036573131884,23.647717671639192],[57.879073331982873,23.647700047777665]]]},"properties":{"OBJECTID":116,"Shape_Length":35.843053531364355,"Shape_Area":55.305671113761399,"Governorate":"Al Batinah South","Wilayat":"Barka","Building_Type":null,"Latitude":23.647761719999998,"Longitude":57.879089380000003,"Building_ID":"BF_116"}},{"type":"Feature","id":117,"geometry":{"type":"Polygon","coordinates":[[[57.879157182259334,23.647910533983637],[57.879137530701193,23.647875694380851],[57.879165680689887,23.647863563784544],[57.879184590695523,23.647899233111097],[57.879157182259334,23.647910533983637]]]},"properties":{"OBJECTID":117,"Shape_Length":14.974815846645438,"Shape_Area":13.610643270847877,"Governorate":"Al Batinah South","Wilayat":"Barka","Building_Type":null,"Latitude":23.647887140000002,"Longitude":57.87916122,"Building_ID":"BF_117"}},{"type":"Feature","id":118,"geometry":{"type":"Polygon","coordinates":[[[57.878911534392159,23.647936179342182],[57.878867538119216,23.647953414269903],[57.878845731512307,23.647903442028788],[57.878889717715062,23.647884701534348],[57.878911534392159,23.647936179342182]]]},"properties":{"OBJECTID":118,"Shape_Length":21.901166581331019,"Shape_Area":29.630505026253243,"Governorate":"Al Batinah South","Wilayat":"Barka","Building_Type":null,"Latitude":23.647919340000001,"Longitude":57.878878700000001,"Building_ID":"BF_118"}},{"type":"Feature","id":119,"geometry":{"type":"Polygon","coordinates":[[[57.878994602863173,23.647789402179889],[57.878987721556193,23.647772592945515],[57.879040568278249,23.647752866464881],[57.879049459824515,23.647768548850767],[57.878994602863173,23.647789402179889]]]},"properties":{"OBJECTID":119,"Shape_Length":15.816706623759789,"Shape_Area":11.686913606414791,"Governorate":"Al Batinah South","Wilayat":"Barka","Building_Type":null,"Latitude":23.647770940000001,"Longitude":57.879018029999997,"Building_ID":"BF_119"}},{"type":"Feature","id":120,"geometry":{"type":"Polygon","coordinates":[[[57.900094507815211,23.642204376071621],[57.900107664261263,23.642126454268681],[57.900210695955657,23.642144121505719],[57.900195635532981,23.642219879475729],[57.900094507815211,23.642204376071621]]]},"properties":{"OBJECTID":120,"Shape_Length":38.405527235559852,"Shape_Area":91.227095368889024,"Governorate":"Al Batinah South","Wilayat":"Barka","Building_Type":"Room","Latitude":23.642173540000002,"Longitude":57.900151950000001,"Building_ID":"BF_120"}},{"type":"Feature","id":121,"geometry":{"type":"Polygon","coordinates":[[[57.900658581153955,23.641991717936442],[57.900659024175503,23.641986972689025],[57.900642471227322,23.641986850252696],[57.900643138560604,23.64196875177792],[57.900638151995693,23.641969145629307],[57.900639908629607,23.641948049447844],[57.900685948868961,23.641951721785031],[57.900682717821098,23.641988878103199],[57.900665525584579,23.641988029601183],[57.900665697395411,23.641992219425877],[57.900671021575924,23.641992594037653],[57.900671692298403,23.642009517813698],[57.900653082097165,23.642009771314438],[57.900653434253023,23.641991747828961],[57.900658581153955,23.641991717936442]]]},"properties":{"OBJECTID":121,"Shape_Length":24.974275387163125,"Shape_Area":22.550695120181192,"Governorate":"Al Batinah South","Wilayat":"Barka","Building_Type":" Pool","Latitude":23.641973719999999,"Longitude":57.900662390000001,"Building_ID":"BF_121"}},{"type":"Feature","id":122,"geometry":{"type":"Polygon","coordinates":[[[57.901301006194778,23.640879120977349],[57.901252851118898,23.640876665062237],[57.901253090749499,23.64085739672359],[57.901246655709272,23.640857434120736],[57.90124857766876,23.640830859999674],[57.901305153352716,23.640834180107237],[57.901301006194778,23.640879120977349]]]},"properties":{"OBJECTID":122,"Shape_Length":21.43453631161433,"Shape_Area":27.269728248414193,"Governorate":"Al Batinah South","Wilayat":"Barka","Building_Type":"Pool","Latitude":23.64085438,"Longitude":57.901276379999999,"Building_ID":"BF_122"}},{"type":"Feature","id":123,"geometry":{"type":"Polygon","coordinates":[[[57.900973083801844,23.640772038867791],[57.900972492087618,23.640794159734863],[57.900925083268731,23.640792154591555],[57.900925919703049,23.640769690895223],[57.900973083801844,23.640772038867791]]]},"properties":{"OBJECTID":123,"Shape_Length":14.597366858303285,"Shape_Area":11.922500849036407,"Governorate":"Al Batinah South","Wilayat":"Barka","Building_Type":null,"Latitude":23.64078202,"Longitude":57.900949079999997,"Building_ID":"BF_123"}},{"type":"Feature","id":124,"geometry":{"type":"Polygon","coordinates":[[[57.900840356896097,23.640779992116165],[57.900839978568328,23.64076095587431],[57.900864232498193,23.64076081498559],[57.900864736495301,23.640780306610569],[57.900840356896097,23.640779992116165]]]},"properties":{"OBJECTID":124,"Shape_Length":9.2277955593956076,"Shape_Area":5.2899486470576491,"Governorate":"Al Batinah South","Wilayat":"Barka","Building_Type":null,"Latitude":23.640770530000001,"Longitude":57.900852370000003,"Building_ID":"BF_124"}},{"type":"Feature","id":125,"geometry":{"type":"Polygon","coordinates":[[[57.900733363222294,23.640750972545554],[57.900780166882718,23.640754804812953],[57.900776004730652,23.640797580803362],[57.900729698475857,23.640794087956902],[57.900733363222294,23.640750972545554]]]},"properties":{"OBJECTID":125,"Shape_Length":19.075552190838863,"Shape_Area":22.741764084629722,"Governorate":"Al Batinah South","Wilayat":"Barka","Building_Type":null,"Latitude":23.640774319999998,"Longitude":57.900754790000001,"Building_ID":"BF_125"}},{"type":"Feature","id":126,"geometry":{"type":"Polygon","coordinates":[[[57.900693518010456,23.640787343494353],[57.900602033429792,23.640782288540287],[57.900604504697839,23.640745564744876],[57.900696495251985,23.640752212704456],[57.900693518010456,23.640787343494353]]]},"properties":{"OBJECTID":126,"Shape_Length":26.735839760158335,"Shape_Area":37.402732263712579,"Governorate":"Al Batinah South","Wilayat":"Barka","Building_Type":null,"Latitude":23.640766809999999,"Longitude":57.90064881,"Building_ID":"BF_126"}},{"type":"Feature","id":127,"geometry":{"type":"Polygon","coordinates":[[[57.900626676970703,23.640794956339096],[57.900619731550037,23.640910247924701],[57.900587427981776,23.640908297660367],[57.900599019541758,23.640793870547277],[57.900626676970703,23.640794956339096]]]},"properties":{"OBJECTID":127,"Shape_Length":31.63498852882843,"Shape_Area":39.04918108306326,"Governorate":"Al Batinah South","Wilayat":"Barka","Building_Type":null,"Latitude":23.64085334,"Longitude":57.90060811,"Building_ID":"BF_127"}},{"type":"Feature","id":128,"geometry":{"type":"Polygon","coordinates":[[[57.90076366327385,23.640921168868601],[57.900689070078442,23.640915869538638],[57.900689101094095,23.640919399043128],[57.900681345512901,23.640919444086425],[57.900681470296455,23.640915329310143],[57.900640822066556,23.640912441232594],[57.900643898327779,23.640881606365703],[57.900765785066284,23.640892120643738],[57.90076366327385,23.640921168868601]]]},"properties":{"OBJECTID":128,"Shape_Length":32.566426237490255,"Shape_Area":41.991571210657263,"Governorate":"Al Batinah South","Wilayat":"Barka","Building_Type":null,"Latitude":23.640901929999998,"Longitude":57.900702770000002,"Building_ID":"BF_128"}},{"type":"Feature","id":129,"geometry":{"type":"Polygon","coordinates":[[[57.900859614434268,23.640927914751398],[57.900805001596908,23.640924041163785],[57.900804876530408,23.640927970786809],[57.900797025650618,23.640927986584035],[57.900796779954426,23.640923458490196],[57.900785329286549,23.640922646193484],[57.900786680016523,23.640893959209027],[57.900865221576595,23.640899736829226],[57.900859614434268,23.640927914751398]]]},"properties":{"OBJECTID":129,"Shape_Length":22.884579059700521,"Shape_Area":25.137422359008504,"Governorate":"Al Batinah South","Wilayat":"Barka","Building_Type":null,"Latitude":23.640911160000002,"Longitude":57.90082383,"Building_ID":"BF_129"}},{"type":"Feature","id":130,"geometry":{"type":"Polygon","coordinates":[[[57.894232104231335,23.645363081052391],[57.894158759698932,23.645382742075846],[57.894149638066246,23.645349306003506],[57.894223762159811,23.645330531039455],[57.894232104231335,23.645363081052391]]]},"properties":{"OBJECTID":130,"Shape_Length":23.152610017111673,"Shape_Area":29.368483499801528,"Governorate":"Al Batinah South","Wilayat":"Barka","Building_Type":null,"Latitude":23.645356450000001,"Longitude":57.894190870000003,"Building_ID":"BF_130"}},{"type":"Feature","id":131,"geometry":{"type":"Polygon","coordinates":[[[57.894659772332396,23.643780624841728],[57.894600048244683,23.643794885843661],[57.894569082081667,23.643684011201827],[57.894632754323901,23.643672789266823],[57.894659772332396,23.643780624841728]]]},"properties":{"OBJECTID":131,"Shape_Length":37.834844847156702,"Shape_Area":80.36859628329853,"Governorate":"Al Batinah South","Wilayat":"Barka","Building_Type":null,"Latitude":23.643732669999999,"Longitude":57.894615129999998,"Building_ID":"BF_131"}},{"type":"Feature","id":132,"geometry":{"type":"Polygon","coordinates":[[[57.894192661275433,23.643172296594866],[57.894175478406993,23.643119312169294],[57.894223130737046,23.643103362427791],[57.894238389025041,23.643157782285503],[57.894192661275433,23.643172296594866]]]},"properties":{"OBJECTID":132,"Shape_Length":22.450516442293402,"Shape_Area":31.107027742322817,"Governorate":"Al Batinah South","Wilayat":"Barka","Building_Type":null,"Latitude":23.643137970000002,"Longitude":57.89420741,"Building_ID":"BF_132"}},{"type":"Feature","id":133,"geometry":{"type":"Polygon","coordinates":[[[57.894072780614088,23.643087307090681],[57.894068841417585,23.643076641386912],[57.894010177187013,23.643093901880562],[57.893996606615516,23.643060313504225],[57.894075943885113,23.643040618031094],[57.894093434307848,23.643082021729867],[57.894072780614088,23.643087307090681]]]},"properties":{"OBJECTID":133,"Shape_Length":26.983741383937275,"Shape_Area":34.377418780609538,"Governorate":"Al Batinah South","Wilayat":"Barka","Building_Type":null,"Latitude":23.64306762,"Longitude":57.894045329999997,"Building_ID":"BF_133"}},{"type":"Feature","id":134,"geometry":{"type":"Polygon","coordinates":[[[57.893968233463291,23.643117456971979],[57.893845822793466,23.643154623714825],[57.893827047834755,23.643103798029472],[57.893928370375107,23.643075659281035],[57.89392342749062,23.643059544058179],[57.893948162697981,23.643053835072514],[57.893968233463291,23.643117456971979]]]},"properties":{"OBJECTID":134,"Shape_Length":41.675995381338595,"Shape_Area":81.314321511850522,"Governorate":"Al Batinah South","Wilayat":"Barka","Building_Type":null,"Latitude":23.643108590000001,"Longitude":57.893900170000002,"Building_ID":"BF_134"}},{"type":"Feature","id":135,"geometry":{"type":"Polygon","coordinates":[[[57.89373435694457,23.642979361620405],[57.893712561533029,23.642928553326442],[57.894003245312646,23.642845605523899],[57.894021122000588,23.642897550007643],[57.89373435694457,23.642979361620405]]]},"properties":{"OBJECTID":135,"Shape_Length":73.742463995998591,"Shape_Area":185.97772848334017,"Governorate":"Al Batinah South","Wilayat":"Barka","Building_Type":null,"Latitude":23.642912710000001,"Longitude":57.893867810000003,"Building_ID":"BF_135"}},{"type":"Feature","id":136,"geometry":{"type":"Polygon","coordinates":[[[57.893641047308734,23.643007498321499],[57.893594850261067,23.643022351148367],[57.893577989685106,23.642969145315448],[57.893557345508164,23.642974533517208],[57.893575540398082,23.643029758434601],[57.893443782733236,23.643065377356148],[57.893454827469917,23.64310443021952],[57.893396421464324,23.643121183205761],[57.893362993367084,23.643025713825423],[57.893393295153381,23.643017229853434],[57.893377101327566,23.642965033540836],[57.893446708350425,23.642945378187726],[57.893442413852334,23.642928580912066],[57.893472062700717,23.642921114072642],[57.893475919762608,23.642938318499443],[57.893655756171711,23.642887627241315],[57.893700926168194,23.643026748067278],[57.893652289009204,23.643040031672214],[57.893641047308734,23.643007498321499]]]},"properties":{"OBJECTID":136,"Shape_Length":123.39976861799225,"Shape_Area":433.65715910503712,"Governorate":"Al Batinah South","Wilayat":"Barka","Building_Type":null,"Latitude":23.642992110000002,"Longitude":57.893522419999996,"Building_ID":"BF_136"}},{"type":"Feature","id":137,"geometry":{"type":"Polygon","coordinates":[[[57.893402686107898,23.64328565335417],[57.893379236122513,23.643232865709205],[57.893468624715311,23.64320926231208],[57.893488960017862,23.643259603068614],[57.893402686107898,23.64328565335417]]]},"properties":{"OBJECTID":137,"Shape_Length":31.007661451904568,"Shape_Area":57.285731766195468,"Governorate":"Al Batinah South","Wilayat":"Barka","Building_Type":null,"Latitude":23.643246869999999,"Longitude":57.893434419999998,"Building_ID":"BF_137"}},{"type":"Feature","id":138,"geometry":{"type":"Polygon","coordinates":[[[57.893507105147847,23.643157026462429],[57.89351789590831,23.643191013856381],[57.893501648854922,23.643195971180138],[57.893506643067518,23.643218642418304],[57.893482720531928,23.643227089657149],[57.893474657983667,23.643206058236515],[57.893461093951657,23.643211251185477],[57.893446937003468,23.643173587305597],[57.893487999730532,23.643162203473505],[57.893484161918984,23.643147835874149],[57.893502599290272,23.643141447011562],[57.893507105147847,23.643157026462429]]]},"properties":{"OBJECTID":138,"Shape_Length":29.028465492924123,"Shape_Area":36.409116404593938,"Governorate":"Al Batinah South","Wilayat":"Barka","Building_Type":null,"Latitude":23.643185639999999,"Longitude":57.893485470000002,"Building_ID":"BF_138"}},{"type":"Feature","id":139,"geometry":{"type":"Polygon","coordinates":[[[57.89404053000186,23.642992054168218],[57.894059350978132,23.643044737434661],[57.894000714469016,23.643059293597272],[57.893981854111146,23.64300759322705],[57.89404053000186,23.642992054168218]]]},"properties":{"OBJECTID":139,"Shape_Length":24.601378136411775,"Shape_Area":37.775320187353152,"Governorate":"Al Batinah South","Wilayat":"Barka","Building_Type":null,"Latitude":23.643025869999999,"Longitude":57.894020689999998,"Building_ID":"BF_139"}},{"type":"Feature","id":140,"geometry":{"type":"Polygon","coordinates":[[[57.894326976920951,23.643197590949097],[57.894261192538835,23.643230376984576],[57.894225480229906,23.643175714706839],[57.894290177894518,23.643144600446288],[57.894326976920951,23.643197590949097]]]},"properties":{"OBJECTID":140,"Shape_Length":29.102164688889637,"Shape_Area":52.741169875037798,"Governorate":"Al Batinah South","Wilayat":"Barka","Building_Type":null,"Latitude":23.643187229999999,"Longitude":57.894275950000001,"Building_ID":"BF_140"}},{"type":"Feature","id":141,"geometry":{"type":"Polygon","coordinates":[[[57.887046525304235,23.645957574664102],[57.887083892636227,23.645952497175411],[57.887092976843746,23.64599460098999],[57.886795192104657,23.646042513702422],[57.886780882905875,23.645975916162339],[57.88704330653443,23.645936920719908],[57.887046525304235,23.645957574664102]]]},"properties":{"OBJECTID":141,"Shape_Length":76.378262644523588,"Shape_Area":216.66044902328227,"Governorate":"Al Batinah South","Wilayat":"Barka","Building_Type":null,"Latitude":23.645988060000001,"Longitude":57.886930530000001,"Building_ID":"BF_141"}},{"type":"Feature","id":142,"geometry":{"type":"Polygon","coordinates":[[[57.887003702779403,23.645768759864211],[57.88673968434334,23.645809797448116],[57.886730790437412,23.645773654520131],[57.886996557102144,23.645732644886465],[57.887003702779403,23.645768759864211]]]},"properties":{"OBJECTID":142,"Shape_Length":62.963031253977235,"Shape_Area":111.79471603797988,"Governorate":"Al Batinah South","Wilayat":"Barka","Building_Type":null,"Latitude":23.64577122,"Longitude":57.886867500000001,"Building_ID":"BF_142"}},{"type":"Feature","id":143,"geometry":{"type":"Polygon","coordinates":[[[57.885986682307262,23.643763254784282],[57.88593874922794,23.643770754220775],[57.885923595213875,23.643678608148846],[57.885974079787367,23.643673219361887],[57.885986682307262,23.643763254784282]]]},"properties":{"OBJECTID":143,"Shape_Length":30.513093702404724,"Shape_Area":51.63219149014612,"Governorate":"Al Batinah South","Wilayat":"Barka","Building_Type":null,"Latitude":23.64372114,"Longitude":57.885955619999997,"Building_ID":"BF_143"}},{"type":"Feature","id":144,"geometry":{"type":"Polygon","coordinates":[[[57.885963977648515,23.643638423618846],[57.885912345541989,23.643644763702031],[57.885897168812235,23.6435224392397],[57.885936476792125,23.643513147476909],[57.885963977648515,23.643638423618846]]]},"properties":{"OBJECTID":144,"Shape_Length":37.235615800047668,"Shape_Area":65.456310177605815,"Governorate":"Al Batinah South","Wilayat":"Barka","Building_Type":null,"Latitude":23.64358227,"Longitude":57.88592809,"Building_ID":"BF_144"}},{"type":"Feature","id":145,"geometry":{"type":"Polygon","coordinates":[[[57.88385907434202,23.644699709376358],[57.883839607714421,23.644654119468871],[57.883937531784959,23.644618258922005],[57.883955694800477,23.644665064725753],[57.88385907434202,23.644699709376358]]]},"properties":{"OBJECTID":145,"Shape_Length":32.251418051145976,"Shape_Area":58.239926666207822,"Governorate":"Al Batinah South","Wilayat":"Barka","Building_Type":"Pool","Latitude":23.644659180000001,"Longitude":57.883898070000001,"Building_ID":"BF_145"}},{"type":"Feature","id":146,"geometry":{"type":"Polygon","coordinates":[[[57.884001431194505,23.644591886187598],[57.884022298884467,23.644645793756442],[57.883981800643568,23.644661137830237],[57.883971514770877,23.644656284882405],[57.883955353257697,23.644631441551041],[57.883951923160012,23.644609170202294],[57.884001431194505,23.644591886187598]]]},"properties":{"OBJECTID":146,"Shape_Length":23.079593945779056,"Shape_Area":35.330124988513653,"Governorate":"Al Batinah South","Wilayat":"Barka","Building_Type":null,"Latitude":23.644627459999999,"Longitude":57.883986319999998,"Building_ID":"BF_146"}},{"type":"Feature","id":147,"geometry":{"type":"Polygon","coordinates":[[[57.88395587184705,23.644586478350238],[57.883763023304887,23.644655059054013],[57.883799823231094,23.644739248559116],[57.883758495176664,23.644753085353518],[57.883702658654599,23.644621925182555],[57.883937291022008,23.644539210684233],[57.88395587184705,23.644586478350238]]]},"properties":{"OBJECTID":147,"Shape_Length":82.408584991060224,"Shape_Area":187.54210904475661,"Governorate":"Al Batinah South","Wilayat":"Barka","Building_Type":null,"Latitude":23.644627979999999,"Longitude":57.883813240000002,"Building_ID":"BF_147"}},{"type":"Feature","id":148,"geometry":{"type":"Polygon","coordinates":[[[57.88396668944069,23.645219131460792],[57.883925979340617,23.645232738076963],[57.883923687112734,23.645226755722526],[57.883896456483839,23.645234751602374],[57.883892648924608,23.645226932654001],[57.883868920657136,23.645234677345929],[57.883849553332688,23.645183595441104],[57.883853768940106,23.645177575990335],[57.883845911577545,23.645163092854421],[57.883837918822977,23.645165674590277],[57.883823373984491,23.645124480489613],[57.88385360696337,23.645116237194127],[57.883845148939486,23.645086768927836],[57.883908838382901,23.645065883442445],[57.883910389565344,23.645069992275047],[57.883998055430112,23.645044159648691],[57.884004931954863,23.645061645176199],[57.884044146238224,23.645048970135875],[57.884047117212276,23.645058789915499],[57.884086607850918,23.645046097031404],[57.884082345270691,23.645037242005483],[57.884122165050968,23.645025967964727],[57.884035340515922,23.64478152681448],[57.884160752776985,23.644743329994412],[57.884230162937683,23.644942064744065],[57.884132473407334,23.644969370865798],[57.884175350027405,23.645092035229595],[57.884006221995797,23.645141885968023],[57.884022529698889,23.645184684915755],[57.883982569731835,23.645197720965314],[57.883979243830474,23.645190234359305],[57.883961010257899,23.645195406144055],[57.88396668944069,23.645219131460792]]]},"properties":{"OBJECTID":148,"Shape_Length":188.89342929838776,"Shape_Area":748.47368169400033,"Governorate":"Al Batinah South","Wilayat":"Barka","Building_Type":null,"Latitude":23.64501134,"Longitude":57.884045530000002,"Building_ID":"BF_148"}},{"type":"Feature","id":149,"geometry":{"type":"Polygon","coordinates":[[[57.883771754728919,23.64507911629002],[57.883724369526085,23.64495601687014],[57.883804557769807,23.644931808468055],[57.883824963185354,23.644988419255668],[57.883810966697446,23.644991496743973],[57.883834695730286,23.645058465415879],[57.883771754728919,23.64507911629002]]]},"properties":{"OBJECTID":149,"Shape_Length":45.755081164441378,"Shape_Area":109.99933488996405,"Governorate":"Al Batinah South","Wilayat":"Barka","Building_Type":null,"Latitude":23.645002989999998,"Longitude":57.88378264,"Building_ID":"BF_149"}},{"type":"Feature","id":150,"geometry":{"type":"Polygon","coordinates":[[[57.884041794010031,23.644775739366565],[57.884024273041774,23.644729358932878],[57.884139802841723,23.644693389756711],[57.884156131687327,23.644744737331891],[57.884041794010031,23.644775739366565]]]},"properties":{"OBJECTID":150,"Shape_Length":35.957054357668213,"Shape_Area":69.824791355001508,"Governorate":"Al Batinah South","Wilayat":"Barka","Building_Type":null,"Latitude":23.644735470000001,"Longitude":57.884091290000001,"Building_ID":"BF_150"}},{"type":"Feature","id":151,"geometry":{"type":"Polygon","coordinates":[[[57.884244351272343,23.645592895259519],[57.884191438188026,23.645608914428809],[57.88416683556288,23.645541109024837],[57.88422580602753,23.645528199350309],[57.884244351272343,23.645592895259519]]]},"properties":{"OBJECTID":151,"Shape_Length":27.18774363101398,"Shape_Area":45.378749374726084,"Governorate":"Al Batinah South","Wilayat":"Barka","Building_Type":null,"Latitude":23.645567400000001,"Longitude":57.884206650000003,"Building_ID":"BF_151"}},{"type":"Feature","id":152,"geometry":{"type":"Polygon","coordinates":[[[57.883858509993416,23.645514576005819],[57.883744277984789,23.645310906792261],[57.883787174292742,23.64528865861838],[57.883904039960797,23.645493522167396],[57.883858509993416,23.645514576005819]]]},"properties":{"OBJECTID":152,"Shape_Length":61.223639998132896,"Shape_Area":130.24477073642973,"Governorate":"Al Batinah South","Wilayat":"Barka","Building_Type":null,"Latitude":23.645402489999999,"Longitude":57.883823870000001,"Building_ID":"BF_152"}},{"type":"Feature","id":153,"geometry":{"type":"Polygon","coordinates":[[[57.887498580747433,23.639071353037959],[57.887783689733531,23.639024005930967],[57.887804357158558,23.639108895622428],[57.887509789651304,23.639152518825181],[57.887498580747433,23.639071353037959]]]},"properties":{"OBJECTID":153,"Shape_Length":78.674814564635597,"Shape_Area":279.96770274107934,"Governorate":"Al Batinah South","Wilayat":"Barka","Building_Type":null,"Latitude":23.639089169999998,"Longitude":57.887650610000001,"Building_ID":"BF_153"}},{"type":"Feature","id":154,"geometry":{"type":"Polygon","coordinates":[[[57.887375942556162,23.639129481859595],[57.887369014369277,23.639075117424358],[57.887445666699179,23.63906976724299],[57.887447676140319,23.639124538259534],[57.887375942556162,23.639129481859595]]]},"properties":{"OBJECTID":154,"Shape_Length":27.306942485235457,"Shape_Area":45.983052432254333,"Governorate":"Al Batinah South","Wilayat":"Barka","Building_Type":null,"Latitude":23.639099420000001,"Longitude":57.887409560000002,"Building_ID":"BF_154"}},{"type":"Feature","id":155,"geometry":{"type":"Polygon","coordinates":[[[57.88737363341972,23.639170006170044],[57.887370023903074,23.63913572249449],[57.887432332679722,23.639131447000644],[57.887432913063073,23.639167655559479],[57.88737363341972,23.639170006170044]]]},"properties":{"OBJECTID":155,"Shape_Length":20.248733332938397,"Shape_Area":24.278213826683793,"Governorate":"Al Batinah South","Wilayat":"Barka","Building_Type":null,"Latitude":23.639151040000002,"Longitude":57.887402469999998,"Building_ID":"BF_155"}},{"type":"Feature","id":156,"geometry":{"type":"Polygon","coordinates":[[[57.887362091785555,23.639143162353566],[57.887039144739255,23.639201310585346],[57.887022497767283,23.63913830483315],[57.887355558105313,23.639086528635811],[57.887362091785555,23.639143162353566]]]},"properties":{"OBJECTID":156,"Shape_Length":81.503718903527385,"Shape_Area":228.79047979921518,"Governorate":"Al Batinah South","Wilayat":"Barka","Building_Type":null,"Latitude":23.639142790000001,"Longitude":57.887191229999999,"Building_ID":"BF_156"}},{"type":"Feature","id":157,"geometry":{"type":"Polygon","coordinates":[[[57.886505927263109,23.639302041104255],[57.886521101131606,23.639402406153238],[57.886130376184511,23.63945372429172],[57.886114110835159,23.639352687133208],[57.886505927263109,23.639302041104255]]]},"properties":{"OBJECTID":157,"Shape_Length":103.14472891521241,"Shape_Area":454.04010171955991,"Governorate":"Al Batinah South","Wilayat":"Barka","Building_Type":null,"Latitude":23.63937773,"Longitude":57.88631762,"Building_ID":"BF_157"}},{"type":"Feature","id":158,"geometry":{"type":"Polygon","coordinates":[[[57.885872637816504,23.639450795441547],[57.885862978227365,23.639388176853945],[57.885971409839328,23.639376105818364],[57.885980890386364,23.639437023797235],[57.885872637816504,23.639450795441547]]]},"properties":{"OBJECTID":158,"Shape_Length":36.104216504626905,"Shape_Area":76.975428147622168,"Governorate":"Al Batinah South","Wilayat":"Barka","Building_Type":null,"Latitude":23.639413059999999,"Longitude":57.88592173,"Building_ID":"BF_158"}},{"type":"Feature","id":159,"geometry":{"type":"Polygon","coordinates":[[[57.886528314056214,23.640005653652608],[57.88653456711625,23.640076707648991],[57.88650623197919,23.640078320157045],[57.886500495283315,23.640006054729767],[57.886528314056214,23.640005653652608]]]},"properties":{"OBJECTID":159,"Shape_Length":21.649182882938597,"Shape_Area":22.790907813553552,"Governorate":"Al Batinah South","Wilayat":"Barka","Building_Type":null,"Latitude":23.64004182,"Longitude":57.88651737,"Building_ID":"BF_159"}},{"type":"Feature","id":160,"geometry":{"type":"Polygon","coordinates":[[[57.885923315437246,23.633662987289902],[57.885824786892329,23.633684802234406],[57.885785278960689,23.633526818271736],[57.885890202744655,23.633503196563051],[57.885923315437246,23.633662987289902]]]},"properties":{"OBJECTID":160,"Shape_Length":57.316452031496418,"Shape_Area":191.86530091842087,"Governorate":"Al Batinah South","Wilayat":"Barka","Building_Type":null,"Latitude":23.633593600000001,"Longitude":57.885855720000002,"Building_ID":"BF_160"}},{"type":"Feature","id":161,"geometry":{"type":"Polygon","coordinates":[[[57.884277874382931,23.633104792878111],[57.884269201479398,23.633106420206069],[57.884255114015282,23.633048466409349],[57.884314477310468,23.633036634802426],[57.884326506703793,23.633079499754285],[57.884276805987582,23.633091389183811],[57.884277874382931,23.633104792878111]]]},"properties":{"OBJECTID":161,"Shape_Length":25.302108872896973,"Shape_Area":33.027679370891889,"Governorate":"Al Batinah South","Wilayat":"Barka","Building_Type":"Pool","Latitude":23.633066289999999,"Longitude":57.884289549999998,"Building_ID":"BF_161"}},{"type":"Feature","id":162,"geometry":{"type":"Polygon","coordinates":[[[57.884211350692894,23.633070351988891],[57.88420432124019,23.633043572487725],[57.884249498392457,23.633031933764254],[57.884255802688855,23.633060069484749],[57.884211350692894,23.633070351988891]]]},"properties":{"OBJECTID":162,"Shape_Length":15.691734110213423,"Shape_Area":14.72291067239887,"Governorate":"Al Batinah South","Wilayat":"Barka","Building_Type":null,"Latitude":23.633051389999999,"Longitude":57.884230379999998,"Building_ID":"BF_162"}},{"type":"Feature","id":163,"geometry":{"type":"Polygon","coordinates":[[[57.884259748395138,23.633286745242174],[57.884263950543357,23.633286369040345],[57.884289949581103,23.633372848379636],[57.884243364474564,23.633379804834586],[57.884241885453825,23.633358684748966],[57.884213069680982,23.633365011530056],[57.884196824924018,23.633279532415091],[57.884226413795943,23.633274610219775],[57.884229575406913,23.633290086563779],[57.884259748395138,23.633286745242174]]]},"properties":{"OBJECTID":163,"Shape_Length":38.064141841363934,"Shape_Area":69.714393389704924,"Governorate":"Al Batinah South","Wilayat":"Barka","Building_Type":null,"Latitude":23.633328070000001,"Longitude":57.884241699999997,"Building_ID":"BF_163"}},{"type":"Feature","id":164,"geometry":{"type":"Polygon","coordinates":[[[57.886210810619616,23.635896315136801],[57.886189026885873,23.635809778687648],[57.886332730873946,23.635775737970118],[57.886362259847708,23.63585941035393],[57.886210810619616,23.635896315136801]]]},"properties":{"OBJECTID":164,"Shape_Length":50.692450831367559,"Shape_Area":152.12532301286521,"Governorate":"Al Batinah South","Wilayat":"Barka","Building_Type":null,"Latitude":23.63583573,"Longitude":57.886273690000003,"Building_ID":"BF_164"}},{"type":"Feature","id":165,"geometry":{"type":"Polygon","coordinates":[[[57.88667254844983,23.635735744048393],[57.886595047338645,23.635750888413714],[57.886586447816882,23.63572107063067],[57.886667906192777,23.635703098316675],[57.88667254844983,23.635735744048393]]]},"properties":{"OBJECTID":165,"Shape_Length":23.686968491128127,"Shape_Area":29.273308760895134,"Governorate":"Al Batinah South","Wilayat":"Barka","Building_Type":null,"Latitude":23.635727469999999,"Longitude":57.886630859999997,"Building_ID":"BF_165"}},{"type":"Feature","id":166,"geometry":{"type":"Polygon","coordinates":[[[57.886834739794971,23.635697484024099],[57.886750070652013,23.635719658392318],[57.886737382198184,23.635687245625039],[57.886826147651021,23.635666731403738],[57.886834739794971,23.635697484024099]]]},"properties":{"OBJECTID":166,"Shape_Length":25.644945497703397,"Shape_Area":33.496758816010889,"Governorate":"Al Batinah South","Wilayat":"Barka","Building_Type":null,"Latitude":23.635692819999999,"Longitude":57.886786489999999,"Building_ID":"BF_166"}},{"type":"Feature","id":167,"geometry":{"type":"Polygon","coordinates":[[[57.886743213212384,23.635863921988978],[57.886691379051491,23.635833836557179],[57.886709990333067,23.635805041897346],[57.886762681544262,23.635834724113224],[57.886743213212384,23.635863921988978]]]},"properties":{"OBJECTID":167,"Shape_Length":20.053692508657416,"Shape_Area":23.541358347064286,"Governorate":"Al Batinah South","Wilayat":"Barka","Building_Type":null,"Latitude":23.635834419999998,"Longitude":57.886726930000002,"Building_ID":"BF_167"}},{"type":"Feature","id":168,"geometry":{"type":"Polygon","coordinates":[[[57.886983896159194,23.635336176739674],[57.886974216861944,23.635289572903375],[57.887032503352977,23.635279468795982],[57.887042126859455,23.635327392518928],[57.886983896159194,23.635336176739674]]]},"properties":{"OBJECTID":168,"Shape_Length":22.718616723325383,"Shape_Area":32.127962354630476,"Governorate":"Al Batinah South","Wilayat":"Barka","Building_Type":null,"Latitude":23.63530811,"Longitude":57.887008309999999,"Building_ID":"BF_168"}},{"type":"Feature","id":169,"geometry":{"type":"Polygon","coordinates":[[[57.883423498526959,23.631484257724843],[57.883385693854223,23.631491509830692],[57.883379186674233,23.63146202493634],[57.883416823616194,23.631454467603103],[57.883423498526959,23.631484257724843]]]},"properties":{"OBJECTID":169,"Shape_Length":14.567804403977803,"Shape_Area":13.177795719776402,"Governorate":"Al Batinah South","Wilayat":"Barka","Building_Type":null,"Latitude":23.631473060000001,"Longitude":57.883401339999999,"Building_ID":"BF_169"}},{"type":"Feature","id":170,"geometry":{"type":"Polygon","coordinates":[[[57.882484378197375,23.632110849259391],[57.882476430930609,23.632080611121253],[57.88251207292992,23.632071706940639],[57.88251813915079,23.632102998972702],[57.882484378197375,23.632110849259391]]]},"properties":{"OBJECTID":170,"Shape_Length":14.283146943953934,"Shape_Area":12.720708980387467,"Governorate":"Al Batinah South","Wilayat":"Barka","Building_Type":null,"Latitude":23.632091379999999,"Longitude":57.882497770000001,"Building_ID":"BF_170"}},{"type":"Feature","id":171,"geometry":{"type":"Polygon","coordinates":[[[57.883261397206503,23.631042953037809],[57.883260512376353,23.631037166765815],[57.883246626917106,23.631039918389298],[57.883244133331459,23.631028571250493],[57.883275635716096,23.631020929659034],[57.883278899774588,23.63103884408395],[57.883261397206503,23.631042953037809]]]},"properties":{"OBJECTID":171,"Shape_Length":10.554415846015255,"Shape_Area":5.5862131698454993,"Governorate":"Al Batinah South","Wilayat":"Barka","Building_Type":null,"Latitude":23.6310322,"Longitude":57.88326301,"Building_ID":"BF_171"}},{"type":"Feature","id":172,"geometry":{"type":"Polygon","coordinates":[[[57.881299163563973,23.630984675913659],[57.881288852168957,23.630933646846621],[57.881316895658742,23.630928286007634],[57.881326704367012,23.630979932103759],[57.881299163563973,23.630984675913659]]]},"properties":{"OBJECTID":172,"Shape_Length":17.331833037973318,"Shape_Area":16.688736218555025,"Governorate":"Al Batinah South","Wilayat":"Barka","Building_Type":null,"Latitude":23.63095654,"Longitude":57.881307909999997,"Building_ID":"BF_172"}},{"type":"Feature","id":173,"geometry":{"type":"Polygon","coordinates":[[[57.881509420767408,23.631731022022667],[57.881477873527629,23.631739473685521],[57.881458237447845,23.631686297430509],[57.881491901435318,23.631678319664697],[57.881509420767408,23.631731022022667]]]},"properties":{"OBJECTID":173,"Shape_Length":19.218965867353017,"Shape_Area":21.219048897749563,"Governorate":"Al Batinah South","Wilayat":"Barka","Building_Type":null,"Latitude":23.631708549999999,"Longitude":57.881484229999998,"Building_ID":"BF_173"}},{"type":"Feature","id":174,"geometry":{"type":"Polygon","coordinates":[[[57.889106317869967,23.629101525941202],[57.889101204529965,23.629082350548163],[57.889121504188317,23.629077043531719],[57.889127620036838,23.629096312530308],[57.889106317869967,23.629101525941202]]]},"properties":{"OBJECTID":174,"Shape_Length":8.8099910491431555,"Shape_Area":4.8496083014822196,"Governorate":"Al Batinah South","Wilayat":"Barka","Building_Type":null,"Latitude":23.629089369999999,"Longitude":57.889114210000002,"Building_ID":"BF_174"}},{"type":"Feature","id":175,"geometry":{"type":"Polygon","coordinates":[[[57.88836424021698,23.63372183484017],[57.888317896703235,23.633622473041381],[57.888389581232836,23.63359545430604],[57.888435933138858,23.633696053415168],[57.88836424021698,23.63372183484017]]]},"properties":{"OBJECTID":175,"Shape_Length":39.825524958492359,"Shape_Area":94.770533940163872,"Governorate":"Al Batinah South","Wilayat":"Barka","Building_Type":null,"Latitude":23.633658870000001,"Longitude":57.888376950000001,"Building_ID":"BF_175"}},{"type":"Feature","id":176,"geometry":{"type":"Polygon","coordinates":[[[57.888624784738568,23.633514280666759],[57.88866232708569,23.633503855848463],[57.888689078319423,23.633586312644876],[57.888650169967867,23.633593342047604],[57.888624784738568,23.633514280666759]]]},"properties":{"OBJECTID":176,"Shape_Length":26.70163375181755,"Shape_Area":37.435278604921727,"Governorate":"Al Batinah South","Wilayat":"Barka","Building_Type":null,"Latitude":23.633549460000001,"Longitude":57.888656740000002,"Building_ID":"BF_176"}},{"type":"Feature","id":177,"geometry":{"type":"Polygon","coordinates":[[[57.888036196111749,23.633444038992501],[57.888046376268797,23.633487544641898],[57.888008165381905,23.633494495828582],[57.887999902992718,23.633448405084639],[57.888036196111749,23.633444038992501]]]},"properties":{"OBJECTID":177,"Shape_Length":17.80654362972253,"Shape_Area":19.437428463331553,"Governorate":"Al Batinah South","Wilayat":"Barka","Building_Type":null,"Latitude":23.633468879999999,"Longitude":57.888022560000003,"Building_ID":"BF_177"}},{"type":"Feature","id":178,"geometry":{"type":"Polygon","coordinates":[[[57.887490959994579,23.633346653423356],[57.887487561541747,23.633311949430961],[57.887520972338507,23.633309603243092],[57.887523819024523,23.633344184847026],[57.887490959994579,23.633346653423356]]]},"properties":{"OBJECTID":178,"Shape_Length":14.478924670872633,"Shape_Area":13.049422664072837,"Governorate":"Al Batinah South","Wilayat":"Barka","Building_Type":null,"Latitude":23.633328049999999,"Longitude":57.88750581,"Building_ID":"BF_178"}},{"type":"Feature","id":179,"geometry":{"type":"Polygon","coordinates":[[[57.88814423645568,23.633249007150365],[57.888114988775847,23.633256524829275],[57.888103069366259,23.633222883027059],[57.888133961150807,23.633214215198638],[57.88814423645568,23.633249007150365]]]},"properties":{"OBJECTID":179,"Shape_Length":14.30196817801529,"Shape_Area":12.634903762356464,"Governorate":"Al Batinah South","Wilayat":"Barka","Building_Type":null,"Latitude":23.633235469999999,"Longitude":57.888124050000002,"Building_ID":"BF_179"}},{"type":"Feature","id":180,"geometry":{"type":"Polygon","coordinates":[[[57.888840783978821,23.633224990861624],[57.888907886692898,23.633215633078162],[57.888920408128833,23.633279607960652],[57.888854995076187,23.633290502342323],[57.888840783978821,23.633224990861624]]]},"properties":{"OBJECTID":180,"Shape_Length":28.298133350318459,"Shape_Area":49.978211387375111,"Governorate":"Al Batinah South","Wilayat":"Barka","Building_Type":null,"Latitude":23.633252599999999,"Longitude":57.88888085,"Building_ID":"BF_180"}},{"type":"Feature","id":181,"geometry":{"type":"Polygon","coordinates":[[[57.882255902642278,23.643349698785205],[57.882245536934619,23.643306441313442],[57.882280053881544,23.643295106699007],[57.882293121332559,23.643340514663702],[57.882255902642278,23.643349698785205]]]},"properties":{"OBJECTID":181,"Shape_Length":17.773840597596578,"Shape_Area":19.315335286062666,"Governorate":"Al Batinah South","Wilayat":"Barka","Building_Type":null,"Latitude":23.643323089999999,"Longitude":57.882268889999999,"Building_ID":"BF_181"}},{"type":"Feature","id":182,"geometry":{"type":"Polygon","coordinates":[[[57.89177588719047,23.644440355419714],[57.891770192999076,23.64440853967907],[57.891800755341869,23.644402272759834],[57.891806460153262,23.644435654579539],[57.89177588719047,23.644440355419714]]]},"properties":{"OBJECTID":182,"Shape_Length":13.666932963182804,"Shape_Area":11.606435397336194,"Governorate":"Al Batinah South","Wilayat":"Barka","Building_Type":null,"Latitude":23.644421659999999,"Longitude":57.891788439999999,"Building_ID":"BF_182"}},{"type":"Feature","id":183,"geometry":{"type":"Polygon","coordinates":[[[57.891912894990917,23.644171706663823],[57.891921626106274,23.644234993044364],[57.891844894739151,23.6442442775699],[57.891837702687184,23.644178353129632],[57.891912894990917,23.644171706663823]]]},"properties":{"OBJECTID":183,"Shape_Length":29.997911833012719,"Shape_Area":56.138891144467948,"Governorate":"Al Batinah South","Wilayat":"Barka","Building_Type":null,"Latitude":23.644207489999999,"Longitude":57.891879060000001,"Building_ID":"BF_183"}},{"type":"Feature","id":184,"geometry":{"type":"Polygon","coordinates":[[[57.891819568694032,23.644177750222092],[57.891825270904384,23.644210604590814],[57.891785130413986,23.644216801054558],[57.891779419920326,23.64418272290154],[57.891819568694032,23.644177750222092]]]},"properties":{"OBJECTID":184,"Shape_Length":15.785043901768654,"Shape_Area":15.532419548902187,"Governorate":"Al Batinah South","Wilayat":"Barka","Building_Type":null,"Latitude":23.644196999999998,"Longitude":57.891802230000003,"Building_ID":"BF_184"}},{"type":"Feature","id":185,"geometry":{"type":"Polygon","coordinates":[[[57.891585171399917,23.643971145423386],[57.891578220041168,23.643921189889994],[57.891633120022419,23.643913311764532],[57.891638018041967,23.643963068657246],[57.891585171399917,23.643971145423386]]]},"properties":{"OBJECTID":185,"Shape_Length":22.239332004741634,"Shape_Area":30.866884844234718,"Governorate":"Al Batinah South","Wilayat":"Barka","Building_Type":null,"Latitude":23.643942030000002,"Longitude":57.891608570000002,"Building_ID":"BF_185"}},{"type":"Feature","id":186,"geometry":{"type":"Polygon","coordinates":[[[57.89145301733754,23.644194806722659],[57.891414170611306,23.644199645375171],[57.891405576374616,23.644143937792315],[57.891443018906124,23.644138922059678],[57.89145301733754,23.644194806722659]]]},"properties":{"OBJECTID":186,"Shape_Length":20.358630953848348,"Shape_Area":24.553207942304031,"Governorate":"Al Batinah South","Wilayat":"Barka","Building_Type":null,"Latitude":23.644169489999999,"Longitude":57.891428990000001,"Building_ID":"BF_186"}},{"type":"Feature","id":187,"geometry":{"type":"Polygon","coordinates":[[[57.891672341920078,23.64414386179126],[57.891674514222792,23.644161469746365],[57.891638007734905,23.644164855303273],[57.89163821473754,23.644146931998904],[57.891672341920078,23.64414386179126]]]},"properties":{"OBJECTID":187,"Shape_Length":11.186646276205225,"Shape_Area":7.1215702753332151,"Governorate":"Al Batinah South","Wilayat":"Barka","Building_Type":null,"Latitude":23.64415438,"Longitude":57.891655759999999,"Building_ID":"BF_187"}},{"type":"Feature","id":188,"geometry":{"type":"Polygon","coordinates":[[[57.892232350218144,23.641584925091749],[57.892365878961691,23.641560674589641],[57.892348733762304,23.641500812776822],[57.892389088832019,23.641494434311912],[57.892404116630075,23.641595251983706],[57.892374519609824,23.641600640965358],[57.892371597219949,23.641581146942773],[57.892369404234586,23.641581894763494],[57.892234615876809,23.641607479311151],[57.892232350218144,23.641584925091749]]]},"properties":{"OBJECTID":188,"Shape_Length":58.220648953039515,"Shape_Area":73.998302490985267,"Governorate":"Al Batinah South","Wilayat":"Barka","Building_Type":null,"Latitude":23.641562839999999,"Longitude":57.8923427,"Building_ID":"BF_188"}},{"type":"Feature","id":189,"geometry":{"type":"Polygon","coordinates":[[[57.891178583303258,23.642095886312653],[57.89115056318704,23.64196684784056],[57.89121677407838,23.641955466413101],[57.891244887667312,23.642083966029801],[57.891178583303258,23.642095886312653]]]},"properties":{"OBJECTID":189,"Shape_Length":42.844625322181045,"Shape_Area":100.04875216034918,"Governorate":"Al Batinah South","Wilayat":"Barka","Building_Type":null,"Latitude":23.642025579999999,"Longitude":57.891197689999998,"Building_ID":"BF_189"}},{"type":"Feature","id":190,"geometry":{"type":"Polygon","coordinates":[[[57.890823259818923,23.642108672286582],[57.890806190256903,23.64202991047754],[57.890890275763383,23.642017057263729],[57.89090395067916,23.642094291389718],[57.890823259818923,23.642108672286582]]]},"properties":{"OBJECTID":190,"Shape_Length":34.634197590513288,"Shape_Area":74.937541619780376,"Governorate":"Al Batinah South","Wilayat":"Barka","Building_Type":null,"Latitude":23.642062280000001,"Longitude":57.890855690000002,"Building_ID":"BF_190"}},{"type":"Feature","id":191,"geometry":{"type":"Polygon","coordinates":[[[57.89090395067916,23.642094291389718],[57.890891676128149,23.642096478998194],[57.890873349839985,23.642014558714568],[57.891010651558325,23.641990114275739],[57.891022608568498,23.642044856935122],[57.890954744414515,23.642057651346359],[57.890960256235644,23.642085601598776],[57.89090395067916,23.642094291389718]]]},"properties":{"OBJECTID":191,"Shape_Length":47.016901464628134,"Shape_Area":110.74894519995358,"Governorate":"Al Batinah South","Wilayat":"Barka","Building_Type":"Pool","Latitude":23.64203929,"Longitude":57.890943120000003,"Building_ID":"BF_191"}},{"type":"Feature","id":192,"geometry":{"type":"Polygon","coordinates":[[[57.890164308920355,23.641953723078792],[57.890153974498652,23.641907337337116],[57.890243099971798,23.641889804986771],[57.890252189324769,23.641937352154365],[57.890164308920355,23.641953723078792]]]},"properties":{"OBJECTID":192,"Shape_Length":29.029461774842407,"Shape_Area":48.802820093081181,"Governorate":"Al Batinah South","Wilayat":"Barka","Building_Type":null,"Latitude":23.641921960000001,"Longitude":57.89020352,"Building_ID":"BF_192"}},{"type":"Feature","id":193,"geometry":{"type":"Polygon","coordinates":[[[57.900402854046575,23.635730430443861],[57.9002727169905,23.635732164907225],[57.900273220024701,23.635708669877872],[57.900101524849248,23.635711991165291],[57.900102836106434,23.635670628048274],[57.900397751270859,23.635667068402082],[57.900402854046575,23.635730430443861]]]},"properties":{"OBJECTID":193,"Shape_Length":75.097939419950293,"Shape_Area":169.87847715207477,"Governorate":"Al Batinah South","Wilayat":"Barka","Building_Type":null,"Latitude":23.635695250000001,"Longitude":57.900267499999998,"Building_ID":"BF_193"}},{"type":"Feature","id":194,"geometry":{"type":"Polygon","coordinates":[[[57.877637641623849,23.645286738345657],[57.877592329847559,23.645163212420861],[57.878010165739688,23.645043110665494],[57.878011726042565,23.645046115802071],[57.878048995407006,23.645035443022465],[57.878050202569206,23.645043415940656],[57.878220232134318,23.644996528128662],[57.878244397891947,23.645070154529623],[57.878077257656372,23.645117203034854],[57.87808672067527,23.645150838730149],[57.878052398711731,23.645163313869904],[57.877637641623849,23.645286738345657]]]},"properties":{"OBJECTID":194,"Shape_Length":160.83537752568824,"Shape_Area":839.79082290050792,"Governorate":"Al Batinah South","Wilayat":"Barka","Building_Type":null,"Latitude":23.645140529999999,"Longitude":57.877896049999997,"Building_ID":"BF_194"}},{"type":"Feature","id":195,"geometry":{"type":"Polygon","coordinates":[[[57.877434334587413,23.645078204282765],[57.877330459225206,23.644772474220428],[57.877402471675857,23.644751029472086],[57.877402802612316,23.6447477273137],[57.877449932167401,23.644735448997505],[57.87747252985713,23.644804828536639],[57.877501344789714,23.64479633166582],[57.87749643727129,23.644781996781898],[57.877524470969547,23.644771908376914],[57.877529576354995,23.644786951150621],[57.877587594060429,23.644770487171439],[57.877588766696462,23.644773140453058],[57.877620849623931,23.6447640930811],[57.877672284442951,23.644914874477561],[57.877580068436032,23.64494075188659],[57.877570621133245,23.644909598055285],[57.877550447828959,23.644915032061459],[57.877546887356111,23.644900689556117],[57.877514607499876,23.644909028114323],[57.877560352661298,23.645037583333167],[57.877434334587413,23.645078204282765]]]},"properties":{"OBJECTID":195,"Shape_Length":142.77094792856624,"Shape_Area":719.58727668496238,"Governorate":"Al Batinah South","Wilayat":"Barka","Building_Type":null,"Latitude":23.644887570000002,"Longitude":57.87749024,"Building_ID":"BF_195"}},{"type":"Feature","id":196,"geometry":{"type":"Polygon","coordinates":[[[57.878023945235093,23.644886995257085],[57.877985032083423,23.644766641373778],[57.87787091770921,23.644799171258065],[57.877849120190675,23.644734253566174],[57.877914618840826,23.64471402322879],[57.877909891403235,23.644697736431542],[57.877940045056029,23.644687990906842],[57.877942857454542,23.644705706566707],[57.878032381475059,23.644680198243627],[57.878064760306387,23.644773105706594],[57.878150428441671,23.644746732209168],[57.878185535795893,23.644844766097371],[57.878098333325255,23.644872034341223],[57.878096370961735,23.644866371564294],[57.878023945235093,23.644886995257085]]]},"properties":{"OBJECTID":196,"Shape_Length":106.55437923924376,"Shape_Area":369.68834135519467,"Governorate":"Al Batinah South","Wilayat":"Barka","Building_Type":null,"Latitude":23.644781330000001,"Longitude":57.87802688,"Building_ID":"BF_196"}},{"type":"Feature","id":197,"geometry":{"type":"Polygon","coordinates":[[[57.878251597524375,23.645060217412041],[57.878188780978213,23.644885751098741],[57.878287849070986,23.644859147186665],[57.878348250606926,23.645032241631924],[57.878251597524375,23.645060217412041]]]},"properties":{"OBJECTID":197,"Shape_Length":61.341583204246284,"Shape_Area":211.04279257119947,"Governorate":"Al Batinah South","Wilayat":"Barka","Building_Type":null,"Latitude":23.644959100000001,"Longitude":57.878268939999998,"Building_ID":"BF_197"}},{"type":"Feature","id":198,"geometry":{"type":"Polygon","coordinates":[[[57.878282089738612,23.645051392067337],[57.878339053336539,23.645034903971968],[57.878348849138391,23.645065214900022],[57.878291412330377,23.64507881725266],[57.878282089738612,23.645051392067337]]]},"properties":{"OBJECTID":198,"Shape_Length":18.822679653000872,"Shape_Area":20.272222749586494,"Governorate":"Al Batinah South","Wilayat":"Barka","Building_Type":null,"Latitude":23.645057439999999,"Longitude":57.878315800000003,"Building_ID":"BF_198"}},{"type":"Feature","id":199,"geometry":{"type":"Polygon","coordinates":[[[57.877999236454485,23.644810572880484],[57.877915036517514,23.644834240130923],[57.87790286546371,23.644798668846438],[57.877987627891166,23.644774669654016],[57.877999236454485,23.644810572880484]]]},"properties":{"OBJECTID":199,"Shape_Length":26.301146714851139,"Shape_Area":37.295903320065648,"Governorate":"Al Batinah South","Wilayat":"Barka","Building_Type":null,"Latitude":23.64480451,"Longitude":57.87795122,"Building_ID":"BF_199"}},{"type":"Feature","id":200,"geometry":{"type":"Polygon","coordinates":[[[57.878179043418378,23.644535210989385],[57.878109309628137,23.644555465419153],[57.878096938108548,23.644518653387276],[57.878167053830637,23.644498042746804],[57.878179043418378,23.644535210989385]]]},"properties":{"OBJECTID":200,"Shape_Length":23.524675874509416,"Shape_Area":32.020989077709352,"Governorate":"Al Batinah South","Wilayat":"Barka","Building_Type":null,"Latitude":23.644526809999999,"Longitude":57.878138110000002,"Building_ID":"BF_200"}},{"type":"Feature","id":201,"geometry":{"type":"Polygon","coordinates":[[[57.87810600625324,23.644424647766339],[57.878007832135992,23.644449860988995],[57.877991207576443,23.644392328376536],[57.87809120502785,23.644369874948406],[57.87810600625324,23.644424647766339]]]},"properties":{"OBJECTID":201,"Shape_Length":33.735041146716782,"Shape_Area":67.064275513409143,"Governorate":"Al Batinah South","Wilayat":"Barka","Building_Type":null,"Latitude":23.644409240000002,"Longitude":57.87804861,"Building_ID":"BF_201"}},{"type":"Feature","id":202,"geometry":{"type":"Polygon","coordinates":[[[57.87820907747151,23.644680616535503],[57.878101116130189,23.644712080286002],[57.878060385366666,23.644590567070903],[57.878168333330585,23.64455931567775],[57.87820907747151,23.644680616535503]]]},"properties":{"OBJECTID":202,"Shape_Length":51.230663413072314,"Shape_Area":162.44085267113678,"Governorate":"Al Batinah South","Wilayat":"Barka","Building_Type":null,"Latitude":23.644635659999999,"Longitude":57.878134719999998,"Building_ID":"BF_202"}},{"type":"Feature","id":203,"geometry":{"type":"Polygon","coordinates":[[[57.877643801358275,23.64474233068055],[57.877566361435697,23.644527089782873],[57.87766864435924,23.644496098402445],[57.877744260532843,23.644711440792793],[57.877643801358275,23.64474233068055]]]},"properties":{"OBJECTID":203,"Shape_Length":71.950337853528652,"Shape_Area":273.20828567155576,"Governorate":"Al Batinah South","Wilayat":"Barka","Building_Type":null,"Latitude":23.644618950000002,"Longitude":57.877655650000001,"Building_ID":"BF_203"}},{"type":"Feature","id":204,"geometry":{"type":"Polygon","coordinates":[[[57.877540256704584,23.644528713343785],[57.877263524952347,23.644581781353303],[57.877252966619608,23.644535432056557],[57.877529850291943,23.644482812097525],[57.877540256704584,23.644528713343785]]]},"properties":{"OBJECTID":204,"Shape_Length":68.103138587448996,"Shape_Area":150.44611725974195,"Governorate":"Al Batinah South","Wilayat":"Barka","Building_Type":null,"Latitude":23.644532229999999,"Longitude":57.877396419999997,"Building_ID":"BF_204"}},{"type":"Feature","id":205,"geometry":{"type":"Polygon","coordinates":[[[57.87729329895047,23.645131581063684],[57.87718010710384,23.644793673883743],[57.877228655182449,23.644779454765487],[57.877343125427821,23.645116892237194],[57.87729329895047,23.645131581063684]]]},"properties":{"OBJECTID":205,"Shape_Length":88.828978704788568,"Shape_Area":206.15207791887059,"Governorate":"Al Batinah South","Wilayat":"Barka","Building_Type":null,"Latitude":23.644956149999999,"Longitude":57.87726155,"Building_ID":"BF_205"}},{"type":"Feature","id":206,"geometry":{"type":"Polygon","coordinates":[[[57.882393698583144,23.643527309778772],[57.882356169226412,23.643536665494153],[57.882341974760593,23.643482997886892],[57.882415550068401,23.643467064099177],[57.882408699443161,23.643432194502591],[57.882332106193338,23.643446483575413],[57.882319440769358,23.643396408312988],[57.882662328428928,23.643313280279482],[57.882676515571013,23.643365839674363],[57.882590362178256,23.643389602736388],[57.882606736803922,23.643454617423906],[57.882426257457659,23.643494155088781],[57.882388126160663,23.643503514237036],[57.882393698583144,23.643527309778772]]]},"properties":{"OBJECTID":206,"Shape_Length":119.7450912001153,"Shape_Area":397.82968661816642,"Governorate":"Al Batinah South","Wilayat":"Barka","Building_Type":null,"Latitude":23.643413630000001,"Longitude":57.882491219999999,"Building_ID":"BF_206"}},{"type":"Feature","id":208,"geometry":{"type":"Polygon","coordinates":[[[57.885622057367193,23.637690667331949],[57.885574361828901,23.637476519670052],[57.885745231846222,23.637447135675441],[57.885787805959524,23.63766401760509],[57.885622057367193,23.637690667331949]]]},"properties":{"OBJECTID":208,"Shape_Length":83.50015850391506,"Shape_Area":423.94645646776149,"Governorate":"Al Batinah South","Wilayat":"Barka","Building_Type":null,"Latitude":23.637568980000001,"Longitude":57.885682359999997,"Building_ID":"BF_208"}},{"type":"Feature","id":209,"geometry":{"type":"Polygon","coordinates":[[[57.901602232330269,23.636113219997952],[57.901600804035269,23.636041800927948],[57.901857832614304,23.636042470701767],[57.901855157488392,23.636132095843539],[57.901602232330269,23.636113219997952]]]},"properties":{"OBJECTID":209,"Shape_Length":69.938758090487696,"Shape_Area":231.95105207145934,"Governorate":"Al Batinah South","Wilayat":"Barka","Building_Type":null,"Latitude":23.636082479999999,"Longitude":57.901733849999999,"Building_ID":"BF_209"}},{"type":"Feature","id":210,"geometry":{"type":"Polygon","coordinates":[[[57.892890570603164,23.642888666110064],[57.892882550575678,23.642849029481255],[57.892970404000835,23.642833274952615],[57.892977799705058,23.642873659404771],[57.892890570603164,23.642888666110064]]]},"properties":{"OBJECTID":210,"Shape_Length":27.179195563061182,"Shape_Area":40.895106911867153,"Governorate":"Al Batinah South","Wilayat":"Barka","Building_Type":null,"Latitude":23.642861109999998,"Longitude":57.892930440000001,"Building_ID":"BF_210"}},{"type":"Feature","id":211,"geometry":{"type":"Polygon","coordinates":[[[57.892658740762727,23.642853204605967],[57.892636606109946,23.642729043250306],[57.892837549046362,23.642694573866766],[57.892850664119109,23.642760784794515],[57.892910613202254,23.642749956223007],[57.892921482979425,23.642809923635003],[57.892658740762727,23.642853204605967]]]},"properties":{"OBJECTID":211,"Shape_Length":82.419436777410567,"Shape_Area":334.96763854012778,"Governorate":"Al Batinah South","Wilayat":"Barka","Building_Type":null,"Latitude":23.642775539999999,"Longitude":57.892765930000003,"Building_ID":"BF_211"}},{"type":"Feature","id":212,"geometry":{"type":"Polygon","coordinates":[[[57.892615912448946,23.642592413104691],[57.892603721320015,23.642511640930401],[57.892652788073121,23.64250605583031],[57.892664726799744,23.642586180958446],[57.892615912448946,23.642592413104691]]]},"properties":{"OBJECTID":212,"Shape_Length":28.053359573865109,"Shape_Area":45.269888911883001,"Governorate":"Al Batinah South","Wilayat":"Barka","Building_Type":null,"Latitude":23.64254906,"Longitude":57.89263425,"Building_ID":"BF_212"}},{"type":"Feature","id":213,"geometry":{"type":"Polygon","coordinates":[[[57.893016198659367,23.642647718830919],[57.892979343271001,23.64265351100952],[57.892969086403923,23.642602671380331],[57.893007585665742,23.642595685648381],[57.893016198659367,23.642647718830919]]]},"properties":{"OBJECTID":213,"Shape_Length":19.369053422298212,"Shape_Area":22.567414690913452,"Governorate":"Al Batinah South","Wilayat":"Barka","Building_Type":null,"Latitude":23.642624680000001,"Longitude":57.892993070000003,"Building_ID":"BF_213"}},{"type":"Feature","id":214,"geometry":{"type":"Polygon","coordinates":[[[57.893076872894405,23.642855298613537],[57.893068893267362,23.642820467667182],[57.893109847724347,23.642811776986541],[57.893116701847163,23.642849785532881],[57.893076872894405,23.642855298613537]]]},"properties":{"OBJECTID":214,"Shape_Length":16.602352462340228,"Shape_Area":17.208214056346531,"Governorate":"Al Batinah South","Wilayat":"Barka","Building_Type":null,"Latitude":23.64283416,"Longitude":57.893093319999998,"Building_ID":"BF_214"}},{"type":"Feature","id":215,"geometry":{"type":"Polygon","coordinates":[[[57.893041519356821,23.64286266817038],[57.893038261147893,23.642842394836222],[57.89305604844678,23.642839756226497],[57.893060226577347,23.642860362057547],[57.893041519356821,23.64286266817038]]]},"properties":{"OBJECTID":215,"Shape_Length":8.3529067940440598,"Shape_Area":4.3159063699832005,"Governorate":"Al Batinah South","Wilayat":"Barka","Building_Type":null,"Latitude":23.642851369999999,"Longitude":57.893049060000003,"Building_ID":"BF_215"}},{"type":"Feature","id":216,"geometry":{"type":"Polygon","coordinates":[[[57.893135837493126,23.643514186167202],[57.893124145575968,23.643481754723414],[57.893109246450507,23.643483954012964],[57.893102494493434,23.643461005668723],[57.893176410215325,23.643449218641585],[57.893193980962629,23.643502489972892],[57.893135837493126,23.643514186167202]]]},"properties":{"OBJECTID":216,"Shape_Length":27.841646334391406,"Shape_Area":42.485660839844563,"Governorate":"Al Batinah South","Wilayat":"Barka","Building_Type":"Pool","Latitude":23.64348025,"Longitude":57.893151449999998,"Building_ID":"BF_216"}},{"type":"Feature","id":217,"geometry":{"type":"Polygon","coordinates":[[[57.893117619283991,23.643407546018857],[57.893110192422569,23.643369805410934],[57.893158328261023,23.64336265846131],[57.893165187813857,23.6434014599763],[57.893117619283991,23.643407546018857]]]},"properties":{"OBJECTID":217,"Shape_Length":18.47122658700345,"Shape_Area":21.216043291441611,"Governorate":"Al Batinah South","Wilayat":"Barka","Building_Type":null,"Latitude":23.643385299999998,"Longitude":57.893137920000001,"Building_ID":"BF_217"}},{"type":"Feature","id":218,"geometry":{"type":"Polygon","coordinates":[[[57.893392061224851,23.643287796433071],[57.893429209727536,23.643277644545428],[57.8934384275817,23.643303931329434],[57.893400318908107,23.643314466287023],[57.893392061224851,23.643287796433071]]]},"properties":{"OBJECTID":218,"Shape_Length":14.139910426761585,"Shape_Area":12.272816921039613,"Governorate":"Al Batinah South","Wilayat":"Barka","Building_Type":null,"Latitude":23.643296020000001,"Longitude":57.893415009999998,"Building_ID":"BF_218"}}]}